account_id,user_id,event_name,event_ts_utc,event_month,feature_name,metadata_json
acct_000001,acct_000001_owner,signup,2024-02-01T19:17:00+00:00,2024-02-01,,"{""source"": ""simulation""}"
acct_000001,acct_000001_owner,first_invoice_created,2024-02-08T19:17:00+00:00,2024-02-01,,"{""source"": ""simulation""}"
acct_000002,acct_000002_owner,signup,2024-03-24T09:43:00+00:00,2024-03-01,,"{""source"": ""simulation""}"
acct_000002,acct_000002_owner,first_invoice_created,2024-04-02T09:43:00+00:00,2024-04-01,,"{""source"": ""simulation""}"
acct_000002,acct_000002_owner,first_payment_received,2024-04-02T09:43:00+00:00,2024-04-01,,"{""source"": ""simulation""}"
acct_000003,acct_000003_owner,signup,2024-01-01T09:13:00+00:00,2024-01-01,,"{""source"": ""simulation""}"
acct_000003,acct_000003_owner,first_invoice_created,2024-01-06T09:13:00+00:00,2024-01-01,,"{""source"": ""simulation""}"
acct_000003,acct_000003_owner,first_payment_received,2024-01-06T09:13:00+00:00,2024-01-01,,"{""source"": ""simulation""}"
acct_000004,acct_000004_owner,signup,2024-09-07T19:41:00+00:00,2024-09-01,,"{""source"": ""simulation""}"
acct_000004,acct_000004_owner,first_invoice_created,2024-09-17T19:41:00+00:00,2024-09-01,,"{""source"": ""simulation""}"
acct_000004,acct_000004_owner,first_payment_received,2024-09-22T19:41:00+00:00,2024-09-01,,"{""source"": ""simulation""}"
acct_000004,acct_000004_owner,app_integration_connected,2024-09-30T19:41:00+00:00,2024-09-01,,"{""source"": ""simulation""}"
acct_000004,acct_000004_owner,plan_upgrade,2024-12-02T19:41:00+00:00,2024-12-01,,"{""source"": ""simulation""}"
acct_000005,acct_000005_owner,signup,2024-08-19T12:51:00+00:00,2024-08-01,,"{""source"": ""simulation""}"
acct_000005,acct_000005_owner,first_invoice_created,2024-08-25T12:51:00+00:00,2024-08-01,,"{""source"": ""simulation""}"
acct_000005,acct_000005_owner,first_payment_received,2024-08-31T12:51:00+00:00,2024-08-01,,"{""source"": ""simulation""}"
acct_000006,acct_000006_owner,signup,2024-07-11T12:09:00+00:00,2024-07-01,,"{""source"": ""simulation""}"
acct_000006,acct_000006_owner,first_invoice_created,2024-07-12T12:09:00+00:00,2024-07-01,,"{""source"": ""simulation""}"
acct_000006,acct_000006_owner,first_payment_received,2024-07-20T12:09:00+00:00,2024-07-01,,"{""source"": ""simulation""}"
acct_000007,acct_000007_owner,signup,2024-02-03T14:06:00+00:00,2024-02-01,,"{""source"": ""simulation""}"
acct_000007,acct_000007_owner,first_invoice_created,2024-02-05T14:06:00+00:00,2024-02-01,,"{""source"": ""simulation""}"
acct_000007,acct_000007_owner,first_payment_received,2024-02-13T14:06:00+00:00,2024-02-01,,"{""source"": ""simulation""}"
acct_000007,acct_000007_owner,app_integration_connected,2024-02-24T14:06:00+00:00,2024-02-01,,"{""source"": ""simulation""}"
acct_000007,acct_000007_owner,feature_activated,2024-03-03T14:06:00+00:00,2024-03-01,bank_feed_sync,"{""source"": ""simulation""}"
acct_000008,acct_000008_owner,signup,2024-05-02T19:29:00+00:00,2024-05-01,,"{""source"": ""simulation""}"
acct_000008,acct_000008_owner,first_invoice_created,2024-05-12T19:29:00+00:00,2024-05-01,,"{""source"": ""simulation""}"
acct_000008,acct_000008_owner,first_payment_received,2024-05-19T19:29:00+00:00,2024-05-01,,"{""source"": ""simulation""}"
acct_000009,acct_000009_owner,signup,2024-02-18T12:53:00+00:00,2024-02-01,,"{""source"": ""simulation""}"
acct_000009,acct_000009_owner,first_invoice_created,2024-02-27T12:53:00+00:00,2024-02-01,,"{""source"": ""simulation""}"
acct_000009,acct_000009_owner,first_payment_received,2024-02-29T12:53:00+00:00,2024-02-01,,"{""source"": ""simulation""}"
acct_000009,acct_000009_owner,app_integration_connected,2024-03-03T12:53:00+00:00,2024-03-01,,"{""source"": ""simulation""}"
acct_000010,acct_000010_owner,signup,2024-02-02T18:14:00+00:00,2024-02-01,,"{""source"": ""simulation""}"
acct_000010,acct_000010_owner,first_invoice_created,2024-02-03T18:14:00+00:00,2024-02-01,,"{""source"": ""simulation""}"
acct_000010,acct_000010_owner,first_payment_received,2024-02-08T18:14:00+00:00,2024-02-01,,"{""source"": ""simulation""}"
acct_000011,acct_000011_owner,signup,2024-04-04T14:17:00+00:00,2024-04-01,,"{""source"": ""simulation""}"
acct_000011,acct_000011_owner,first_invoice_created,2024-04-10T14:17:00+00:00,2024-04-01,,"{""source"": ""simulation""}"
acct_000012,acct_000012_owner,signup,2024-03-12T13:13:00+00:00,2024-03-01,,"{""source"": ""simulation""}"
acct_000012,acct_000012_owner,first_invoice_created,2024-03-19T13:13:00+00:00,2024-03-01,,"{""source"": ""simulation""}"
acct_000012,acct_000012_owner,first_payment_received,2024-03-26T13:13:00+00:00,2024-03-01,,"{""source"": ""simulation""}"
acct_000012,acct_000012_owner,app_integration_connected,2024-04-10T13:13:00+00:00,2024-04-01,,"{""source"": ""simulation""}"
acct_000012,acct_000012_owner,feature_activated,2024-04-14T13:13:00+00:00,2024-04-01,bank_feed_sync,"{""source"": ""simulation""}"
acct_000012,acct_000012_owner,plan_upgrade,2024-06-16T13:13:00+00:00,2024-06-01,,"{""source"": ""simulation""}"
acct_000013,acct_000013_owner,signup,2024-03-18T19:15:00+00:00,2024-03-01,,"{""source"": ""simulation""}"
acct_000013,acct_000013_owner,first_invoice_created,2024-03-26T19:15:00+00:00,2024-03-01,,"{""source"": ""simulation""}"
acct_000013,acct_000013_owner,first_payment_received,2024-03-27T19:15:00+00:00,2024-03-01,,"{""source"": ""simulation""}"
acct_000014,acct_000014_owner,signup,2024-07-09T18:44:00+00:00,2024-07-01,,"{""source"": ""simulation""}"
acct_000014,acct_000014_owner,first_invoice_created,2024-07-16T18:44:00+00:00,2024-07-01,,"{""source"": ""simulation""}"
acct_000014,acct_000014_owner,first_payment_received,2024-07-16T18:44:00+00:00,2024-07-01,,"{""source"": ""simulation""}"
acct_000015,acct_000015_owner,signup,2024-01-08T08:51:00+00:00,2024-01-01,,"{""source"": ""simulation""}"
acct_000015,acct_000015_owner,first_invoice_created,2024-01-10T08:51:00+00:00,2024-01-01,,"{""source"": ""simulation""}"
acct_000015,acct_000015_owner,first_payment_received,2024-01-11T08:51:00+00:00,2024-01-01,,"{""source"": ""simulation""}"
acct_000015,acct_000015_owner,app_integration_connected,2024-01-20T08:51:00+00:00,2024-01-01,,"{""source"": ""simulation""}"
acct_000016,acct_000016_owner,signup,2024-05-03T11:58:00+00:00,2024-05-01,,"{""source"": ""simulation""}"
acct_000016,acct_000016_owner,first_invoice_created,2024-05-09T11:58:00+00:00,2024-05-01,,"{""source"": ""simulation""}"
acct_000017,acct_000017_owner,signup,2024-08-13T18:29:00+00:00,2024-08-01,,"{""source"": ""simulation""}"
acct_000017,acct_000017_owner,first_invoice_created,2024-08-22T18:29:00+00:00,2024-08-01,,"{""source"": ""simulation""}"
acct_000017,acct_000017_owner,first_payment_received,2024-08-29T18:29:00+00:00,2024-08-01,,"{""source"": ""simulation""}"
acct_000018,acct_000018_owner,signup,2024-03-08T19:35:00+00:00,2024-03-01,,"{""source"": ""simulation""}"
acct_000018,acct_000018_owner,first_invoice_created,2024-03-16T19:35:00+00:00,2024-03-01,,"{""source"": ""simulation""}"
acct_000019,acct_000019_owner,signup,2024-07-12T11:08:00+00:00,2024-07-01,,"{""source"": ""simulation""}"
acct_000019,acct_000019_owner,first_invoice_created,2024-07-19T11:08:00+00:00,2024-07-01,,"{""source"": ""simulation""}"
acct_000019,acct_000019_owner,first_payment_received,2024-07-23T11:08:00+00:00,2024-07-01,,"{""source"": ""simulation""}"
acct_000019,acct_000019_owner,app_integration_connected,2024-08-03T11:08:00+00:00,2024-08-01,,"{""source"": ""simulation""}"
acct_000020,acct_000020_owner,signup,2024-01-04T10:40:00+00:00,2024-01-01,,"{""source"": ""simulation""}"
acct_000020,acct_000020_owner,first_invoice_created,2024-01-13T10:40:00+00:00,2024-01-01,,"{""source"": ""simulation""}"
acct_000020,acct_000020_owner,first_payment_received,2024-01-21T10:40:00+00:00,2024-01-01,,"{""source"": ""simulation""}"
acct_000021,acct_000021_owner,signup,2024-02-13T14:38:00+00:00,2024-02-01,,"{""source"": ""simulation""}"
acct_000021,acct_000021_owner,first_invoice_created,2024-02-17T14:38:00+00:00,2024-02-01,,"{""source"": ""simulation""}"
acct_000021,acct_000021_owner,first_payment_received,2024-02-18T14:38:00+00:00,2024-02-01,,"{""source"": ""simulation""}"
acct_000021,acct_000021_owner,app_integration_connected,2024-02-27T14:38:00+00:00,2024-02-01,,"{""source"": ""simulation""}"
acct_000022,acct_000022_owner,signup,2024-09-01T18:46:00+00:00,2024-09-01,,"{""source"": ""simulation""}"
acct_000022,acct_000022_owner,first_invoice_created,2024-09-08T18:46:00+00:00,2024-09-01,,"{""source"": ""simulation""}"
acct_000022,acct_000022_owner,first_payment_received,2024-09-16T18:46:00+00:00,2024-09-01,,"{""source"": ""simulation""}"
acct_000022,acct_000022_owner,app_integration_connected,2024-09-20T18:46:00+00:00,2024-09-01,,"{""source"": ""simulation""}"
acct_000022,acct_000022_owner,feature_activated,2024-10-18T18:46:00+00:00,2024-10-01,bank_feed_sync,"{""source"": ""simulation""}"
acct_000023,acct_000023_owner,signup,2024-06-04T12:27:00+00:00,2024-06-01,,"{""source"": ""simulation""}"
acct_000024,acct_000024_owner,signup,2024-01-24T19:16:00+00:00,2024-01-01,,"{""source"": ""simulation""}"
acct_000024,acct_000024_owner,first_invoice_created,2024-01-27T19:16:00+00:00,2024-01-01,,"{""source"": ""simulation""}"
acct_000024,acct_000024_owner,first_payment_received,2024-01-29T19:16:00+00:00,2024-01-01,,"{""source"": ""simulation""}"
acct_000024,acct_000024_owner,app_integration_connected,2024-02-17T19:16:00+00:00,2024-02-01,,"{""source"": ""simulation""}"
acct_000024,acct_000024_owner,feature_activated,2024-02-23T19:16:00+00:00,2024-02-01,bank_feed_sync,"{""source"": ""simulation""}"
acct_000025,acct_000025_owner,signup,2024-05-21T16:38:00+00:00,2024-05-01,,"{""source"": ""simulation""}"
acct_000025,acct_000025_owner,first_invoice_created,2024-05-26T16:38:00+00:00,2024-05-01,,"{""source"": ""simulation""}"
acct_000026,acct_000026_owner,signup,2024-06-25T10:34:00+00:00,2024-06-01,,"{""source"": ""simulation""}"
acct_000027,acct_000027_owner,signup,2024-08-01T09:59:00+00:00,2024-08-01,,"{""source"": ""simulation""}"
acct_000027,acct_000027_owner,first_invoice_created,2024-08-08T09:59:00+00:00,2024-08-01,,"{""source"": ""simulation""}"
acct_000027,acct_000027_owner,first_payment_received,2024-08-09T09:59:00+00:00,2024-08-01,,"{""source"": ""simulation""}"
acct_000027,acct_000027_owner,app_integration_connected,2024-08-12T09:59:00+00:00,2024-08-01,,"{""source"": ""simulation""}"
acct_000027,acct_000027_owner,feature_activated,2024-08-19T09:59:00+00:00,2024-08-01,bank_feed_sync,"{""source"": ""simulation""}"
acct_000028,acct_000028_owner,signup,2024-04-02T11:56:00+00:00,2024-04-01,,"{""source"": ""simulation""}"
acct_000028,acct_000028_owner,first_invoice_created,2024-04-07T11:56:00+00:00,2024-04-01,,"{""source"": ""simulation""}"
acct_000028,acct_000028_owner,first_payment_received,2024-04-14T11:56:00+00:00,2024-04-01,,"{""source"": ""simulation""}"
acct_000029,acct_000029_owner,signup,2024-08-03T20:34:00+00:00,2024-08-01,,"{""source"": ""simulation""}"
acct_000029,acct_000029_owner,first_invoice_created,2024-08-04T20:34:00+00:00,2024-08-01,,"{""source"": ""simulation""}"
acct_000029,acct_000029_owner,first_payment_received,2024-08-07T20:34:00+00:00,2024-08-01,,"{""source"": ""simulation""}"
acct_000030,acct_000030_owner,signup,2024-08-18T10:16:00+00:00,2024-08-01,,"{""source"": ""simulation""}"
acct_000030,acct_000030_owner,first_invoice_created,2024-08-24T10:16:00+00:00,2024-08-01,,"{""source"": ""simulation""}"
acct_000030,acct_000030_owner,first_payment_received,2024-08-24T10:16:00+00:00,2024-08-01,,"{""source"": ""simulation""}"
acct_000030,acct_000030_owner,app_integration_connected,2024-09-04T10:16:00+00:00,2024-09-01,,"{""source"": ""simulation""}"
acct_000030,acct_000030_owner,feature_activated,2024-09-18T10:16:00+00:00,2024-09-01,bank_feed_sync,"{""source"": ""simulation""}"
acct_000031,acct_000031_owner,signup,2024-09-25T19:44:00+00:00,2024-09-01,,"{""source"": ""simulation""}"
acct_000031,acct_000031_owner,first_invoice_created,2024-09-26T19:44:00+00:00,2024-09-01,,"{""source"": ""simulation""}"
acct_000032,acct_000032_owner,signup,2024-07-22T18:23:00+00:00,2024-07-01,,"{""source"": ""simulation""}"
acct_000032,acct_000032_owner,first_invoice_created,2024-07-31T18:23:00+00:00,2024-07-01,,"{""source"": ""simulation""}"
acct_000032,acct_000032_owner,first_payment_received,2024-08-02T18:23:00+00:00,2024-08-01,,"{""source"": ""simulation""}"
acct_000033,acct_000033_owner,signup,2024-02-08T11:04:00+00:00,2024-02-01,,"{""source"": ""simulation""}"
acct_000034,acct_000034_owner,signup,2024-09-08T17:14:00+00:00,2024-09-01,,"{""source"": ""simulation""}"
acct_000034,acct_000034_owner,first_invoice_created,2024-09-12T17:14:00+00:00,2024-09-01,,"{""source"": ""simulation""}"
acct_000034,acct_000034_owner,first_payment_received,2024-09-13T17:14:00+00:00,2024-09-01,,"{""source"": ""simulation""}"
acct_000034,acct_000034_owner,app_integration_connected,2024-09-21T17:14:00+00:00,2024-09-01,,"{""source"": ""simulation""}"
acct_000034,acct_000034_owner,feature_activated,2024-10-07T17:14:00+00:00,2024-10-01,bank_feed_sync,"{""source"": ""simulation""}"
acct_000035,acct_000035_owner,signup,2024-01-08T09:57:00+00:00,2024-01-01,,"{""source"": ""simulation""}"
acct_000035,acct_000035_owner,first_invoice_created,2024-01-12T09:57:00+00:00,2024-01-01,,"{""source"": ""simulation""}"
acct_000035,acct_000035_owner,first_payment_received,2024-01-12T09:57:00+00:00,2024-01-01,,"{""source"": ""simulation""}"
acct_000035,acct_000035_owner,app_integration_connected,2024-01-22T09:57:00+00:00,2024-01-01,,"{""source"": ""simulation""}"
acct_000035,acct_000035_owner,feature_activated,2024-02-17T09:57:00+00:00,2024-02-01,bank_feed_sync,"{""source"": ""simulation""}"
acct_000035,acct_000035_owner,plan_upgrade,2024-04-04T09:57:00+00:00,2024-04-01,,"{""source"": ""simulation""}"
acct_000036,acct_000036_owner,signup,2024-02-17T11:17:00+00:00,2024-02-01,,"{""source"": ""simulation""}"
acct_000036,acct_000036_owner,first_invoice_created,2024-02-20T11:17:00+00:00,2024-02-01,,"{""source"": ""simulation""}"
acct_000036,acct_000036_owner,first_payment_received,2024-02-20T11:17:00+00:00,2024-02-01,,"{""source"": ""simulation""}"
acct_000037,acct_000037_owner,signup,2024-09-05T19:59:00+00:00,2024-09-01,,"{""source"": ""simulation""}"
acct_000037,acct_000037_owner,first_invoice_created,2024-09-10T19:59:00+00:00,2024-09-01,,"{""source"": ""simulation""}"
acct_000037,acct_000037_owner,first_payment_received,2024-09-12T19:59:00+00:00,2024-09-01,,"{""source"": ""simulation""}"
acct_000038,acct_000038_owner,signup,2024-08-14T11:06:00+00:00,2024-08-01,,"{""source"": ""simulation""}"
acct_000038,acct_000038_owner,first_invoice_created,2024-08-17T11:06:00+00:00,2024-08-01,,"{""source"": ""simulation""}"
acct_000039,acct_000039_owner,signup,2024-06-14T14:29:00+00:00,2024-06-01,,"{""source"": ""simulation""}"
acct_000040,acct_000040_owner,signup,2024-01-13T19:21:00+00:00,2024-01-01,,"{""source"": ""simulation""}"
acct_000040,acct_000040_owner,first_invoice_created,2024-01-14T19:21:00+00:00,2024-01-01,,"{""source"": ""simulation""}"
acct_000040,acct_000040_owner,first_payment_received,2024-01-21T19:21:00+00:00,2024-01-01,,"{""source"": ""simulation""}"
acct_000040,acct_000040_owner,app_integration_connected,2024-01-30T19:21:00+00:00,2024-01-01,,"{""source"": ""simulation""}"
acct_000040,acct_000040_owner,feature_activated,2024-02-20T19:21:00+00:00,2024-02-01,bank_feed_sync,"{""source"": ""simulation""}"
acct_000041,acct_000041_owner,signup,2024-04-07T16:28:00+00:00,2024-04-01,,"{""source"": ""simulation""}"
acct_000041,acct_000041_owner,first_invoice_created,2024-04-17T16:28:00+00:00,2024-04-01,,"{""source"": ""simulation""}"
acct_000041,acct_000041_owner,first_payment_received,2024-04-17T16:28:00+00:00,2024-04-01,,"{""source"": ""simulation""}"
acct_000041,acct_000041_owner,app_integration_connected,2024-04-27T16:28:00+00:00,2024-04-01,,"{""source"": ""simulation""}"
acct_000041,acct_000041_owner,feature_activated,2024-05-01T16:28:00+00:00,2024-05-01,bank_feed_sync,"{""source"": ""simulation""}"
acct_000042,acct_000042_owner,signup,2024-03-09T15:15:00+00:00,2024-03-01,,"{""source"": ""simulation""}"
acct_000042,acct_000042_owner,first_invoice_created,2024-03-13T15:15:00+00:00,2024-03-01,,"{""source"": ""simulation""}"
acct_000043,acct_000043_owner,signup,2024-09-04T08:41:00+00:00,2024-09-01,,"{""source"": ""simulation""}"
acct_000043,acct_000043_owner,first_invoice_created,2024-09-05T08:41:00+00:00,2024-09-01,,"{""source"": ""simulation""}"
acct_000044,acct_000044_owner,signup,2024-04-06T14:31:00+00:00,2024-04-01,,"{""source"": ""simulation""}"
acct_000044,acct_000044_owner,first_invoice_created,2024-04-07T14:31:00+00:00,2024-04-01,,"{""source"": ""simulation""}"
acct_000044,acct_000044_owner,first_payment_received,2024-04-09T14:31:00+00:00,2024-04-01,,"{""source"": ""simulation""}"
acct_000044,acct_000044_owner,app_integration_connected,2024-04-20T14:31:00+00:00,2024-04-01,,"{""source"": ""simulation""}"
acct_000044,acct_000044_owner,plan_upgrade,2024-07-09T14:31:00+00:00,2024-07-01,,"{""source"": ""simulation""}"
acct_000045,acct_000045_owner,signup,2024-07-02T10:24:00+00:00,2024-07-01,,"{""source"": ""simulation""}"
acct_000045,acct_000045_owner,first_invoice_created,2024-07-03T10:24:00+00:00,2024-07-01,,"{""source"": ""simulation""}"
acct_000045,acct_000045_owner,first_payment_received,2024-07-07T10:24:00+00:00,2024-07-01,,"{""source"": ""simulation""}"
acct_000046,acct_000046_owner,signup,2024-05-15T12:27:00+00:00,2024-05-01,,"{""source"": ""simulation""}"
acct_000047,acct_000047_owner,signup,2024-04-10T11:03:00+00:00,2024-04-01,,"{""source"": ""simulation""}"
acct_000048,acct_000048_owner,signup,2024-01-02T17:30:00+00:00,2024-01-01,,"{""source"": ""simulation""}"
acct_000048,acct_000048_owner,first_invoice_created,2024-01-03T17:30:00+00:00,2024-01-01,,"{""source"": ""simulation""}"
acct_000049,acct_000049_owner,signup,2024-09-03T10:04:00+00:00,2024-09-01,,"{""source"": ""simulation""}"
acct_000049,acct_000049_owner,first_invoice_created,2024-09-11T10:04:00+00:00,2024-09-01,,"{""source"": ""simulation""}"
acct_000049,acct_000049_owner,first_payment_received,2024-09-19T10:04:00+00:00,2024-09-01,,"{""source"": ""simulation""}"
acct_000049,acct_000049_owner,app_integration_connected,2024-09-28T10:04:00+00:00,2024-09-01,,"{""source"": ""simulation""}"
acct_000049,acct_000049_owner,feature_activated,2024-10-23T10:04:00+00:00,2024-10-01,bank_feed_sync,"{""source"": ""simulation""}"
acct_000049,acct_000049_owner,plan_upgrade,2024-11-15T10:04:00+00:00,2024-11-01,,"{""source"": ""simulation""}"
acct_000050,acct_000050_owner,signup,2024-07-04T17:15:00+00:00,2024-07-01,,"{""source"": ""simulation""}"
acct_000050,acct_000050_owner,first_invoice_created,2024-07-14T17:15:00+00:00,2024-07-01,,"{""source"": ""simulation""}"
acct_000050,acct_000050_owner,first_payment_received,2024-07-17T17:15:00+00:00,2024-07-01,,"{""source"": ""simulation""}"
acct_000050,acct_000050_owner,app_integration_connected,2024-08-03T17:15:00+00:00,2024-08-01,,"{""source"": ""simulation""}"
acct_000050,acct_000050_owner,plan_upgrade,2024-10-24T17:15:00+00:00,2024-10-01,,"{""source"": ""simulation""}"
acct_000051,acct_000051_owner,signup,2024-07-22T17:36:00+00:00,2024-07-01,,"{""source"": ""simulation""}"
acct_000051,acct_000051_owner,first_invoice_created,2024-07-23T17:36:00+00:00,2024-07-01,,"{""source"": ""simulation""}"
acct_000051,acct_000051_owner,first_payment_received,2024-07-28T17:36:00+00:00,2024-07-01,,"{""source"": ""simulation""}"
acct_000051,acct_000051_owner,app_integration_connected,2024-08-07T17:36:00+00:00,2024-08-01,,"{""source"": ""simulation""}"
acct_000051,acct_000051_owner,feature_activated,2024-08-19T17:36:00+00:00,2024-08-01,bank_feed_sync,"{""source"": ""simulation""}"
acct_000052,acct_000052_owner,signup,2024-04-22T19:20:00+00:00,2024-04-01,,"{""source"": ""simulation""}"
acct_000052,acct_000052_owner,first_invoice_created,2024-04-30T19:20:00+00:00,2024-04-01,,"{""source"": ""simulation""}"
acct_000052,acct_000052_owner,first_payment_received,2024-05-02T19:20:00+00:00,2024-05-01,,"{""source"": ""simulation""}"
acct_000052,acct_000052_owner,app_integration_connected,2024-05-19T19:20:00+00:00,2024-05-01,,"{""source"": ""simulation""}"
acct_000052,acct_000052_owner,plan_upgrade,2024-07-10T19:20:00+00:00,2024-07-01,,"{""source"": ""simulation""}"
acct_000053,acct_000053_owner,signup,2024-07-05T18:41:00+00:00,2024-07-01,,"{""source"": ""simulation""}"
acct_000053,acct_000053_owner,first_invoice_created,2024-07-09T18:41:00+00:00,2024-07-01,,"{""source"": ""simulation""}"
acct_000053,acct_000053_owner,first_payment_received,2024-07-11T18:41:00+00:00,2024-07-01,,"{""source"": ""simulation""}"
acct_000053,acct_000053_owner,app_integration_connected,2024-07-29T18:41:00+00:00,2024-07-01,,"{""source"": ""simulation""}"
acct_000053,acct_000053_owner,feature_activated,2024-08-07T18:41:00+00:00,2024-08-01,bank_feed_sync,"{""source"": ""simulation""}"
acct_000054,acct_000054_owner,signup,2024-06-25T09:00:00+00:00,2024-06-01,,"{""source"": ""simulation""}"
acct_000054,acct_000054_owner,first_invoice_created,2024-07-05T09:00:00+00:00,2024-07-01,,"{""source"": ""simulation""}"
acct_000055,acct_000055_owner,signup,2024-02-18T11:32:00+00:00,2024-02-01,,"{""source"": ""simulation""}"
acct_000055,acct_000055_owner,first_invoice_created,2024-02-24T11:32:00+00:00,2024-02-01,,"{""source"": ""simulation""}"
acct_000055,acct_000055_owner,first_payment_received,2024-03-03T11:32:00+00:00,2024-03-01,,"{""source"": ""simulation""}"
acct_000055,acct_000055_owner,app_integration_connected,2024-03-13T11:32:00+00:00,2024-03-01,,"{""source"": ""simulation""}"
acct_000056,acct_000056_owner,signup,2024-06-03T11:23:00+00:00,2024-06-01,,"{""source"": ""simulation""}"
acct_000056,acct_000056_owner,first_invoice_created,2024-06-10T11:23:00+00:00,2024-06-01,,"{""source"": ""simulation""}"
acct_000056,acct_000056_owner,first_payment_received,2024-06-17T11:23:00+00:00,2024-06-01,,"{""source"": ""simulation""}"
acct_000057,acct_000057_owner,signup,2024-08-18T19:19:00+00:00,2024-08-01,,"{""source"": ""simulation""}"
acct_000057,acct_000057_owner,first_invoice_created,2024-08-22T19:19:00+00:00,2024-08-01,,"{""source"": ""simulation""}"
acct_000057,acct_000057_owner,first_payment_received,2024-08-27T19:19:00+00:00,2024-08-01,,"{""source"": ""simulation""}"
acct_000057,acct_000057_owner,app_integration_connected,2024-08-28T19:19:00+00:00,2024-08-01,,"{""source"": ""simulation""}"
acct_000057,acct_000057_owner,feature_activated,2024-09-20T19:19:00+00:00,2024-09-01,bank_feed_sync,"{""source"": ""simulation""}"
acct_000058,acct_000058_owner,signup,2024-02-05T12:07:00+00:00,2024-02-01,,"{""source"": ""simulation""}"
acct_000058,acct_000058_owner,first_invoice_created,2024-02-15T12:07:00+00:00,2024-02-01,,"{""source"": ""simulation""}"
acct_000058,acct_000058_owner,first_payment_received,2024-02-19T12:07:00+00:00,2024-02-01,,"{""source"": ""simulation""}"
acct_000058,acct_000058_owner,app_integration_connected,2024-03-03T12:07:00+00:00,2024-03-01,,"{""source"": ""simulation""}"
acct_000058,acct_000058_owner,feature_activated,2024-03-17T12:07:00+00:00,2024-03-01,bank_feed_sync,"{""source"": ""simulation""}"
acct_000059,acct_000059_owner,signup,2024-05-10T17:13:00+00:00,2024-05-01,,"{""source"": ""simulation""}"
acct_000060,acct_000060_owner,signup,2024-05-17T15:16:00+00:00,2024-05-01,,"{""source"": ""simulation""}"
acct_000060,acct_000060_owner,first_invoice_created,2024-05-19T15:16:00+00:00,2024-05-01,,"{""source"": ""simulation""}"
acct_000060,acct_000060_owner,first_payment_received,2024-05-25T15:16:00+00:00,2024-05-01,,"{""source"": ""simulation""}"
acct_000060,acct_000060_owner,app_integration_connected,2024-05-29T15:16:00+00:00,2024-05-01,,"{""source"": ""simulation""}"
acct_000060,acct_000060_owner,feature_activated,2024-06-12T15:16:00+00:00,2024-06-01,bank_feed_sync,"{""source"": ""simulation""}"
acct_000061,acct_000061_owner,signup,2024-07-09T08:00:00+00:00,2024-07-01,,"{""source"": ""simulation""}"
acct_000062,acct_000062_owner,signup,2024-05-06T19:28:00+00:00,2024-05-01,,"{""source"": ""simulation""}"
acct_000062,acct_000062_owner,first_invoice_created,2024-05-12T19:28:00+00:00,2024-05-01,,"{""source"": ""simulation""}"
acct_000062,acct_000062_owner,first_payment_received,2024-05-13T19:28:00+00:00,2024-05-01,,"{""source"": ""simulation""}"
acct_000063,acct_000063_owner,signup,2024-02-03T19:57:00+00:00,2024-02-01,,"{""source"": ""simulation""}"
acct_000063,acct_000063_owner,first_invoice_created,2024-02-12T19:57:00+00:00,2024-02-01,,"{""source"": ""simulation""}"
acct_000063,acct_000063_owner,first_payment_received,2024-02-16T19:57:00+00:00,2024-02-01,,"{""source"": ""simulation""}"
acct_000064,acct_000064_owner,signup,2024-06-19T16:09:00+00:00,2024-06-01,,"{""source"": ""simulation""}"
acct_000064,acct_000064_owner,first_invoice_created,2024-06-29T16:09:00+00:00,2024-06-01,,"{""source"": ""simulation""}"
acct_000064,acct_000064_owner,first_payment_received,2024-07-04T16:09:00+00:00,2024-07-01,,"{""source"": ""simulation""}"
acct_000064,acct_000064_owner,app_integration_connected,2024-07-20T16:09:00+00:00,2024-07-01,,"{""source"": ""simulation""}"
acct_000064,acct_000064_owner,plan_upgrade,2024-09-28T16:09:00+00:00,2024-09-01,,"{""source"": ""simulation""}"
acct_000065,acct_000065_owner,signup,2024-01-10T13:57:00+00:00,2024-01-01,,"{""source"": ""simulation""}"
acct_000066,acct_000066_owner,signup,2024-04-22T11:42:00+00:00,2024-04-01,,"{""source"": ""simulation""}"
acct_000066,acct_000066_owner,first_invoice_created,2024-04-29T11:42:00+00:00,2024-04-01,,"{""source"": ""simulation""}"
acct_000067,acct_000067_owner,signup,2024-09-14T17:47:00+00:00,2024-09-01,,"{""source"": ""simulation""}"
acct_000067,acct_000067_owner,first_invoice_created,2024-09-18T17:47:00+00:00,2024-09-01,,"{""source"": ""simulation""}"
acct_000067,acct_000067_owner,first_payment_received,2024-09-19T17:47:00+00:00,2024-09-01,,"{""source"": ""simulation""}"
acct_000068,acct_000068_owner,signup,2024-03-06T14:01:00+00:00,2024-03-01,,"{""source"": ""simulation""}"
acct_000068,acct_000068_owner,first_invoice_created,2024-03-09T14:01:00+00:00,2024-03-01,,"{""source"": ""simulation""}"
acct_000068,acct_000068_owner,first_payment_received,2024-03-15T14:01:00+00:00,2024-03-01,,"{""source"": ""simulation""}"
acct_000068,acct_000068_owner,app_integration_connected,2024-04-04T14:01:00+00:00,2024-04-01,,"{""source"": ""simulation""}"
acct_000068,acct_000068_owner,feature_activated,2024-04-24T14:01:00+00:00,2024-04-01,bank_feed_sync,"{""source"": ""simulation""}"
acct_000069,acct_000069_owner,signup,2024-07-22T19:51:00+00:00,2024-07-01,,"{""source"": ""simulation""}"
acct_000069,acct_000069_owner,first_invoice_created,2024-07-25T19:51:00+00:00,2024-07-01,,"{""source"": ""simulation""}"
acct_000069,acct_000069_owner,first_payment_received,2024-07-30T19:51:00+00:00,2024-07-01,,"{""source"": ""simulation""}"
acct_000069,acct_000069_owner,app_integration_connected,2024-08-07T19:51:00+00:00,2024-08-01,,"{""source"": ""simulation""}"
acct_000070,acct_000070_owner,signup,2024-03-23T09:24:00+00:00,2024-03-01,,"{""source"": ""simulation""}"
acct_000071,acct_000071_owner,signup,2024-04-07T15:22:00+00:00,2024-04-01,,"{""source"": ""simulation""}"
acct_000072,acct_000072_owner,signup,2024-04-01T18:12:00+00:00,2024-04-01,,"{""source"": ""simulation""}"
acct_000072,acct_000072_owner,first_invoice_created,2024-04-10T18:12:00+00:00,2024-04-01,,"{""source"": ""simulation""}"
acct_000073,acct_000073_owner,signup,2024-05-03T20:17:00+00:00,2024-05-01,,"{""source"": ""simulation""}"
acct_000074,acct_000074_owner,signup,2024-09-11T08:07:00+00:00,2024-09-01,,"{""source"": ""simulation""}"
acct_000074,acct_000074_owner,first_invoice_created,2024-09-20T08:07:00+00:00,2024-09-01,,"{""source"": ""simulation""}"
acct_000075,acct_000075_owner,signup,2024-05-02T09:38:00+00:00,2024-05-01,,"{""source"": ""simulation""}"
acct_000075,acct_000075_owner,first_invoice_created,2024-05-03T09:38:00+00:00,2024-05-01,,"{""source"": ""simulation""}"
acct_000076,acct_000076_owner,signup,2024-06-14T17:32:00+00:00,2024-06-01,,"{""source"": ""simulation""}"
acct_000076,acct_000076_owner,first_invoice_created,2024-06-24T17:32:00+00:00,2024-06-01,,"{""source"": ""simulation""}"
acct_000076,acct_000076_owner,first_payment_received,2024-06-26T17:32:00+00:00,2024-06-01,,"{""source"": ""simulation""}"
acct_000076,acct_000076_owner,app_integration_connected,2024-06-27T17:32:00+00:00,2024-06-01,,"{""source"": ""simulation""}"
acct_000077,acct_000077_owner,signup,2024-04-09T08:45:00+00:00,2024-04-01,,"{""source"": ""simulation""}"
acct_000077,acct_000077_owner,first_invoice_created,2024-04-12T08:45:00+00:00,2024-04-01,,"{""source"": ""simulation""}"
acct_000077,acct_000077_owner,first_payment_received,2024-04-13T08:45:00+00:00,2024-04-01,,"{""source"": ""simulation""}"
acct_000077,acct_000077_owner,app_integration_connected,2024-05-03T08:45:00+00:00,2024-05-01,,"{""source"": ""simulation""}"
acct_000077,acct_000077_owner,feature_activated,2024-05-05T08:45:00+00:00,2024-05-01,bank_feed_sync,"{""source"": ""simulation""}"
acct_000078,acct_000078_owner,signup,2024-09-18T18:46:00+00:00,2024-09-01,,"{""source"": ""simulation""}"
acct_000079,acct_000079_owner,signup,2024-07-03T18:58:00+00:00,2024-07-01,,"{""source"": ""simulation""}"
acct_000079,acct_000079_owner,first_invoice_created,2024-07-13T18:58:00+00:00,2024-07-01,,"{""source"": ""simulation""}"
acct_000079,acct_000079_owner,first_payment_received,2024-07-16T18:58:00+00:00,2024-07-01,,"{""source"": ""simulation""}"
acct_000080,acct_000080_owner,signup,2024-02-24T12:32:00+00:00,2024-02-01,,"{""source"": ""simulation""}"
acct_000080,acct_000080_owner,first_invoice_created,2024-02-25T12:32:00+00:00,2024-02-01,,"{""source"": ""simulation""}"
acct_000080,acct_000080_owner,first_payment_received,2024-02-28T12:32:00+00:00,2024-02-01,,"{""source"": ""simulation""}"
acct_000080,acct_000080_owner,app_integration_connected,2024-03-04T12:32:00+00:00,2024-03-01,,"{""source"": ""simulation""}"
acct_000080,acct_000080_owner,feature_activated,2024-03-23T12:32:00+00:00,2024-03-01,bank_feed_sync,"{""source"": ""simulation""}"
acct_000081,acct_000081_owner,signup,2024-06-13T19:18:00+00:00,2024-06-01,,"{""source"": ""simulation""}"
acct_000081,acct_000081_owner,first_invoice_created,2024-06-19T19:18:00+00:00,2024-06-01,,"{""source"": ""simulation""}"
acct_000081,acct_000081_owner,first_payment_received,2024-06-19T19:18:00+00:00,2024-06-01,,"{""source"": ""simulation""}"
acct_000082,acct_000082_owner,signup,2024-07-22T14:43:00+00:00,2024-07-01,,"{""source"": ""simulation""}"
acct_000082,acct_000082_owner,first_invoice_created,2024-07-27T14:43:00+00:00,2024-07-01,,"{""source"": ""simulation""}"
acct_000082,acct_000082_owner,first_payment_received,2024-08-04T14:43:00+00:00,2024-08-01,,"{""source"": ""simulation""}"
acct_000082,acct_000082_owner,app_integration_connected,2024-08-24T14:43:00+00:00,2024-08-01,,"{""source"": ""simulation""}"
acct_000082,acct_000082_owner,feature_activated,2024-09-10T14:43:00+00:00,2024-09-01,bank_feed_sync,"{""source"": ""simulation""}"
acct_000082,acct_000082_owner,plan_upgrade,2024-11-16T14:43:00+00:00,2024-11-01,,"{""source"": ""simulation""}"
acct_000083,acct_000083_owner,signup,2024-07-18T08:19:00+00:00,2024-07-01,,"{""source"": ""simulation""}"
acct_000083,acct_000083_owner,first_invoice_created,2024-07-28T08:19:00+00:00,2024-07-01,,"{""source"": ""simulation""}"
acct_000083,acct_000083_owner,first_payment_received,2024-08-03T08:19:00+00:00,2024-08-01,,"{""source"": ""simulation""}"
acct_000084,acct_000084_owner,signup,2024-07-19T17:41:00+00:00,2024-07-01,,"{""source"": ""simulation""}"
acct_000084,acct_000084_owner,first_invoice_created,2024-07-21T17:41:00+00:00,2024-07-01,,"{""source"": ""simulation""}"
acct_000084,acct_000084_owner,first_payment_received,2024-07-28T17:41:00+00:00,2024-07-01,,"{""source"": ""simulation""}"
acct_000085,acct_000085_owner,signup,2024-08-15T18:13:00+00:00,2024-08-01,,"{""source"": ""simulation""}"
acct_000085,acct_000085_owner,first_invoice_created,2024-08-19T18:13:00+00:00,2024-08-01,,"{""source"": ""simulation""}"
acct_000085,acct_000085_owner,first_payment_received,2024-08-20T18:13:00+00:00,2024-08-01,,"{""source"": ""simulation""}"
acct_000086,acct_000086_owner,signup,2024-02-10T16:42:00+00:00,2024-02-01,,"{""source"": ""simulation""}"
acct_000086,acct_000086_owner,first_invoice_created,2024-02-19T16:42:00+00:00,2024-02-01,,"{""source"": ""simulation""}"
acct_000086,acct_000086_owner,first_payment_received,2024-02-22T16:42:00+00:00,2024-02-01,,"{""source"": ""simulation""}"
acct_000087,acct_000087_owner,signup,2024-04-22T12:14:00+00:00,2024-04-01,,"{""source"": ""simulation""}"
acct_000088,acct_000088_owner,signup,2024-01-02T11:30:00+00:00,2024-01-01,,"{""source"": ""simulation""}"
acct_000088,acct_000088_owner,first_invoice_created,2024-01-04T11:30:00+00:00,2024-01-01,,"{""source"": ""simulation""}"
acct_000088,acct_000088_owner,first_payment_received,2024-01-04T11:30:00+00:00,2024-01-01,,"{""source"": ""simulation""}"
acct_000089,acct_000089_owner,signup,2024-07-21T17:12:00+00:00,2024-07-01,,"{""source"": ""simulation""}"
acct_000089,acct_000089_owner,first_invoice_created,2024-07-27T17:12:00+00:00,2024-07-01,,"{""source"": ""simulation""}"
acct_000089,acct_000089_owner,first_payment_received,2024-08-02T17:12:00+00:00,2024-08-01,,"{""source"": ""simulation""}"
acct_000090,acct_000090_owner,signup,2024-07-08T10:41:00+00:00,2024-07-01,,"{""source"": ""simulation""}"
acct_000090,acct_000090_owner,first_invoice_created,2024-07-14T10:41:00+00:00,2024-07-01,,"{""source"": ""simulation""}"
acct_000090,acct_000090_owner,first_payment_received,2024-07-16T10:41:00+00:00,2024-07-01,,"{""source"": ""simulation""}"
acct_000090,acct_000090_owner,app_integration_connected,2024-08-03T10:41:00+00:00,2024-08-01,,"{""source"": ""simulation""}"
acct_000090,acct_000090_owner,feature_activated,2024-08-24T10:41:00+00:00,2024-08-01,bank_feed_sync,"{""source"": ""simulation""}"
acct_000091,acct_000091_owner,signup,2024-07-08T10:51:00+00:00,2024-07-01,,"{""source"": ""simulation""}"
acct_000091,acct_000091_owner,first_invoice_created,2024-07-11T10:51:00+00:00,2024-07-01,,"{""source"": ""simulation""}"
acct_000091,acct_000091_owner,first_payment_received,2024-07-19T10:51:00+00:00,2024-07-01,,"{""source"": ""simulation""}"
acct_000091,acct_000091_owner,app_integration_connected,2024-07-26T10:51:00+00:00,2024-07-01,,"{""source"": ""simulation""}"
acct_000091,acct_000091_owner,feature_activated,2024-08-17T10:51:00+00:00,2024-08-01,bank_feed_sync,"{""source"": ""simulation""}"
acct_000092,acct_000092_owner,signup,2024-09-08T09:29:00+00:00,2024-09-01,,"{""source"": ""simulation""}"
acct_000092,acct_000092_owner,first_invoice_created,2024-09-11T09:29:00+00:00,2024-09-01,,"{""source"": ""simulation""}"
acct_000093,acct_000093_owner,signup,2024-09-18T17:20:00+00:00,2024-09-01,,"{""source"": ""simulation""}"
acct_000094,acct_000094_owner,signup,2024-09-15T10:47:00+00:00,2024-09-01,,"{""source"": ""simulation""}"
acct_000094,acct_000094_owner,first_invoice_created,2024-09-23T10:47:00+00:00,2024-09-01,,"{""source"": ""simulation""}"
acct_000094,acct_000094_owner,first_payment_received,2024-09-30T10:47:00+00:00,2024-09-01,,"{""source"": ""simulation""}"
acct_000095,acct_000095_owner,signup,2024-05-25T11:53:00+00:00,2024-05-01,,"{""source"": ""simulation""}"
acct_000095,acct_000095_owner,first_invoice_created,2024-06-02T11:53:00+00:00,2024-06-01,,"{""source"": ""simulation""}"
acct_000095,acct_000095_owner,first_payment_received,2024-06-04T11:53:00+00:00,2024-06-01,,"{""source"": ""simulation""}"
acct_000095,acct_000095_owner,app_integration_connected,2024-06-11T11:53:00+00:00,2024-06-01,,"{""source"": ""simulation""}"
acct_000095,acct_000095_owner,feature_activated,2024-06-24T11:53:00+00:00,2024-06-01,bank_feed_sync,"{""source"": ""simulation""}"
acct_000095,acct_000095_owner,plan_upgrade,2024-07-04T11:53:00+00:00,2024-07-01,,"{""source"": ""simulation""}"
acct_000096,acct_000096_owner,signup,2024-04-09T15:04:00+00:00,2024-04-01,,"{""source"": ""simulation""}"
acct_000097,acct_000097_owner,signup,2024-05-11T13:57:00+00:00,2024-05-01,,"{""source"": ""simulation""}"
acct_000097,acct_000097_owner,first_invoice_created,2024-05-15T13:57:00+00:00,2024-05-01,,"{""source"": ""simulation""}"
acct_000097,acct_000097_owner,first_payment_received,2024-05-21T13:57:00+00:00,2024-05-01,,"{""source"": ""simulation""}"
acct_000098,acct_000098_owner,signup,2024-03-08T14:44:00+00:00,2024-03-01,,"{""source"": ""simulation""}"
acct_000098,acct_000098_owner,first_invoice_created,2024-03-10T14:44:00+00:00,2024-03-01,,"{""source"": ""simulation""}"
acct_000098,acct_000098_owner,first_payment_received,2024-03-16T14:44:00+00:00,2024-03-01,,"{""source"": ""simulation""}"
acct_000099,acct_000099_owner,signup,2024-02-14T14:21:00+00:00,2024-02-01,,"{""source"": ""simulation""}"
acct_000100,acct_000100_owner,signup,2024-01-07T14:24:00+00:00,2024-01-01,,"{""source"": ""simulation""}"
acct_000100,acct_000100_owner,first_invoice_created,2024-01-10T14:24:00+00:00,2024-01-01,,"{""source"": ""simulation""}"
acct_000101,acct_000101_owner,signup,2024-08-01T13:19:00+00:00,2024-08-01,,"{""source"": ""simulation""}"
acct_000101,acct_000101_owner,first_invoice_created,2024-08-08T13:19:00+00:00,2024-08-01,,"{""source"": ""simulation""}"
acct_000101,acct_000101_owner,first_payment_received,2024-08-12T13:19:00+00:00,2024-08-01,,"{""source"": ""simulation""}"
acct_000101,acct_000101_owner,app_integration_connected,2024-08-22T13:19:00+00:00,2024-08-01,,"{""source"": ""simulation""}"
acct_000101,acct_000101_owner,feature_activated,2024-09-14T13:19:00+00:00,2024-09-01,bank_feed_sync,"{""source"": ""simulation""}"
acct_000102,acct_000102_owner,signup,2024-09-24T19:34:00+00:00,2024-09-01,,"{""source"": ""simulation""}"
acct_000103,acct_000103_owner,signup,2024-04-09T14:31:00+00:00,2024-04-01,,"{""source"": ""simulation""}"
acct_000103,acct_000103_owner,first_invoice_created,2024-04-18T14:31:00+00:00,2024-04-01,,"{""source"": ""simulation""}"
acct_000103,acct_000103_owner,first_payment_received,2024-04-26T14:31:00+00:00,2024-04-01,,"{""source"": ""simulation""}"
acct_000103,acct_000103_owner,app_integration_connected,2024-04-27T14:31:00+00:00,2024-04-01,,"{""source"": ""simulation""}"
acct_000104,acct_000104_owner,signup,2024-06-22T18:51:00+00:00,2024-06-01,,"{""source"": ""simulation""}"
acct_000104,acct_000104_owner,first_invoice_created,2024-06-28T18:51:00+00:00,2024-06-01,,"{""source"": ""simulation""}"
acct_000104,acct_000104_owner,first_payment_received,2024-07-06T18:51:00+00:00,2024-07-01,,"{""source"": ""simulation""}"
acct_000104,acct_000104_owner,app_integration_connected,2024-07-10T18:51:00+00:00,2024-07-01,,"{""source"": ""simulation""}"
acct_000104,acct_000104_owner,feature_activated,2024-07-26T18:51:00+00:00,2024-07-01,bank_feed_sync,"{""source"": ""simulation""}"
acct_000104,acct_000104_owner,plan_upgrade,2024-07-30T18:51:00+00:00,2024-07-01,,"{""source"": ""simulation""}"
acct_000105,acct_000105_owner,signup,2024-08-05T17:34:00+00:00,2024-08-01,,"{""source"": ""simulation""}"
acct_000105,acct_000105_owner,first_invoice_created,2024-08-06T17:34:00+00:00,2024-08-01,,"{""source"": ""simulation""}"
acct_000105,acct_000105_owner,first_payment_received,2024-08-09T17:34:00+00:00,2024-08-01,,"{""source"": ""simulation""}"
acct_000106,acct_000106_owner,signup,2024-01-03T18:27:00+00:00,2024-01-01,,"{""source"": ""simulation""}"
acct_000106,acct_000106_owner,first_invoice_created,2024-01-07T18:27:00+00:00,2024-01-01,,"{""source"": ""simulation""}"
acct_000106,acct_000106_owner,first_payment_received,2024-01-10T18:27:00+00:00,2024-01-01,,"{""source"": ""simulation""}"
acct_000106,acct_000106_owner,app_integration_connected,2024-01-24T18:27:00+00:00,2024-01-01,,"{""source"": ""simulation""}"
acct_000106,acct_000106_owner,feature_activated,2024-01-26T18:27:00+00:00,2024-01-01,bank_feed_sync,"{""source"": ""simulation""}"
acct_000106,acct_000106_owner,plan_upgrade,2024-03-30T18:27:00+00:00,2024-03-01,,"{""source"": ""simulation""}"
acct_000107,acct_000107_owner,signup,2024-03-02T12:24:00+00:00,2024-03-01,,"{""source"": ""simulation""}"
acct_000107,acct_000107_owner,first_invoice_created,2024-03-04T12:24:00+00:00,2024-03-01,,"{""source"": ""simulation""}"
acct_000107,acct_000107_owner,first_payment_received,2024-03-07T12:24:00+00:00,2024-03-01,,"{""source"": ""simulation""}"
acct_000107,acct_000107_owner,app_integration_connected,2024-03-11T12:24:00+00:00,2024-03-01,,"{""source"": ""simulation""}"
acct_000107,acct_000107_owner,plan_upgrade,2024-04-23T12:24:00+00:00,2024-04-01,,"{""source"": ""simulation""}"
acct_000108,acct_000108_owner,signup,2024-08-11T13:48:00+00:00,2024-08-01,,"{""source"": ""simulation""}"
acct_000108,acct_000108_owner,first_invoice_created,2024-08-17T13:48:00+00:00,2024-08-01,,"{""source"": ""simulation""}"
acct_000109,acct_000109_owner,signup,2024-07-09T09:30:00+00:00,2024-07-01,,"{""source"": ""simulation""}"
acct_000109,acct_000109_owner,first_invoice_created,2024-07-18T09:30:00+00:00,2024-07-01,,"{""source"": ""simulation""}"
acct_000109,acct_000109_owner,first_payment_received,2024-07-21T09:30:00+00:00,2024-07-01,,"{""source"": ""simulation""}"
acct_000110,acct_000110_owner,signup,2024-06-08T18:04:00+00:00,2024-06-01,,"{""source"": ""simulation""}"
acct_000110,acct_000110_owner,first_invoice_created,2024-06-18T18:04:00+00:00,2024-06-01,,"{""source"": ""simulation""}"
acct_000110,acct_000110_owner,first_payment_received,2024-06-22T18:04:00+00:00,2024-06-01,,"{""source"": ""simulation""}"
acct_000110,acct_000110_owner,app_integration_connected,2024-07-08T18:04:00+00:00,2024-07-01,,"{""source"": ""simulation""}"
acct_000111,acct_000111_owner,signup,2024-04-07T08:39:00+00:00,2024-04-01,,"{""source"": ""simulation""}"
acct_000111,acct_000111_owner,first_invoice_created,2024-04-11T08:39:00+00:00,2024-04-01,,"{""source"": ""simulation""}"
acct_000111,acct_000111_owner,first_payment_received,2024-04-12T08:39:00+00:00,2024-04-01,,"{""source"": ""simulation""}"
acct_000111,acct_000111_owner,app_integration_connected,2024-05-02T08:39:00+00:00,2024-05-01,,"{""source"": ""simulation""}"
acct_000111,acct_000111_owner,feature_activated,2024-05-30T08:39:00+00:00,2024-05-01,bank_feed_sync,"{""source"": ""simulation""}"
acct_000112,acct_000112_owner,signup,2024-03-16T18:07:00+00:00,2024-03-01,,"{""source"": ""simulation""}"
acct_000112,acct_000112_owner,first_invoice_created,2024-03-25T18:07:00+00:00,2024-03-01,,"{""source"": ""simulation""}"
acct_000113,acct_000113_owner,signup,2024-05-25T13:10:00+00:00,2024-05-01,,"{""source"": ""simulation""}"
acct_000113,acct_000113_owner,first_invoice_created,2024-05-27T13:10:00+00:00,2024-05-01,,"{""source"": ""simulation""}"
acct_000113,acct_000113_owner,first_payment_received,2024-05-27T13:10:00+00:00,2024-05-01,,"{""source"": ""simulation""}"
acct_000114,acct_000114_owner,signup,2024-05-04T17:01:00+00:00,2024-05-01,,"{""source"": ""simulation""}"
acct_000115,acct_000115_owner,signup,2024-07-23T11:04:00+00:00,2024-07-01,,"{""source"": ""simulation""}"
acct_000115,acct_000115_owner,first_invoice_created,2024-07-27T11:04:00+00:00,2024-07-01,,"{""source"": ""simulation""}"
acct_000116,acct_000116_owner,signup,2024-05-22T17:51:00+00:00,2024-05-01,,"{""source"": ""simulation""}"
acct_000116,acct_000116_owner,first_invoice_created,2024-05-29T17:51:00+00:00,2024-05-01,,"{""source"": ""simulation""}"
acct_000117,acct_000117_owner,signup,2024-06-18T14:42:00+00:00,2024-06-01,,"{""source"": ""simulation""}"
acct_000117,acct_000117_owner,first_invoice_created,2024-06-26T14:42:00+00:00,2024-06-01,,"{""source"": ""simulation""}"
acct_000117,acct_000117_owner,first_payment_received,2024-07-03T14:42:00+00:00,2024-07-01,,"{""source"": ""simulation""}"
acct_000118,acct_000118_owner,signup,2024-09-21T13:00:00+00:00,2024-09-01,,"{""source"": ""simulation""}"
acct_000118,acct_000118_owner,first_invoice_created,2024-09-22T13:00:00+00:00,2024-09-01,,"{""source"": ""simulation""}"
acct_000118,acct_000118_owner,first_payment_received,2024-09-24T13:00:00+00:00,2024-09-01,,"{""source"": ""simulation""}"
acct_000119,acct_000119_owner,signup,2024-02-14T13:40:00+00:00,2024-02-01,,"{""source"": ""simulation""}"
acct_000119,acct_000119_owner,first_invoice_created,2024-02-20T13:40:00+00:00,2024-02-01,,"{""source"": ""simulation""}"
acct_000120,acct_000120_owner,signup,2024-07-06T19:33:00+00:00,2024-07-01,,"{""source"": ""simulation""}"
acct_000120,acct_000120_owner,first_invoice_created,2024-07-08T19:33:00+00:00,2024-07-01,,"{""source"": ""simulation""}"
acct_000120,acct_000120_owner,first_payment_received,2024-07-16T19:33:00+00:00,2024-07-01,,"{""source"": ""simulation""}"
acct_000121,acct_000121_owner,signup,2024-08-14T19:37:00+00:00,2024-08-01,,"{""source"": ""simulation""}"
acct_000121,acct_000121_owner,first_invoice_created,2024-08-16T19:37:00+00:00,2024-08-01,,"{""source"": ""simulation""}"
acct_000121,acct_000121_owner,first_payment_received,2024-08-20T19:37:00+00:00,2024-08-01,,"{""source"": ""simulation""}"
acct_000121,acct_000121_owner,app_integration_connected,2024-09-04T19:37:00+00:00,2024-09-01,,"{""source"": ""simulation""}"
acct_000121,acct_000121_owner,feature_activated,2024-09-30T19:37:00+00:00,2024-09-01,bank_feed_sync,"{""source"": ""simulation""}"
acct_000122,acct_000122_owner,signup,2024-04-03T12:56:00+00:00,2024-04-01,,"{""source"": ""simulation""}"
acct_000122,acct_000122_owner,first_invoice_created,2024-04-11T12:56:00+00:00,2024-04-01,,"{""source"": ""simulation""}"
acct_000122,acct_000122_owner,first_payment_received,2024-04-16T12:56:00+00:00,2024-04-01,,"{""source"": ""simulation""}"
acct_000122,acct_000122_owner,app_integration_connected,2024-05-05T12:56:00+00:00,2024-05-01,,"{""source"": ""simulation""}"
acct_000122,acct_000122_owner,feature_activated,2024-06-01T12:56:00+00:00,2024-06-01,bank_feed_sync,"{""source"": ""simulation""}"
acct_000123,acct_000123_owner,signup,2024-08-19T17:42:00+00:00,2024-08-01,,"{""source"": ""simulation""}"
acct_000123,acct_000123_owner,first_invoice_created,2024-08-27T17:42:00+00:00,2024-08-01,,"{""source"": ""simulation""}"
acct_000123,acct_000123_owner,first_payment_received,2024-09-04T17:42:00+00:00,2024-09-01,,"{""source"": ""simulation""}"
acct_000123,acct_000123_owner,app_integration_connected,2024-09-12T17:42:00+00:00,2024-09-01,,"{""source"": ""simulation""}"
acct_000123,acct_000123_owner,feature_activated,2024-09-24T17:42:00+00:00,2024-09-01,bank_feed_sync,"{""source"": ""simulation""}"
acct_000123,acct_000123_owner,plan_upgrade,2024-11-12T17:42:00+00:00,2024-11-01,,"{""source"": ""simulation""}"
acct_000124,acct_000124_owner,signup,2024-01-16T13:11:00+00:00,2024-01-01,,"{""source"": ""simulation""}"
acct_000124,acct_000124_owner,first_invoice_created,2024-01-24T13:11:00+00:00,2024-01-01,,"{""source"": ""simulation""}"
acct_000124,acct_000124_owner,first_payment_received,2024-01-25T13:11:00+00:00,2024-01-01,,"{""source"": ""simulation""}"
acct_000124,acct_000124_owner,app_integration_connected,2024-02-10T13:11:00+00:00,2024-02-01,,"{""source"": ""simulation""}"
acct_000124,acct_000124_owner,feature_activated,2024-02-12T13:11:00+00:00,2024-02-01,bank_feed_sync,"{""source"": ""simulation""}"
acct_000124,acct_000124_owner,plan_upgrade,2024-04-30T13:11:00+00:00,2024-04-01,,"{""source"": ""simulation""}"
acct_000125,acct_000125_owner,signup,2024-06-09T13:17:00+00:00,2024-06-01,,"{""source"": ""simulation""}"
acct_000125,acct_000125_owner,first_invoice_created,2024-06-17T13:17:00+00:00,2024-06-01,,"{""source"": ""simulation""}"
acct_000126,acct_000126_owner,signup,2024-09-07T09:15:00+00:00,2024-09-01,,"{""source"": ""simulation""}"
acct_000126,acct_000126_owner,first_invoice_created,2024-09-09T09:15:00+00:00,2024-09-01,,"{""source"": ""simulation""}"
acct_000126,acct_000126_owner,first_payment_received,2024-09-12T09:15:00+00:00,2024-09-01,,"{""source"": ""simulation""}"
acct_000127,acct_000127_owner,signup,2024-09-25T11:44:00+00:00,2024-09-01,,"{""source"": ""simulation""}"
acct_000127,acct_000127_owner,first_invoice_created,2024-09-28T11:44:00+00:00,2024-09-01,,"{""source"": ""simulation""}"
acct_000128,acct_000128_owner,signup,2024-08-01T09:18:00+00:00,2024-08-01,,"{""source"": ""simulation""}"
acct_000129,acct_000129_owner,signup,2024-04-10T18:37:00+00:00,2024-04-01,,"{""source"": ""simulation""}"
acct_000129,acct_000129_owner,first_invoice_created,2024-04-14T18:37:00+00:00,2024-04-01,,"{""source"": ""simulation""}"
acct_000129,acct_000129_owner,first_payment_received,2024-04-21T18:37:00+00:00,2024-04-01,,"{""source"": ""simulation""}"
acct_000129,acct_000129_owner,app_integration_connected,2024-05-06T18:37:00+00:00,2024-05-01,,"{""source"": ""simulation""}"
acct_000129,acct_000129_owner,feature_activated,2024-05-13T18:37:00+00:00,2024-05-01,bank_feed_sync,"{""source"": ""simulation""}"
acct_000129,acct_000129_owner,plan_upgrade,2024-07-23T18:37:00+00:00,2024-07-01,,"{""source"": ""simulation""}"
acct_000130,acct_000130_owner,signup,2024-09-17T13:27:00+00:00,2024-09-01,,"{""source"": ""simulation""}"
acct_000130,acct_000130_owner,first_invoice_created,2024-09-23T13:27:00+00:00,2024-09-01,,"{""source"": ""simulation""}"
acct_000131,acct_000131_owner,signup,2024-08-09T12:16:00+00:00,2024-08-01,,"{""source"": ""simulation""}"
acct_000132,acct_000132_owner,signup,2024-04-11T09:47:00+00:00,2024-04-01,,"{""source"": ""simulation""}"
acct_000133,acct_000133_owner,signup,2024-04-24T15:17:00+00:00,2024-04-01,,"{""source"": ""simulation""}"
acct_000133,acct_000133_owner,first_invoice_created,2024-05-01T15:17:00+00:00,2024-05-01,,"{""source"": ""simulation""}"
acct_000134,acct_000134_owner,signup,2024-04-10T11:23:00+00:00,2024-04-01,,"{""source"": ""simulation""}"
acct_000134,acct_000134_owner,first_invoice_created,2024-04-16T11:23:00+00:00,2024-04-01,,"{""source"": ""simulation""}"
acct_000134,acct_000134_owner,first_payment_received,2024-04-22T11:23:00+00:00,2024-04-01,,"{""source"": ""simulation""}"
acct_000135,acct_000135_owner,signup,2024-01-23T16:08:00+00:00,2024-01-01,,"{""source"": ""simulation""}"
acct_000135,acct_000135_owner,first_invoice_created,2024-02-01T16:08:00+00:00,2024-02-01,,"{""source"": ""simulation""}"
acct_000136,acct_000136_owner,signup,2024-01-18T12:44:00+00:00,2024-01-01,,"{""source"": ""simulation""}"
acct_000136,acct_000136_owner,first_invoice_created,2024-01-24T12:44:00+00:00,2024-01-01,,"{""source"": ""simulation""}"
acct_000136,acct_000136_owner,first_payment_received,2024-01-24T12:44:00+00:00,2024-01-01,,"{""source"": ""simulation""}"
acct_000136,acct_000136_owner,app_integration_connected,2024-01-29T12:44:00+00:00,2024-01-01,,"{""source"": ""simulation""}"
acct_000136,acct_000136_owner,feature_activated,2024-02-03T12:44:00+00:00,2024-02-01,bank_feed_sync,"{""source"": ""simulation""}"
acct_000137,acct_000137_owner,signup,2024-02-01T17:18:00+00:00,2024-02-01,,"{""source"": ""simulation""}"
acct_000137,acct_000137_owner,first_invoice_created,2024-02-02T17:18:00+00:00,2024-02-01,,"{""source"": ""simulation""}"
acct_000137,acct_000137_owner,first_payment_received,2024-02-04T17:18:00+00:00,2024-02-01,,"{""source"": ""simulation""}"
acct_000138,acct_000138_owner,signup,2024-08-11T10:03:00+00:00,2024-08-01,,"{""source"": ""simulation""}"
acct_000139,acct_000139_owner,signup,2024-02-03T14:31:00+00:00,2024-02-01,,"{""source"": ""simulation""}"
acct_000139,acct_000139_owner,first_invoice_created,2024-02-10T14:31:00+00:00,2024-02-01,,"{""source"": ""simulation""}"
acct_000139,acct_000139_owner,first_payment_received,2024-02-17T14:31:00+00:00,2024-02-01,,"{""source"": ""simulation""}"
acct_000140,acct_000140_owner,signup,2024-03-05T20:36:00+00:00,2024-03-01,,"{""source"": ""simulation""}"
acct_000140,acct_000140_owner,first_invoice_created,2024-03-08T20:36:00+00:00,2024-03-01,,"{""source"": ""simulation""}"
acct_000140,acct_000140_owner,first_payment_received,2024-03-15T20:36:00+00:00,2024-03-01,,"{""source"": ""simulation""}"
acct_000140,acct_000140_owner,app_integration_connected,2024-03-16T20:36:00+00:00,2024-03-01,,"{""source"": ""simulation""}"
acct_000140,acct_000140_owner,plan_upgrade,2024-04-21T20:36:00+00:00,2024-04-01,,"{""source"": ""simulation""}"
acct_000141,acct_000141_owner,signup,2024-04-04T16:48:00+00:00,2024-04-01,,"{""source"": ""simulation""}"
acct_000141,acct_000141_owner,first_invoice_created,2024-04-13T16:48:00+00:00,2024-04-01,,"{""source"": ""simulation""}"
acct_000141,acct_000141_owner,first_payment_received,2024-04-21T16:48:00+00:00,2024-04-01,,"{""source"": ""simulation""}"
acct_000142,acct_000142_owner,signup,2024-09-13T15:58:00+00:00,2024-09-01,,"{""source"": ""simulation""}"
acct_000143,acct_000143_owner,signup,2024-07-10T17:39:00+00:00,2024-07-01,,"{""source"": ""simulation""}"
acct_000144,acct_000144_owner,signup,2024-04-21T11:16:00+00:00,2024-04-01,,"{""source"": ""simulation""}"
acct_000144,acct_000144_owner,first_invoice_created,2024-04-24T11:16:00+00:00,2024-04-01,,"{""source"": ""simulation""}"
acct_000145,acct_000145_owner,signup,2024-04-06T16:04:00+00:00,2024-04-01,,"{""source"": ""simulation""}"
acct_000145,acct_000145_owner,first_invoice_created,2024-04-09T16:04:00+00:00,2024-04-01,,"{""source"": ""simulation""}"
acct_000146,acct_000146_owner,signup,2024-07-15T19:38:00+00:00,2024-07-01,,"{""source"": ""simulation""}"
acct_000147,acct_000147_owner,signup,2024-01-08T12:45:00+00:00,2024-01-01,,"{""source"": ""simulation""}"
acct_000147,acct_000147_owner,first_invoice_created,2024-01-12T12:45:00+00:00,2024-01-01,,"{""source"": ""simulation""}"
acct_000148,acct_000148_owner,signup,2024-02-22T11:59:00+00:00,2024-02-01,,"{""source"": ""simulation""}"
acct_000148,acct_000148_owner,first_invoice_created,2024-02-25T11:59:00+00:00,2024-02-01,,"{""source"": ""simulation""}"
acct_000148,acct_000148_owner,first_payment_received,2024-03-03T11:59:00+00:00,2024-03-01,,"{""source"": ""simulation""}"
acct_000149,acct_000149_owner,signup,2024-07-04T16:14:00+00:00,2024-07-01,,"{""source"": ""simulation""}"
acct_000149,acct_000149_owner,first_invoice_created,2024-07-07T16:14:00+00:00,2024-07-01,,"{""source"": ""simulation""}"
acct_000149,acct_000149_owner,first_payment_received,2024-07-11T16:14:00+00:00,2024-07-01,,"{""source"": ""simulation""}"
acct_000149,acct_000149_owner,app_integration_connected,2024-07-14T16:14:00+00:00,2024-07-01,,"{""source"": ""simulation""}"
acct_000149,acct_000149_owner,feature_activated,2024-08-06T16:14:00+00:00,2024-08-01,bank_feed_sync,"{""source"": ""simulation""}"
acct_000149,acct_000149_owner,plan_upgrade,2024-09-28T16:14:00+00:00,2024-09-01,,"{""source"": ""simulation""}"
acct_000150,acct_000150_owner,signup,2024-03-03T08:10:00+00:00,2024-03-01,,"{""source"": ""simulation""}"
acct_000151,acct_000151_owner,signup,2024-08-04T15:44:00+00:00,2024-08-01,,"{""source"": ""simulation""}"
acct_000151,acct_000151_owner,first_invoice_created,2024-08-09T15:44:00+00:00,2024-08-01,,"{""source"": ""simulation""}"
acct_000151,acct_000151_owner,first_payment_received,2024-08-13T15:44:00+00:00,2024-08-01,,"{""source"": ""simulation""}"
acct_000152,acct_000152_owner,signup,2024-05-17T16:31:00+00:00,2024-05-01,,"{""source"": ""simulation""}"
acct_000152,acct_000152_owner,first_invoice_created,2024-05-23T16:31:00+00:00,2024-05-01,,"{""source"": ""simulation""}"
acct_000152,acct_000152_owner,first_payment_received,2024-05-27T16:31:00+00:00,2024-05-01,,"{""source"": ""simulation""}"
acct_000153,acct_000153_owner,signup,2024-01-14T19:20:00+00:00,2024-01-01,,"{""source"": ""simulation""}"
acct_000153,acct_000153_owner,first_invoice_created,2024-01-18T19:20:00+00:00,2024-01-01,,"{""source"": ""simulation""}"
acct_000154,acct_000154_owner,signup,2024-02-08T18:53:00+00:00,2024-02-01,,"{""source"": ""simulation""}"
acct_000154,acct_000154_owner,first_invoice_created,2024-02-18T18:53:00+00:00,2024-02-01,,"{""source"": ""simulation""}"
acct_000155,acct_000155_owner,signup,2024-01-25T20:11:00+00:00,2024-01-01,,"{""source"": ""simulation""}"
acct_000156,acct_000156_owner,signup,2024-05-06T17:27:00+00:00,2024-05-01,,"{""source"": ""simulation""}"
acct_000156,acct_000156_owner,first_invoice_created,2024-05-16T17:27:00+00:00,2024-05-01,,"{""source"": ""simulation""}"
acct_000156,acct_000156_owner,first_payment_received,2024-05-22T17:27:00+00:00,2024-05-01,,"{""source"": ""simulation""}"
acct_000157,acct_000157_owner,signup,2024-08-12T14:21:00+00:00,2024-08-01,,"{""source"": ""simulation""}"
acct_000157,acct_000157_owner,first_invoice_created,2024-08-15T14:21:00+00:00,2024-08-01,,"{""source"": ""simulation""}"
acct_000157,acct_000157_owner,first_payment_received,2024-08-15T14:21:00+00:00,2024-08-01,,"{""source"": ""simulation""}"
acct_000157,acct_000157_owner,app_integration_connected,2024-08-20T14:21:00+00:00,2024-08-01,,"{""source"": ""simulation""}"
acct_000157,acct_000157_owner,feature_activated,2024-08-21T14:21:00+00:00,2024-08-01,bank_feed_sync,"{""source"": ""simulation""}"
acct_000158,acct_000158_owner,signup,2024-03-11T14:44:00+00:00,2024-03-01,,"{""source"": ""simulation""}"
acct_000158,acct_000158_owner,first_invoice_created,2024-03-21T14:44:00+00:00,2024-03-01,,"{""source"": ""simulation""}"
acct_000158,acct_000158_owner,first_payment_received,2024-03-21T14:44:00+00:00,2024-03-01,,"{""source"": ""simulation""}"
acct_000159,acct_000159_owner,signup,2024-07-25T16:02:00+00:00,2024-07-01,,"{""source"": ""simulation""}"
acct_000159,acct_000159_owner,first_invoice_created,2024-08-04T16:02:00+00:00,2024-08-01,,"{""source"": ""simulation""}"
acct_000159,acct_000159_owner,first_payment_received,2024-08-09T16:02:00+00:00,2024-08-01,,"{""source"": ""simulation""}"
acct_000160,acct_000160_owner,signup,2024-06-09T13:07:00+00:00,2024-06-01,,"{""source"": ""simulation""}"
acct_000160,acct_000160_owner,first_invoice_created,2024-06-12T13:07:00+00:00,2024-06-01,,"{""source"": ""simulation""}"
acct_000161,acct_000161_owner,signup,2024-09-15T14:03:00+00:00,2024-09-01,,"{""source"": ""simulation""}"
acct_000161,acct_000161_owner,first_invoice_created,2024-09-22T14:03:00+00:00,2024-09-01,,"{""source"": ""simulation""}"
acct_000161,acct_000161_owner,first_payment_received,2024-09-30T14:03:00+00:00,2024-09-01,,"{""source"": ""simulation""}"
acct_000162,acct_000162_owner,signup,2024-08-21T15:48:00+00:00,2024-08-01,,"{""source"": ""simulation""}"
acct_000162,acct_000162_owner,first_invoice_created,2024-08-25T15:48:00+00:00,2024-08-01,,"{""source"": ""simulation""}"
acct_000162,acct_000162_owner,first_payment_received,2024-08-27T15:48:00+00:00,2024-08-01,,"{""source"": ""simulation""}"
acct_000163,acct_000163_owner,signup,2024-05-18T10:59:00+00:00,2024-05-01,,"{""source"": ""simulation""}"
acct_000163,acct_000163_owner,first_invoice_created,2024-05-25T10:59:00+00:00,2024-05-01,,"{""source"": ""simulation""}"
acct_000163,acct_000163_owner,first_payment_received,2024-05-25T10:59:00+00:00,2024-05-01,,"{""source"": ""simulation""}"
acct_000163,acct_000163_owner,app_integration_connected,2024-05-27T10:59:00+00:00,2024-05-01,,"{""source"": ""simulation""}"
acct_000164,acct_000164_owner,signup,2024-08-04T08:40:00+00:00,2024-08-01,,"{""source"": ""simulation""}"
acct_000164,acct_000164_owner,first_invoice_created,2024-08-10T08:40:00+00:00,2024-08-01,,"{""source"": ""simulation""}"
acct_000164,acct_000164_owner,first_payment_received,2024-08-15T08:40:00+00:00,2024-08-01,,"{""source"": ""simulation""}"
acct_000165,acct_000165_owner,signup,2024-05-18T08:35:00+00:00,2024-05-01,,"{""source"": ""simulation""}"
acct_000166,acct_000166_owner,signup,2024-04-04T15:07:00+00:00,2024-04-01,,"{""source"": ""simulation""}"
acct_000166,acct_000166_owner,first_invoice_created,2024-04-07T15:07:00+00:00,2024-04-01,,"{""source"": ""simulation""}"
acct_000166,acct_000166_owner,first_payment_received,2024-04-07T15:07:00+00:00,2024-04-01,,"{""source"": ""simulation""}"
acct_000166,acct_000166_owner,app_integration_connected,2024-04-10T15:07:00+00:00,2024-04-01,,"{""source"": ""simulation""}"
acct_000166,acct_000166_owner,feature_activated,2024-04-12T15:07:00+00:00,2024-04-01,bank_feed_sync,"{""source"": ""simulation""}"
acct_000167,acct_000167_owner,signup,2024-05-17T19:17:00+00:00,2024-05-01,,"{""source"": ""simulation""}"
acct_000167,acct_000167_owner,first_invoice_created,2024-05-19T19:17:00+00:00,2024-05-01,,"{""source"": ""simulation""}"
acct_000167,acct_000167_owner,first_payment_received,2024-05-26T19:17:00+00:00,2024-05-01,,"{""source"": ""simulation""}"
acct_000167,acct_000167_owner,app_integration_connected,2024-06-01T19:17:00+00:00,2024-06-01,,"{""source"": ""simulation""}"
acct_000167,acct_000167_owner,feature_activated,2024-07-01T19:17:00+00:00,2024-07-01,bank_feed_sync,"{""source"": ""simulation""}"
acct_000168,acct_000168_owner,signup,2024-08-08T15:35:00+00:00,2024-08-01,,"{""source"": ""simulation""}"
acct_000168,acct_000168_owner,first_invoice_created,2024-08-16T15:35:00+00:00,2024-08-01,,"{""source"": ""simulation""}"
acct_000168,acct_000168_owner,first_payment_received,2024-08-20T15:35:00+00:00,2024-08-01,,"{""source"": ""simulation""}"
acct_000169,acct_000169_owner,signup,2024-04-20T16:47:00+00:00,2024-04-01,,"{""source"": ""simulation""}"
acct_000170,acct_000170_owner,signup,2024-05-25T20:54:00+00:00,2024-05-01,,"{""source"": ""simulation""}"
acct_000170,acct_000170_owner,first_invoice_created,2024-05-26T20:54:00+00:00,2024-05-01,,"{""source"": ""simulation""}"
acct_000170,acct_000170_owner,first_payment_received,2024-05-29T20:54:00+00:00,2024-05-01,,"{""source"": ""simulation""}"
acct_000171,acct_000171_owner,signup,2024-09-09T08:18:00+00:00,2024-09-01,,"{""source"": ""simulation""}"
acct_000171,acct_000171_owner,first_invoice_created,2024-09-10T08:18:00+00:00,2024-09-01,,"{""source"": ""simulation""}"
acct_000171,acct_000171_owner,first_payment_received,2024-09-15T08:18:00+00:00,2024-09-01,,"{""source"": ""simulation""}"
acct_000171,acct_000171_owner,app_integration_connected,2024-09-23T08:18:00+00:00,2024-09-01,,"{""source"": ""simulation""}"
acct_000171,acct_000171_owner,feature_activated,2024-10-02T08:18:00+00:00,2024-10-01,bank_feed_sync,"{""source"": ""simulation""}"
acct_000171,acct_000171_owner,plan_upgrade,2024-11-17T08:18:00+00:00,2024-11-01,,"{""source"": ""simulation""}"
acct_000172,acct_000172_owner,signup,2024-03-15T16:30:00+00:00,2024-03-01,,"{""source"": ""simulation""}"
acct_000172,acct_000172_owner,first_invoice_created,2024-03-22T16:30:00+00:00,2024-03-01,,"{""source"": ""simulation""}"
acct_000172,acct_000172_owner,first_payment_received,2024-03-23T16:30:00+00:00,2024-03-01,,"{""source"": ""simulation""}"
acct_000172,acct_000172_owner,app_integration_connected,2024-04-08T16:30:00+00:00,2024-04-01,,"{""source"": ""simulation""}"
acct_000173,acct_000173_owner,signup,2024-09-25T16:24:00+00:00,2024-09-01,,"{""source"": ""simulation""}"
acct_000174,acct_000174_owner,signup,2024-04-23T11:36:00+00:00,2024-04-01,,"{""source"": ""simulation""}"
acct_000174,acct_000174_owner,first_invoice_created,2024-04-29T11:36:00+00:00,2024-04-01,,"{""source"": ""simulation""}"
acct_000174,acct_000174_owner,first_payment_received,2024-05-03T11:36:00+00:00,2024-05-01,,"{""source"": ""simulation""}"
acct_000174,acct_000174_owner,app_integration_connected,2024-05-08T11:36:00+00:00,2024-05-01,,"{""source"": ""simulation""}"
acct_000174,acct_000174_owner,feature_activated,2024-05-12T11:36:00+00:00,2024-05-01,bank_feed_sync,"{""source"": ""simulation""}"
acct_000175,acct_000175_owner,signup,2024-07-02T13:47:00+00:00,2024-07-01,,"{""source"": ""simulation""}"
acct_000175,acct_000175_owner,first_invoice_created,2024-07-04T13:47:00+00:00,2024-07-01,,"{""source"": ""simulation""}"
acct_000175,acct_000175_owner,first_payment_received,2024-07-04T13:47:00+00:00,2024-07-01,,"{""source"": ""simulation""}"
acct_000175,acct_000175_owner,app_integration_connected,2024-07-06T13:47:00+00:00,2024-07-01,,"{""source"": ""simulation""}"
acct_000175,acct_000175_owner,plan_upgrade,2024-09-27T13:47:00+00:00,2024-09-01,,"{""source"": ""simulation""}"
acct_000176,acct_000176_owner,signup,2024-07-22T20:52:00+00:00,2024-07-01,,"{""source"": ""simulation""}"
acct_000176,acct_000176_owner,first_invoice_created,2024-07-25T20:52:00+00:00,2024-07-01,,"{""source"": ""simulation""}"
acct_000176,acct_000176_owner,first_payment_received,2024-07-29T20:52:00+00:00,2024-07-01,,"{""source"": ""simulation""}"
acct_000177,acct_000177_owner,signup,2024-01-05T16:37:00+00:00,2024-01-01,,"{""source"": ""simulation""}"
acct_000178,acct_000178_owner,signup,2024-08-04T16:58:00+00:00,2024-08-01,,"{""source"": ""simulation""}"
acct_000179,acct_000179_owner,signup,2024-03-14T18:09:00+00:00,2024-03-01,,"{""source"": ""simulation""}"
acct_000179,acct_000179_owner,first_invoice_created,2024-03-18T18:09:00+00:00,2024-03-01,,"{""source"": ""simulation""}"
acct_000180,acct_000180_owner,signup,2024-05-11T17:44:00+00:00,2024-05-01,,"{""source"": ""simulation""}"
acct_000180,acct_000180_owner,first_invoice_created,2024-05-15T17:44:00+00:00,2024-05-01,,"{""source"": ""simulation""}"
acct_000180,acct_000180_owner,first_payment_received,2024-05-23T17:44:00+00:00,2024-05-01,,"{""source"": ""simulation""}"
acct_000181,acct_000181_owner,signup,2024-06-22T16:24:00+00:00,2024-06-01,,"{""source"": ""simulation""}"
acct_000181,acct_000181_owner,first_invoice_created,2024-06-24T16:24:00+00:00,2024-06-01,,"{""source"": ""simulation""}"
acct_000182,acct_000182_owner,signup,2024-09-02T17:04:00+00:00,2024-09-01,,"{""source"": ""simulation""}"
acct_000182,acct_000182_owner,first_invoice_created,2024-09-11T17:04:00+00:00,2024-09-01,,"{""source"": ""simulation""}"
acct_000182,acct_000182_owner,first_payment_received,2024-09-13T17:04:00+00:00,2024-09-01,,"{""source"": ""simulation""}"
acct_000182,acct_000182_owner,app_integration_connected,2024-09-25T17:04:00+00:00,2024-09-01,,"{""source"": ""simulation""}"
acct_000182,acct_000182_owner,feature_activated,2024-10-25T17:04:00+00:00,2024-10-01,bank_feed_sync,"{""source"": ""simulation""}"
acct_000183,acct_000183_owner,signup,2024-04-24T09:27:00+00:00,2024-04-01,,"{""source"": ""simulation""}"
acct_000183,acct_000183_owner,first_invoice_created,2024-04-25T09:27:00+00:00,2024-04-01,,"{""source"": ""simulation""}"
acct_000183,acct_000183_owner,first_payment_received,2024-05-01T09:27:00+00:00,2024-05-01,,"{""source"": ""simulation""}"
acct_000183,acct_000183_owner,app_integration_connected,2024-05-11T09:27:00+00:00,2024-05-01,,"{""source"": ""simulation""}"
acct_000183,acct_000183_owner,feature_activated,2024-05-22T09:27:00+00:00,2024-05-01,bank_feed_sync,"{""source"": ""simulation""}"
acct_000184,acct_000184_owner,signup,2024-08-06T19:19:00+00:00,2024-08-01,,"{""source"": ""simulation""}"
acct_000184,acct_000184_owner,first_invoice_created,2024-08-13T19:19:00+00:00,2024-08-01,,"{""source"": ""simulation""}"
acct_000184,acct_000184_owner,first_payment_received,2024-08-20T19:19:00+00:00,2024-08-01,,"{""source"": ""simulation""}"
acct_000184,acct_000184_owner,app_integration_connected,2024-08-23T19:19:00+00:00,2024-08-01,,"{""source"": ""simulation""}"
acct_000184,acct_000184_owner,feature_activated,2024-08-30T19:19:00+00:00,2024-08-01,bank_feed_sync,"{""source"": ""simulation""}"
acct_000185,acct_000185_owner,signup,2024-06-02T12:22:00+00:00,2024-06-01,,"{""source"": ""simulation""}"
acct_000185,acct_000185_owner,first_invoice_created,2024-06-07T12:22:00+00:00,2024-06-01,,"{""source"": ""simulation""}"
acct_000185,acct_000185_owner,first_payment_received,2024-06-12T12:22:00+00:00,2024-06-01,,"{""source"": ""simulation""}"
acct_000186,acct_000186_owner,signup,2024-03-08T16:26:00+00:00,2024-03-01,,"{""source"": ""simulation""}"
acct_000187,acct_000187_owner,signup,2024-03-03T17:55:00+00:00,2024-03-01,,"{""source"": ""simulation""}"
acct_000187,acct_000187_owner,first_invoice_created,2024-03-09T17:55:00+00:00,2024-03-01,,"{""source"": ""simulation""}"
acct_000187,acct_000187_owner,first_payment_received,2024-03-12T17:55:00+00:00,2024-03-01,,"{""source"": ""simulation""}"
acct_000188,acct_000188_owner,signup,2024-08-19T10:14:00+00:00,2024-08-01,,"{""source"": ""simulation""}"
acct_000189,acct_000189_owner,signup,2024-08-09T18:00:00+00:00,2024-08-01,,"{""source"": ""simulation""}"
acct_000189,acct_000189_owner,first_invoice_created,2024-08-11T18:00:00+00:00,2024-08-01,,"{""source"": ""simulation""}"
acct_000189,acct_000189_owner,first_payment_received,2024-08-13T18:00:00+00:00,2024-08-01,,"{""source"": ""simulation""}"
acct_000189,acct_000189_owner,app_integration_connected,2024-08-24T18:00:00+00:00,2024-08-01,,"{""source"": ""simulation""}"
acct_000189,acct_000189_owner,feature_activated,2024-09-02T18:00:00+00:00,2024-09-01,bank_feed_sync,"{""source"": ""simulation""}"
acct_000189,acct_000189_owner,plan_upgrade,2024-10-26T18:00:00+00:00,2024-10-01,,"{""source"": ""simulation""}"
acct_000190,acct_000190_owner,signup,2024-09-06T09:28:00+00:00,2024-09-01,,"{""source"": ""simulation""}"
acct_000190,acct_000190_owner,first_invoice_created,2024-09-12T09:28:00+00:00,2024-09-01,,"{""source"": ""simulation""}"
acct_000190,acct_000190_owner,first_payment_received,2024-09-13T09:28:00+00:00,2024-09-01,,"{""source"": ""simulation""}"
acct_000190,acct_000190_owner,app_integration_connected,2024-09-29T09:28:00+00:00,2024-09-01,,"{""source"": ""simulation""}"
acct_000190,acct_000190_owner,feature_activated,2024-10-08T09:28:00+00:00,2024-10-01,bank_feed_sync,"{""source"": ""simulation""}"
acct_000191,acct_000191_owner,signup,2024-07-23T12:29:00+00:00,2024-07-01,,"{""source"": ""simulation""}"
acct_000191,acct_000191_owner,first_invoice_created,2024-07-24T12:29:00+00:00,2024-07-01,,"{""source"": ""simulation""}"
acct_000191,acct_000191_owner,first_payment_received,2024-07-27T12:29:00+00:00,2024-07-01,,"{""source"": ""simulation""}"
acct_000192,acct_000192_owner,signup,2024-07-16T09:15:00+00:00,2024-07-01,,"{""source"": ""simulation""}"
acct_000192,acct_000192_owner,first_invoice_created,2024-07-22T09:15:00+00:00,2024-07-01,,"{""source"": ""simulation""}"
acct_000192,acct_000192_owner,first_payment_received,2024-07-22T09:15:00+00:00,2024-07-01,,"{""source"": ""simulation""}"
acct_000192,acct_000192_owner,app_integration_connected,2024-08-01T09:15:00+00:00,2024-08-01,,"{""source"": ""simulation""}"
acct_000192,acct_000192_owner,feature_activated,2024-08-27T09:15:00+00:00,2024-08-01,bank_feed_sync,"{""source"": ""simulation""}"
acct_000193,acct_000193_owner,signup,2024-05-23T12:01:00+00:00,2024-05-01,,"{""source"": ""simulation""}"
acct_000194,acct_000194_owner,signup,2024-01-19T18:49:00+00:00,2024-01-01,,"{""source"": ""simulation""}"
acct_000195,acct_000195_owner,signup,2024-05-25T20:14:00+00:00,2024-05-01,,"{""source"": ""simulation""}"
acct_000195,acct_000195_owner,first_invoice_created,2024-05-27T20:14:00+00:00,2024-05-01,,"{""source"": ""simulation""}"
acct_000195,acct_000195_owner,first_payment_received,2024-06-04T20:14:00+00:00,2024-06-01,,"{""source"": ""simulation""}"
acct_000196,acct_000196_owner,signup,2024-04-20T12:43:00+00:00,2024-04-01,,"{""source"": ""simulation""}"
acct_000196,acct_000196_owner,first_invoice_created,2024-04-24T12:43:00+00:00,2024-04-01,,"{""source"": ""simulation""}"
acct_000196,acct_000196_owner,first_payment_received,2024-04-28T12:43:00+00:00,2024-04-01,,"{""source"": ""simulation""}"
acct_000196,acct_000196_owner,app_integration_connected,2024-05-02T12:43:00+00:00,2024-05-01,,"{""source"": ""simulation""}"
acct_000196,acct_000196_owner,feature_activated,2024-05-26T12:43:00+00:00,2024-05-01,bank_feed_sync,"{""source"": ""simulation""}"
acct_000197,acct_000197_owner,signup,2024-01-10T20:28:00+00:00,2024-01-01,,"{""source"": ""simulation""}"
acct_000197,acct_000197_owner,first_invoice_created,2024-01-13T20:28:00+00:00,2024-01-01,,"{""source"": ""simulation""}"
acct_000197,acct_000197_owner,first_payment_received,2024-01-19T20:28:00+00:00,2024-01-01,,"{""source"": ""simulation""}"
acct_000197,acct_000197_owner,app_integration_connected,2024-01-22T20:28:00+00:00,2024-01-01,,"{""source"": ""simulation""}"
acct_000197,acct_000197_owner,feature_activated,2024-01-29T20:28:00+00:00,2024-01-01,bank_feed_sync,"{""source"": ""simulation""}"
acct_000198,acct_000198_owner,signup,2024-03-03T12:20:00+00:00,2024-03-01,,"{""source"": ""simulation""}"
acct_000198,acct_000198_owner,first_invoice_created,2024-03-09T12:20:00+00:00,2024-03-01,,"{""source"": ""simulation""}"
acct_000198,acct_000198_owner,first_payment_received,2024-03-15T12:20:00+00:00,2024-03-01,,"{""source"": ""simulation""}"
acct_000199,acct_000199_owner,signup,2024-04-05T20:34:00+00:00,2024-04-01,,"{""source"": ""simulation""}"
acct_000199,acct_000199_owner,first_invoice_created,2024-04-08T20:34:00+00:00,2024-04-01,,"{""source"": ""simulation""}"
acct_000200,acct_000200_owner,signup,2024-03-09T15:51:00+00:00,2024-03-01,,"{""source"": ""simulation""}"
acct_000200,acct_000200_owner,first_invoice_created,2024-03-12T15:51:00+00:00,2024-03-01,,"{""source"": ""simulation""}"
acct_000200,acct_000200_owner,first_payment_received,2024-03-20T15:51:00+00:00,2024-03-01,,"{""source"": ""simulation""}"
acct_000201,acct_000201_owner,signup,2024-02-15T09:09:00+00:00,2024-02-01,,"{""source"": ""simulation""}"
acct_000202,acct_000202_owner,signup,2024-09-12T09:50:00+00:00,2024-09-01,,"{""source"": ""simulation""}"
acct_000202,acct_000202_owner,first_invoice_created,2024-09-13T09:50:00+00:00,2024-09-01,,"{""source"": ""simulation""}"
acct_000202,acct_000202_owner,first_payment_received,2024-09-13T09:50:00+00:00,2024-09-01,,"{""source"": ""simulation""}"
acct_000202,acct_000202_owner,app_integration_connected,2024-09-14T09:50:00+00:00,2024-09-01,,"{""source"": ""simulation""}"
acct_000202,acct_000202_owner,feature_activated,2024-10-08T09:50:00+00:00,2024-10-01,bank_feed_sync,"{""source"": ""simulation""}"
acct_000203,acct_000203_owner,signup,2024-05-18T09:29:00+00:00,2024-05-01,,"{""source"": ""simulation""}"
acct_000203,acct_000203_owner,first_invoice_created,2024-05-28T09:29:00+00:00,2024-05-01,,"{""source"": ""simulation""}"
acct_000203,acct_000203_owner,first_payment_received,2024-06-02T09:29:00+00:00,2024-06-01,,"{""source"": ""simulation""}"
acct_000204,acct_000204_owner,signup,2024-07-21T13:06:00+00:00,2024-07-01,,"{""source"": ""simulation""}"
acct_000204,acct_000204_owner,first_invoice_created,2024-07-29T13:06:00+00:00,2024-07-01,,"{""source"": ""simulation""}"
acct_000204,acct_000204_owner,first_payment_received,2024-08-04T13:06:00+00:00,2024-08-01,,"{""source"": ""simulation""}"
acct_000204,acct_000204_owner,app_integration_connected,2024-08-11T13:06:00+00:00,2024-08-01,,"{""source"": ""simulation""}"
acct_000205,acct_000205_owner,signup,2024-01-20T16:20:00+00:00,2024-01-01,,"{""source"": ""simulation""}"
acct_000205,acct_000205_owner,first_invoice_created,2024-01-21T16:20:00+00:00,2024-01-01,,"{""source"": ""simulation""}"
acct_000205,acct_000205_owner,first_payment_received,2024-01-23T16:20:00+00:00,2024-01-01,,"{""source"": ""simulation""}"
acct_000205,acct_000205_owner,app_integration_connected,2024-02-10T16:20:00+00:00,2024-02-01,,"{""source"": ""simulation""}"
acct_000205,acct_000205_owner,feature_activated,2024-02-15T16:20:00+00:00,2024-02-01,bank_feed_sync,"{""source"": ""simulation""}"
acct_000206,acct_000206_owner,signup,2024-08-23T12:41:00+00:00,2024-08-01,,"{""source"": ""simulation""}"
acct_000206,acct_000206_owner,first_invoice_created,2024-08-31T12:41:00+00:00,2024-08-01,,"{""source"": ""simulation""}"
acct_000206,acct_000206_owner,first_payment_received,2024-09-06T12:41:00+00:00,2024-09-01,,"{""source"": ""simulation""}"
acct_000206,acct_000206_owner,app_integration_connected,2024-09-09T12:41:00+00:00,2024-09-01,,"{""source"": ""simulation""}"
acct_000206,acct_000206_owner,feature_activated,2024-10-07T12:41:00+00:00,2024-10-01,bank_feed_sync,"{""source"": ""simulation""}"
acct_000206,acct_000206_owner,plan_upgrade,2024-10-24T12:41:00+00:00,2024-10-01,,"{""source"": ""simulation""}"
acct_000207,acct_000207_owner,signup,2024-03-02T08:19:00+00:00,2024-03-01,,"{""source"": ""simulation""}"
acct_000207,acct_000207_owner,first_invoice_created,2024-03-08T08:19:00+00:00,2024-03-01,,"{""source"": ""simulation""}"
acct_000207,acct_000207_owner,first_payment_received,2024-03-08T08:19:00+00:00,2024-03-01,,"{""source"": ""simulation""}"
acct_000207,acct_000207_owner,app_integration_connected,2024-03-12T08:19:00+00:00,2024-03-01,,"{""source"": ""simulation""}"
acct_000207,acct_000207_owner,feature_activated,2024-04-08T08:19:00+00:00,2024-04-01,bank_feed_sync,"{""source"": ""simulation""}"
acct_000208,acct_000208_owner,signup,2024-02-08T16:08:00+00:00,2024-02-01,,"{""source"": ""simulation""}"
acct_000208,acct_000208_owner,first_invoice_created,2024-02-11T16:08:00+00:00,2024-02-01,,"{""source"": ""simulation""}"
acct_000208,acct_000208_owner,first_payment_received,2024-02-11T16:08:00+00:00,2024-02-01,,"{""source"": ""simulation""}"
acct_000208,acct_000208_owner,app_integration_connected,2024-03-01T16:08:00+00:00,2024-03-01,,"{""source"": ""simulation""}"
acct_000208,acct_000208_owner,feature_activated,2024-03-12T16:08:00+00:00,2024-03-01,bank_feed_sync,"{""source"": ""simulation""}"
acct_000209,acct_000209_owner,signup,2024-06-22T19:44:00+00:00,2024-06-01,,"{""source"": ""simulation""}"
acct_000209,acct_000209_owner,first_invoice_created,2024-06-29T19:44:00+00:00,2024-06-01,,"{""source"": ""simulation""}"
acct_000209,acct_000209_owner,first_payment_received,2024-07-04T19:44:00+00:00,2024-07-01,,"{""source"": ""simulation""}"
acct_000210,acct_000210_owner,signup,2024-07-21T09:53:00+00:00,2024-07-01,,"{""source"": ""simulation""}"
acct_000210,acct_000210_owner,first_invoice_created,2024-07-28T09:53:00+00:00,2024-07-01,,"{""source"": ""simulation""}"
acct_000210,acct_000210_owner,first_payment_received,2024-08-04T09:53:00+00:00,2024-08-01,,"{""source"": ""simulation""}"
acct_000210,acct_000210_owner,app_integration_connected,2024-08-16T09:53:00+00:00,2024-08-01,,"{""source"": ""simulation""}"
acct_000210,acct_000210_owner,plan_upgrade,2024-09-22T09:53:00+00:00,2024-09-01,,"{""source"": ""simulation""}"
acct_000211,acct_000211_owner,signup,2024-05-02T19:23:00+00:00,2024-05-01,,"{""source"": ""simulation""}"
acct_000211,acct_000211_owner,first_invoice_created,2024-05-07T19:23:00+00:00,2024-05-01,,"{""source"": ""simulation""}"
acct_000211,acct_000211_owner,first_payment_received,2024-05-14T19:23:00+00:00,2024-05-01,,"{""source"": ""simulation""}"
acct_000212,acct_000212_owner,signup,2024-08-08T13:06:00+00:00,2024-08-01,,"{""source"": ""simulation""}"
acct_000212,acct_000212_owner,first_invoice_created,2024-08-15T13:06:00+00:00,2024-08-01,,"{""source"": ""simulation""}"
acct_000212,acct_000212_owner,first_payment_received,2024-08-16T13:06:00+00:00,2024-08-01,,"{""source"": ""simulation""}"
acct_000212,acct_000212_owner,app_integration_connected,2024-08-30T13:06:00+00:00,2024-08-01,,"{""source"": ""simulation""}"
acct_000212,acct_000212_owner,feature_activated,2024-09-11T13:06:00+00:00,2024-09-01,bank_feed_sync,"{""source"": ""simulation""}"
acct_000213,acct_000213_owner,signup,2024-01-13T12:12:00+00:00,2024-01-01,,"{""source"": ""simulation""}"
acct_000213,acct_000213_owner,first_invoice_created,2024-01-18T12:12:00+00:00,2024-01-01,,"{""source"": ""simulation""}"
acct_000213,acct_000213_owner,first_payment_received,2024-01-20T12:12:00+00:00,2024-01-01,,"{""source"": ""simulation""}"
acct_000214,acct_000214_owner,signup,2024-02-22T11:41:00+00:00,2024-02-01,,"{""source"": ""simulation""}"
acct_000214,acct_000214_owner,first_invoice_created,2024-02-23T11:41:00+00:00,2024-02-01,,"{""source"": ""simulation""}"
acct_000214,acct_000214_owner,first_payment_received,2024-02-25T11:41:00+00:00,2024-02-01,,"{""source"": ""simulation""}"
acct_000214,acct_000214_owner,app_integration_connected,2024-03-13T11:41:00+00:00,2024-03-01,,"{""source"": ""simulation""}"
acct_000214,acct_000214_owner,feature_activated,2024-03-25T11:41:00+00:00,2024-03-01,bank_feed_sync,"{""source"": ""simulation""}"
acct_000214,acct_000214_owner,plan_upgrade,2024-05-04T11:41:00+00:00,2024-05-01,,"{""source"": ""simulation""}"
acct_000215,acct_000215_owner,signup,2024-06-08T10:50:00+00:00,2024-06-01,,"{""source"": ""simulation""}"
acct_000215,acct_000215_owner,first_invoice_created,2024-06-11T10:50:00+00:00,2024-06-01,,"{""source"": ""simulation""}"
acct_000215,acct_000215_owner,first_payment_received,2024-06-15T10:50:00+00:00,2024-06-01,,"{""source"": ""simulation""}"
acct_000215,acct_000215_owner,app_integration_connected,2024-06-22T10:50:00+00:00,2024-06-01,,"{""source"": ""simulation""}"
acct_000216,acct_000216_owner,signup,2024-09-07T17:13:00+00:00,2024-09-01,,"{""source"": ""simulation""}"
acct_000216,acct_000216_owner,first_invoice_created,2024-09-15T17:13:00+00:00,2024-09-01,,"{""source"": ""simulation""}"
acct_000216,acct_000216_owner,first_payment_received,2024-09-20T17:13:00+00:00,2024-09-01,,"{""source"": ""simulation""}"
acct_000216,acct_000216_owner,app_integration_connected,2024-10-05T17:13:00+00:00,2024-10-01,,"{""source"": ""simulation""}"
acct_000216,acct_000216_owner,plan_upgrade,2024-11-08T17:13:00+00:00,2024-11-01,,"{""source"": ""simulation""}"
acct_000217,acct_000217_owner,signup,2024-03-20T08:17:00+00:00,2024-03-01,,"{""source"": ""simulation""}"
acct_000217,acct_000217_owner,first_invoice_created,2024-03-22T08:17:00+00:00,2024-03-01,,"{""source"": ""simulation""}"
acct_000218,acct_000218_owner,signup,2024-09-09T20:11:00+00:00,2024-09-01,,"{""source"": ""simulation""}"
acct_000219,acct_000219_owner,signup,2024-03-01T13:50:00+00:00,2024-03-01,,"{""source"": ""simulation""}"
acct_000219,acct_000219_owner,first_invoice_created,2024-03-05T13:50:00+00:00,2024-03-01,,"{""source"": ""simulation""}"
acct_000220,acct_000220_owner,signup,2024-01-06T12:03:00+00:00,2024-01-01,,"{""source"": ""simulation""}"
acct_000220,acct_000220_owner,first_invoice_created,2024-01-08T12:03:00+00:00,2024-01-01,,"{""source"": ""simulation""}"
acct_000220,acct_000220_owner,first_payment_received,2024-01-10T12:03:00+00:00,2024-01-01,,"{""source"": ""simulation""}"
acct_000220,acct_000220_owner,app_integration_connected,2024-01-16T12:03:00+00:00,2024-01-01,,"{""source"": ""simulation""}"
acct_000221,acct_000221_owner,signup,2024-09-04T19:04:00+00:00,2024-09-01,,"{""source"": ""simulation""}"
acct_000221,acct_000221_owner,first_invoice_created,2024-09-12T19:04:00+00:00,2024-09-01,,"{""source"": ""simulation""}"
acct_000222,acct_000222_owner,signup,2024-06-17T17:06:00+00:00,2024-06-01,,"{""source"": ""simulation""}"
acct_000222,acct_000222_owner,first_invoice_created,2024-06-24T17:06:00+00:00,2024-06-01,,"{""source"": ""simulation""}"
acct_000222,acct_000222_owner,first_payment_received,2024-06-27T17:06:00+00:00,2024-06-01,,"{""source"": ""simulation""}"
acct_000222,acct_000222_owner,app_integration_connected,2024-07-06T17:06:00+00:00,2024-07-01,,"{""source"": ""simulation""}"
acct_000222,acct_000222_owner,feature_activated,2024-08-05T17:06:00+00:00,2024-08-01,bank_feed_sync,"{""source"": ""simulation""}"
acct_000223,acct_000223_owner,signup,2024-01-24T20:58:00+00:00,2024-01-01,,"{""source"": ""simulation""}"
acct_000224,acct_000224_owner,signup,2024-01-02T15:54:00+00:00,2024-01-01,,"{""source"": ""simulation""}"
acct_000224,acct_000224_owner,first_invoice_created,2024-01-09T15:54:00+00:00,2024-01-01,,"{""source"": ""simulation""}"
acct_000224,acct_000224_owner,first_payment_received,2024-01-12T15:54:00+00:00,2024-01-01,,"{""source"": ""simulation""}"
acct_000224,acct_000224_owner,app_integration_connected,2024-01-19T15:54:00+00:00,2024-01-01,,"{""source"": ""simulation""}"
acct_000224,acct_000224_owner,feature_activated,2024-01-27T15:54:00+00:00,2024-01-01,bank_feed_sync,"{""source"": ""simulation""}"
acct_000225,acct_000225_owner,signup,2024-02-16T19:58:00+00:00,2024-02-01,,"{""source"": ""simulation""}"
acct_000226,acct_000226_owner,signup,2024-02-11T17:09:00+00:00,2024-02-01,,"{""source"": ""simulation""}"
acct_000226,acct_000226_owner,first_invoice_created,2024-02-21T17:09:00+00:00,2024-02-01,,"{""source"": ""simulation""}"
acct_000226,acct_000226_owner,first_payment_received,2024-02-29T17:09:00+00:00,2024-02-01,,"{""source"": ""simulation""}"
acct_000226,acct_000226_owner,app_integration_connected,2024-03-17T17:09:00+00:00,2024-03-01,,"{""source"": ""simulation""}"
acct_000226,acct_000226_owner,feature_activated,2024-03-31T17:09:00+00:00,2024-03-01,bank_feed_sync,"{""source"": ""simulation""}"
acct_000227,acct_000227_owner,signup,2024-05-20T18:37:00+00:00,2024-05-01,,"{""source"": ""simulation""}"
acct_000227,acct_000227_owner,first_invoice_created,2024-05-29T18:37:00+00:00,2024-05-01,,"{""source"": ""simulation""}"
acct_000227,acct_000227_owner,first_payment_received,2024-05-30T18:37:00+00:00,2024-05-01,,"{""source"": ""simulation""}"
acct_000227,acct_000227_owner,app_integration_connected,2024-06-15T18:37:00+00:00,2024-06-01,,"{""source"": ""simulation""}"
acct_000227,acct_000227_owner,feature_activated,2024-07-05T18:37:00+00:00,2024-07-01,bank_feed_sync,"{""source"": ""simulation""}"
acct_000227,acct_000227_owner,plan_upgrade,2024-07-29T18:37:00+00:00,2024-07-01,,"{""source"": ""simulation""}"
acct_000228,acct_000228_owner,signup,2024-09-10T15:32:00+00:00,2024-09-01,,"{""source"": ""simulation""}"
acct_000229,acct_000229_owner,signup,2024-02-21T18:56:00+00:00,2024-02-01,,"{""source"": ""simulation""}"
acct_000229,acct_000229_owner,first_invoice_created,2024-02-27T18:56:00+00:00,2024-02-01,,"{""source"": ""simulation""}"
acct_000230,acct_000230_owner,signup,2024-08-08T14:21:00+00:00,2024-08-01,,"{""source"": ""simulation""}"
acct_000231,acct_000231_owner,signup,2024-07-24T09:20:00+00:00,2024-07-01,,"{""source"": ""simulation""}"
acct_000232,acct_000232_owner,signup,2024-05-12T10:43:00+00:00,2024-05-01,,"{""source"": ""simulation""}"
acct_000233,acct_000233_owner,signup,2024-02-03T09:27:00+00:00,2024-02-01,,"{""source"": ""simulation""}"
acct_000233,acct_000233_owner,first_invoice_created,2024-02-04T09:27:00+00:00,2024-02-01,,"{""source"": ""simulation""}"
acct_000233,acct_000233_owner,first_payment_received,2024-02-10T09:27:00+00:00,2024-02-01,,"{""source"": ""simulation""}"
acct_000233,acct_000233_owner,app_integration_connected,2024-03-01T09:27:00+00:00,2024-03-01,,"{""source"": ""simulation""}"
acct_000233,acct_000233_owner,feature_activated,2024-03-02T09:27:00+00:00,2024-03-01,bank_feed_sync,"{""source"": ""simulation""}"
acct_000234,acct_000234_owner,signup,2024-03-18T08:37:00+00:00,2024-03-01,,"{""source"": ""simulation""}"
acct_000234,acct_000234_owner,first_invoice_created,2024-03-20T08:37:00+00:00,2024-03-01,,"{""source"": ""simulation""}"
acct_000234,acct_000234_owner,first_payment_received,2024-03-22T08:37:00+00:00,2024-03-01,,"{""source"": ""simulation""}"
acct_000234,acct_000234_owner,app_integration_connected,2024-03-24T08:37:00+00:00,2024-03-01,,"{""source"": ""simulation""}"
acct_000234,acct_000234_owner,feature_activated,2024-04-20T08:37:00+00:00,2024-04-01,bank_feed_sync,"{""source"": ""simulation""}"
acct_000235,acct_000235_owner,signup,2024-07-12T18:48:00+00:00,2024-07-01,,"{""source"": ""simulation""}"
acct_000236,acct_000236_owner,signup,2024-05-20T12:22:00+00:00,2024-05-01,,"{""source"": ""simulation""}"
acct_000236,acct_000236_owner,first_invoice_created,2024-05-24T12:22:00+00:00,2024-05-01,,"{""source"": ""simulation""}"
acct_000237,acct_000237_owner,signup,2024-03-22T15:14:00+00:00,2024-03-01,,"{""source"": ""simulation""}"
acct_000237,acct_000237_owner,first_invoice_created,2024-03-31T15:14:00+00:00,2024-03-01,,"{""source"": ""simulation""}"
acct_000237,acct_000237_owner,first_payment_received,2024-04-03T15:14:00+00:00,2024-04-01,,"{""source"": ""simulation""}"
acct_000237,acct_000237_owner,app_integration_connected,2024-04-21T15:14:00+00:00,2024-04-01,,"{""source"": ""simulation""}"
acct_000237,acct_000237_owner,feature_activated,2024-04-28T15:14:00+00:00,2024-04-01,bank_feed_sync,"{""source"": ""simulation""}"
acct_000238,acct_000238_owner,signup,2024-09-12T09:48:00+00:00,2024-09-01,,"{""source"": ""simulation""}"
acct_000238,acct_000238_owner,first_invoice_created,2024-09-21T09:48:00+00:00,2024-09-01,,"{""source"": ""simulation""}"
acct_000238,acct_000238_owner,first_payment_received,2024-09-26T09:48:00+00:00,2024-09-01,,"{""source"": ""simulation""}"
acct_000238,acct_000238_owner,app_integration_connected,2024-10-14T09:48:00+00:00,2024-10-01,,"{""source"": ""simulation""}"
acct_000239,acct_000239_owner,signup,2024-07-18T20:52:00+00:00,2024-07-01,,"{""source"": ""simulation""}"
acct_000240,acct_000240_owner,signup,2024-01-06T12:44:00+00:00,2024-01-01,,"{""source"": ""simulation""}"
acct_000240,acct_000240_owner,first_invoice_created,2024-01-15T12:44:00+00:00,2024-01-01,,"{""source"": ""simulation""}"
acct_000240,acct_000240_owner,first_payment_received,2024-01-22T12:44:00+00:00,2024-01-01,,"{""source"": ""simulation""}"
acct_000240,acct_000240_owner,app_integration_connected,2024-01-23T12:44:00+00:00,2024-01-01,,"{""source"": ""simulation""}"
acct_000240,acct_000240_owner,feature_activated,2024-02-18T12:44:00+00:00,2024-02-01,bank_feed_sync,"{""source"": ""simulation""}"
acct_000241,acct_000241_owner,signup,2024-06-01T10:55:00+00:00,2024-06-01,,"{""source"": ""simulation""}"
acct_000242,acct_000242_owner,signup,2024-02-05T19:40:00+00:00,2024-02-01,,"{""source"": ""simulation""}"
acct_000243,acct_000243_owner,signup,2024-09-07T14:26:00+00:00,2024-09-01,,"{""source"": ""simulation""}"
acct_000243,acct_000243_owner,first_invoice_created,2024-09-15T14:26:00+00:00,2024-09-01,,"{""source"": ""simulation""}"
acct_000243,acct_000243_owner,first_payment_received,2024-09-22T14:26:00+00:00,2024-09-01,,"{""source"": ""simulation""}"
acct_000243,acct_000243_owner,app_integration_connected,2024-10-08T14:26:00+00:00,2024-10-01,,"{""source"": ""simulation""}"
acct_000243,acct_000243_owner,feature_activated,2024-10-30T14:26:00+00:00,2024-10-01,bank_feed_sync,"{""source"": ""simulation""}"
acct_000243,acct_000243_owner,plan_upgrade,2024-11-23T14:26:00+00:00,2024-11-01,,"{""source"": ""simulation""}"
acct_000244,acct_000244_owner,signup,2024-03-12T12:46:00+00:00,2024-03-01,,"{""source"": ""simulation""}"
acct_000245,acct_000245_owner,signup,2024-01-05T10:48:00+00:00,2024-01-01,,"{""source"": ""simulation""}"
acct_000245,acct_000245_owner,first_invoice_created,2024-01-10T10:48:00+00:00,2024-01-01,,"{""source"": ""simulation""}"
acct_000245,acct_000245_owner,first_payment_received,2024-01-10T10:48:00+00:00,2024-01-01,,"{""source"": ""simulation""}"
acct_000246,acct_000246_owner,signup,2024-05-15T18:27:00+00:00,2024-05-01,,"{""source"": ""simulation""}"
acct_000246,acct_000246_owner,first_invoice_created,2024-05-20T18:27:00+00:00,2024-05-01,,"{""source"": ""simulation""}"
acct_000246,acct_000246_owner,first_payment_received,2024-05-20T18:27:00+00:00,2024-05-01,,"{""source"": ""simulation""}"
acct_000247,acct_000247_owner,signup,2024-07-09T11:48:00+00:00,2024-07-01,,"{""source"": ""simulation""}"
acct_000248,acct_000248_owner,signup,2024-07-04T12:43:00+00:00,2024-07-01,,"{""source"": ""simulation""}"
acct_000248,acct_000248_owner,first_invoice_created,2024-07-05T12:43:00+00:00,2024-07-01,,"{""source"": ""simulation""}"
acct_000248,acct_000248_owner,first_payment_received,2024-07-05T12:43:00+00:00,2024-07-01,,"{""source"": ""simulation""}"
acct_000249,acct_000249_owner,signup,2024-01-08T14:38:00+00:00,2024-01-01,,"{""source"": ""simulation""}"
acct_000249,acct_000249_owner,first_invoice_created,2024-01-14T14:38:00+00:00,2024-01-01,,"{""source"": ""simulation""}"
acct_000249,acct_000249_owner,first_payment_received,2024-01-15T14:38:00+00:00,2024-01-01,,"{""source"": ""simulation""}"
acct_000250,acct_000250_owner,signup,2024-04-10T11:49:00+00:00,2024-04-01,,"{""source"": ""simulation""}"
acct_000251,acct_000251_owner,signup,2024-05-11T09:00:00+00:00,2024-05-01,,"{""source"": ""simulation""}"
acct_000251,acct_000251_owner,first_invoice_created,2024-05-18T09:00:00+00:00,2024-05-01,,"{""source"": ""simulation""}"
acct_000252,acct_000252_owner,signup,2024-03-05T14:34:00+00:00,2024-03-01,,"{""source"": ""simulation""}"
acct_000252,acct_000252_owner,first_invoice_created,2024-03-15T14:34:00+00:00,2024-03-01,,"{""source"": ""simulation""}"
acct_000252,acct_000252_owner,first_payment_received,2024-03-22T14:34:00+00:00,2024-03-01,,"{""source"": ""simulation""}"
acct_000252,acct_000252_owner,app_integration_connected,2024-04-08T14:34:00+00:00,2024-04-01,,"{""source"": ""simulation""}"
acct_000252,acct_000252_owner,feature_activated,2024-04-19T14:34:00+00:00,2024-04-01,bank_feed_sync,"{""source"": ""simulation""}"
acct_000253,acct_000253_owner,signup,2024-02-13T19:02:00+00:00,2024-02-01,,"{""source"": ""simulation""}"
acct_000253,acct_000253_owner,first_invoice_created,2024-02-15T19:02:00+00:00,2024-02-01,,"{""source"": ""simulation""}"
acct_000253,acct_000253_owner,first_payment_received,2024-02-19T19:02:00+00:00,2024-02-01,,"{""source"": ""simulation""}"
acct_000253,acct_000253_owner,app_integration_connected,2024-02-22T19:02:00+00:00,2024-02-01,,"{""source"": ""simulation""}"
acct_000253,acct_000253_owner,feature_activated,2024-02-24T19:02:00+00:00,2024-02-01,bank_feed_sync,"{""source"": ""simulation""}"
acct_000254,acct_000254_owner,signup,2024-08-03T13:36:00+00:00,2024-08-01,,"{""source"": ""simulation""}"
acct_000255,acct_000255_owner,signup,2024-07-10T09:25:00+00:00,2024-07-01,,"{""source"": ""simulation""}"
acct_000256,acct_000256_owner,signup,2024-03-20T15:53:00+00:00,2024-03-01,,"{""source"": ""simulation""}"
acct_000256,acct_000256_owner,first_invoice_created,2024-03-27T15:53:00+00:00,2024-03-01,,"{""source"": ""simulation""}"
acct_000256,acct_000256_owner,first_payment_received,2024-04-02T15:53:00+00:00,2024-04-01,,"{""source"": ""simulation""}"
acct_000257,acct_000257_owner,signup,2024-07-04T11:27:00+00:00,2024-07-01,,"{""source"": ""simulation""}"
acct_000257,acct_000257_owner,first_invoice_created,2024-07-07T11:27:00+00:00,2024-07-01,,"{""source"": ""simulation""}"
acct_000257,acct_000257_owner,first_payment_received,2024-07-08T11:27:00+00:00,2024-07-01,,"{""source"": ""simulation""}"
acct_000258,acct_000258_owner,signup,2024-07-10T19:21:00+00:00,2024-07-01,,"{""source"": ""simulation""}"
acct_000259,acct_000259_owner,signup,2024-03-03T16:40:00+00:00,2024-03-01,,"{""source"": ""simulation""}"
acct_000259,acct_000259_owner,first_invoice_created,2024-03-11T16:40:00+00:00,2024-03-01,,"{""source"": ""simulation""}"
acct_000259,acct_000259_owner,first_payment_received,2024-03-14T16:40:00+00:00,2024-03-01,,"{""source"": ""simulation""}"
acct_000259,acct_000259_owner,app_integration_connected,2024-03-28T16:40:00+00:00,2024-03-01,,"{""source"": ""simulation""}"
acct_000259,acct_000259_owner,feature_activated,2024-04-21T16:40:00+00:00,2024-04-01,bank_feed_sync,"{""source"": ""simulation""}"
acct_000259,acct_000259_owner,plan_upgrade,2024-05-28T16:40:00+00:00,2024-05-01,,"{""source"": ""simulation""}"
acct_000260,acct_000260_owner,signup,2024-06-12T19:52:00+00:00,2024-06-01,,"{""source"": ""simulation""}"
acct_000260,acct_000260_owner,first_invoice_created,2024-06-16T19:52:00+00:00,2024-06-01,,"{""source"": ""simulation""}"
acct_000260,acct_000260_owner,first_payment_received,2024-06-22T19:52:00+00:00,2024-06-01,,"{""source"": ""simulation""}"
acct_000260,acct_000260_owner,app_integration_connected,2024-07-08T19:52:00+00:00,2024-07-01,,"{""source"": ""simulation""}"
acct_000260,acct_000260_owner,feature_activated,2024-07-23T19:52:00+00:00,2024-07-01,bank_feed_sync,"{""source"": ""simulation""}"
acct_000260,acct_000260_owner,plan_upgrade,2024-09-20T19:52:00+00:00,2024-09-01,,"{""source"": ""simulation""}"
acct_000261,acct_000261_owner,signup,2024-02-05T12:12:00+00:00,2024-02-01,,"{""source"": ""simulation""}"
acct_000261,acct_000261_owner,first_invoice_created,2024-02-06T12:12:00+00:00,2024-02-01,,"{""source"": ""simulation""}"
acct_000261,acct_000261_owner,first_payment_received,2024-02-08T12:12:00+00:00,2024-02-01,,"{""source"": ""simulation""}"
acct_000261,acct_000261_owner,app_integration_connected,2024-02-17T12:12:00+00:00,2024-02-01,,"{""source"": ""simulation""}"
acct_000261,acct_000261_owner,feature_activated,2024-03-15T12:12:00+00:00,2024-03-01,bank_feed_sync,"{""source"": ""simulation""}"
acct_000261,acct_000261_owner,plan_upgrade,2024-05-04T12:12:00+00:00,2024-05-01,,"{""source"": ""simulation""}"
acct_000262,acct_000262_owner,signup,2024-02-06T20:40:00+00:00,2024-02-01,,"{""source"": ""simulation""}"
acct_000262,acct_000262_owner,first_invoice_created,2024-02-09T20:40:00+00:00,2024-02-01,,"{""source"": ""simulation""}"
acct_000263,acct_000263_owner,signup,2024-08-22T17:41:00+00:00,2024-08-01,,"{""source"": ""simulation""}"
acct_000263,acct_000263_owner,first_invoice_created,2024-08-26T17:41:00+00:00,2024-08-01,,"{""source"": ""simulation""}"
acct_000263,acct_000263_owner,first_payment_received,2024-08-30T17:41:00+00:00,2024-08-01,,"{""source"": ""simulation""}"
acct_000263,acct_000263_owner,app_integration_connected,2024-09-04T17:41:00+00:00,2024-09-01,,"{""source"": ""simulation""}"
acct_000263,acct_000263_owner,feature_activated,2024-09-23T17:41:00+00:00,2024-09-01,bank_feed_sync,"{""source"": ""simulation""}"
acct_000264,acct_000264_owner,signup,2024-03-15T09:30:00+00:00,2024-03-01,,"{""source"": ""simulation""}"
acct_000265,acct_000265_owner,signup,2024-05-19T08:22:00+00:00,2024-05-01,,"{""source"": ""simulation""}"
acct_000265,acct_000265_owner,first_invoice_created,2024-05-25T08:22:00+00:00,2024-05-01,,"{""source"": ""simulation""}"
acct_000265,acct_000265_owner,first_payment_received,2024-05-27T08:22:00+00:00,2024-05-01,,"{""source"": ""simulation""}"
acct_000266,acct_000266_owner,signup,2024-08-15T08:03:00+00:00,2024-08-01,,"{""source"": ""simulation""}"
acct_000266,acct_000266_owner,first_invoice_created,2024-08-24T08:03:00+00:00,2024-08-01,,"{""source"": ""simulation""}"
acct_000266,acct_000266_owner,first_payment_received,2024-08-30T08:03:00+00:00,2024-08-01,,"{""source"": ""simulation""}"
acct_000267,acct_000267_owner,signup,2024-02-21T09:39:00+00:00,2024-02-01,,"{""source"": ""simulation""}"
acct_000267,acct_000267_owner,first_invoice_created,2024-03-01T09:39:00+00:00,2024-03-01,,"{""source"": ""simulation""}"
acct_000267,acct_000267_owner,first_payment_received,2024-03-02T09:39:00+00:00,2024-03-01,,"{""source"": ""simulation""}"
acct_000268,acct_000268_owner,signup,2024-09-24T08:28:00+00:00,2024-09-01,,"{""source"": ""simulation""}"
acct_000268,acct_000268_owner,first_invoice_created,2024-10-03T08:28:00+00:00,2024-10-01,,"{""source"": ""simulation""}"
acct_000268,acct_000268_owner,first_payment_received,2024-10-07T08:28:00+00:00,2024-10-01,,"{""source"": ""simulation""}"
acct_000269,acct_000269_owner,signup,2024-08-17T10:03:00+00:00,2024-08-01,,"{""source"": ""simulation""}"
acct_000269,acct_000269_owner,first_invoice_created,2024-08-18T10:03:00+00:00,2024-08-01,,"{""source"": ""simulation""}"
acct_000269,acct_000269_owner,first_payment_received,2024-08-23T10:03:00+00:00,2024-08-01,,"{""source"": ""simulation""}"
acct_000270,acct_000270_owner,signup,2024-06-23T09:32:00+00:00,2024-06-01,,"{""source"": ""simulation""}"
acct_000270,acct_000270_owner,first_invoice_created,2024-07-03T09:32:00+00:00,2024-07-01,,"{""source"": ""simulation""}"
acct_000270,acct_000270_owner,first_payment_received,2024-07-07T09:32:00+00:00,2024-07-01,,"{""source"": ""simulation""}"
acct_000270,acct_000270_owner,app_integration_connected,2024-07-13T09:32:00+00:00,2024-07-01,,"{""source"": ""simulation""}"
acct_000270,acct_000270_owner,feature_activated,2024-08-07T09:32:00+00:00,2024-08-01,bank_feed_sync,"{""source"": ""simulation""}"
acct_000270,acct_000270_owner,plan_upgrade,2024-09-14T09:32:00+00:00,2024-09-01,,"{""source"": ""simulation""}"
acct_000271,acct_000271_owner,signup,2024-04-23T15:28:00+00:00,2024-04-01,,"{""source"": ""simulation""}"
acct_000271,acct_000271_owner,first_invoice_created,2024-04-28T15:28:00+00:00,2024-04-01,,"{""source"": ""simulation""}"
acct_000271,acct_000271_owner,first_payment_received,2024-04-29T15:28:00+00:00,2024-04-01,,"{""source"": ""simulation""}"
acct_000271,acct_000271_owner,app_integration_connected,2024-05-01T15:28:00+00:00,2024-05-01,,"{""source"": ""simulation""}"
acct_000271,acct_000271_owner,feature_activated,2024-05-03T15:28:00+00:00,2024-05-01,bank_feed_sync,"{""source"": ""simulation""}"
acct_000272,acct_000272_owner,signup,2024-06-10T14:26:00+00:00,2024-06-01,,"{""source"": ""simulation""}"
acct_000272,acct_000272_owner,first_invoice_created,2024-06-12T14:26:00+00:00,2024-06-01,,"{""source"": ""simulation""}"
acct_000272,acct_000272_owner,first_payment_received,2024-06-20T14:26:00+00:00,2024-06-01,,"{""source"": ""simulation""}"
acct_000272,acct_000272_owner,app_integration_connected,2024-07-08T14:26:00+00:00,2024-07-01,,"{""source"": ""simulation""}"
acct_000272,acct_000272_owner,feature_activated,2024-07-14T14:26:00+00:00,2024-07-01,bank_feed_sync,"{""source"": ""simulation""}"
acct_000273,acct_000273_owner,signup,2024-06-03T13:06:00+00:00,2024-06-01,,"{""source"": ""simulation""}"
acct_000274,acct_000274_owner,signup,2024-05-24T18:58:00+00:00,2024-05-01,,"{""source"": ""simulation""}"
acct_000274,acct_000274_owner,first_invoice_created,2024-06-03T18:58:00+00:00,2024-06-01,,"{""source"": ""simulation""}"
acct_000274,acct_000274_owner,first_payment_received,2024-06-10T18:58:00+00:00,2024-06-01,,"{""source"": ""simulation""}"
acct_000275,acct_000275_owner,signup,2024-02-19T18:09:00+00:00,2024-02-01,,"{""source"": ""simulation""}"
acct_000275,acct_000275_owner,first_invoice_created,2024-02-25T18:09:00+00:00,2024-02-01,,"{""source"": ""simulation""}"
acct_000275,acct_000275_owner,first_payment_received,2024-02-28T18:09:00+00:00,2024-02-01,,"{""source"": ""simulation""}"
acct_000276,acct_000276_owner,signup,2024-07-05T17:45:00+00:00,2024-07-01,,"{""source"": ""simulation""}"
acct_000276,acct_000276_owner,first_invoice_created,2024-07-10T17:45:00+00:00,2024-07-01,,"{""source"": ""simulation""}"
acct_000276,acct_000276_owner,first_payment_received,2024-07-10T17:45:00+00:00,2024-07-01,,"{""source"": ""simulation""}"
acct_000276,acct_000276_owner,app_integration_connected,2024-07-13T17:45:00+00:00,2024-07-01,,"{""source"": ""simulation""}"
acct_000276,acct_000276_owner,feature_activated,2024-08-03T17:45:00+00:00,2024-08-01,bank_feed_sync,"{""source"": ""simulation""}"
acct_000277,acct_000277_owner,signup,2024-09-13T18:50:00+00:00,2024-09-01,,"{""source"": ""simulation""}"
acct_000277,acct_000277_owner,first_invoice_created,2024-09-14T18:50:00+00:00,2024-09-01,,"{""source"": ""simulation""}"
acct_000277,acct_000277_owner,first_payment_received,2024-09-17T18:50:00+00:00,2024-09-01,,"{""source"": ""simulation""}"
acct_000278,acct_000278_owner,signup,2024-09-03T18:42:00+00:00,2024-09-01,,"{""source"": ""simulation""}"
acct_000278,acct_000278_owner,first_invoice_created,2024-09-06T18:42:00+00:00,2024-09-01,,"{""source"": ""simulation""}"
acct_000278,acct_000278_owner,first_payment_received,2024-09-10T18:42:00+00:00,2024-09-01,,"{""source"": ""simulation""}"
acct_000278,acct_000278_owner,app_integration_connected,2024-09-16T18:42:00+00:00,2024-09-01,,"{""source"": ""simulation""}"
acct_000278,acct_000278_owner,feature_activated,2024-10-12T18:42:00+00:00,2024-10-01,bank_feed_sync,"{""source"": ""simulation""}"
acct_000278,acct_000278_owner,plan_upgrade,2024-11-04T18:42:00+00:00,2024-11-01,,"{""source"": ""simulation""}"
acct_000279,acct_000279_owner,signup,2024-01-12T12:11:00+00:00,2024-01-01,,"{""source"": ""simulation""}"
acct_000279,acct_000279_owner,first_invoice_created,2024-01-19T12:11:00+00:00,2024-01-01,,"{""source"": ""simulation""}"
acct_000279,acct_000279_owner,first_payment_received,2024-01-20T12:11:00+00:00,2024-01-01,,"{""source"": ""simulation""}"
acct_000279,acct_000279_owner,app_integration_connected,2024-02-04T12:11:00+00:00,2024-02-01,,"{""source"": ""simulation""}"
acct_000279,acct_000279_owner,feature_activated,2024-02-19T12:11:00+00:00,2024-02-01,bank_feed_sync,"{""source"": ""simulation""}"
acct_000280,acct_000280_owner,signup,2024-08-07T11:08:00+00:00,2024-08-01,,"{""source"": ""simulation""}"
acct_000281,acct_000281_owner,signup,2024-05-04T16:49:00+00:00,2024-05-01,,"{""source"": ""simulation""}"
acct_000281,acct_000281_owner,first_invoice_created,2024-05-12T16:49:00+00:00,2024-05-01,,"{""source"": ""simulation""}"
acct_000281,acct_000281_owner,first_payment_received,2024-05-20T16:49:00+00:00,2024-05-01,,"{""source"": ""simulation""}"
acct_000281,acct_000281_owner,app_integration_connected,2024-06-06T16:49:00+00:00,2024-06-01,,"{""source"": ""simulation""}"
acct_000281,acct_000281_owner,plan_upgrade,2024-08-21T16:49:00+00:00,2024-08-01,,"{""source"": ""simulation""}"
acct_000282,acct_000282_owner,signup,2024-03-20T14:09:00+00:00,2024-03-01,,"{""source"": ""simulation""}"
acct_000282,acct_000282_owner,first_invoice_created,2024-03-30T14:09:00+00:00,2024-03-01,,"{""source"": ""simulation""}"
acct_000282,acct_000282_owner,first_payment_received,2024-04-07T14:09:00+00:00,2024-04-01,,"{""source"": ""simulation""}"
acct_000282,acct_000282_owner,app_integration_connected,2024-04-13T14:09:00+00:00,2024-04-01,,"{""source"": ""simulation""}"
acct_000283,acct_000283_owner,signup,2024-03-24T15:02:00+00:00,2024-03-01,,"{""source"": ""simulation""}"
acct_000283,acct_000283_owner,first_invoice_created,2024-04-01T15:02:00+00:00,2024-04-01,,"{""source"": ""simulation""}"
acct_000283,acct_000283_owner,first_payment_received,2024-04-02T15:02:00+00:00,2024-04-01,,"{""source"": ""simulation""}"
acct_000283,acct_000283_owner,app_integration_connected,2024-04-18T15:02:00+00:00,2024-04-01,,"{""source"": ""simulation""}"
acct_000284,acct_000284_owner,signup,2024-04-15T17:18:00+00:00,2024-04-01,,"{""source"": ""simulation""}"
acct_000285,acct_000285_owner,signup,2024-09-08T12:51:00+00:00,2024-09-01,,"{""source"": ""simulation""}"
acct_000286,acct_000286_owner,signup,2024-06-22T17:28:00+00:00,2024-06-01,,"{""source"": ""simulation""}"
acct_000286,acct_000286_owner,first_invoice_created,2024-07-02T17:28:00+00:00,2024-07-01,,"{""source"": ""simulation""}"
acct_000286,acct_000286_owner,first_payment_received,2024-07-03T17:28:00+00:00,2024-07-01,,"{""source"": ""simulation""}"
acct_000287,acct_000287_owner,signup,2024-07-17T16:26:00+00:00,2024-07-01,,"{""source"": ""simulation""}"
acct_000287,acct_000287_owner,first_invoice_created,2024-07-27T16:26:00+00:00,2024-07-01,,"{""source"": ""simulation""}"
acct_000287,acct_000287_owner,first_payment_received,2024-08-01T16:26:00+00:00,2024-08-01,,"{""source"": ""simulation""}"
acct_000287,acct_000287_owner,app_integration_connected,2024-08-20T16:26:00+00:00,2024-08-01,,"{""source"": ""simulation""}"
acct_000287,acct_000287_owner,feature_activated,2024-09-11T16:26:00+00:00,2024-09-01,bank_feed_sync,"{""source"": ""simulation""}"
acct_000287,acct_000287_owner,plan_upgrade,2024-10-03T16:26:00+00:00,2024-10-01,,"{""source"": ""simulation""}"
acct_000288,acct_000288_owner,signup,2024-03-09T08:41:00+00:00,2024-03-01,,"{""source"": ""simulation""}"
acct_000289,acct_000289_owner,signup,2024-09-04T19:54:00+00:00,2024-09-01,,"{""source"": ""simulation""}"
acct_000289,acct_000289_owner,first_invoice_created,2024-09-08T19:54:00+00:00,2024-09-01,,"{""source"": ""simulation""}"
acct_000289,acct_000289_owner,first_payment_received,2024-09-09T19:54:00+00:00,2024-09-01,,"{""source"": ""simulation""}"
acct_000289,acct_000289_owner,app_integration_connected,2024-09-20T19:54:00+00:00,2024-09-01,,"{""source"": ""simulation""}"
acct_000289,acct_000289_owner,feature_activated,2024-10-17T19:54:00+00:00,2024-10-01,bank_feed_sync,"{""source"": ""simulation""}"
acct_000290,acct_000290_owner,signup,2024-02-25T10:17:00+00:00,2024-02-01,,"{""source"": ""simulation""}"
acct_000290,acct_000290_owner,first_invoice_created,2024-02-29T10:17:00+00:00,2024-02-01,,"{""source"": ""simulation""}"
acct_000291,acct_000291_owner,signup,2024-07-03T11:52:00+00:00,2024-07-01,,"{""source"": ""simulation""}"
acct_000292,acct_000292_owner,signup,2024-01-14T08:25:00+00:00,2024-01-01,,"{""source"": ""simulation""}"
acct_000293,acct_000293_owner,signup,2024-07-03T13:14:00+00:00,2024-07-01,,"{""source"": ""simulation""}"
acct_000293,acct_000293_owner,first_invoice_created,2024-07-13T13:14:00+00:00,2024-07-01,,"{""source"": ""simulation""}"
acct_000293,acct_000293_owner,first_payment_received,2024-07-15T13:14:00+00:00,2024-07-01,,"{""source"": ""simulation""}"
acct_000293,acct_000293_owner,app_integration_connected,2024-08-03T13:14:00+00:00,2024-08-01,,"{""source"": ""simulation""}"
acct_000294,acct_000294_owner,signup,2024-02-23T18:21:00+00:00,2024-02-01,,"{""source"": ""simulation""}"
acct_000294,acct_000294_owner,first_invoice_created,2024-02-29T18:21:00+00:00,2024-02-01,,"{""source"": ""simulation""}"
acct_000294,acct_000294_owner,first_payment_received,2024-03-03T18:21:00+00:00,2024-03-01,,"{""source"": ""simulation""}"
acct_000295,acct_000295_owner,signup,2024-01-10T15:44:00+00:00,2024-01-01,,"{""source"": ""simulation""}"
acct_000295,acct_000295_owner,first_invoice_created,2024-01-13T15:44:00+00:00,2024-01-01,,"{""source"": ""simulation""}"
acct_000295,acct_000295_owner,first_payment_received,2024-01-13T15:44:00+00:00,2024-01-01,,"{""source"": ""simulation""}"
acct_000295,acct_000295_owner,app_integration_connected,2024-01-21T15:44:00+00:00,2024-01-01,,"{""source"": ""simulation""}"
acct_000296,acct_000296_owner,signup,2024-08-20T08:57:00+00:00,2024-08-01,,"{""source"": ""simulation""}"
acct_000296,acct_000296_owner,first_invoice_created,2024-08-24T08:57:00+00:00,2024-08-01,,"{""source"": ""simulation""}"
acct_000297,acct_000297_owner,signup,2024-05-07T10:35:00+00:00,2024-05-01,,"{""source"": ""simulation""}"
acct_000297,acct_000297_owner,first_invoice_created,2024-05-17T10:35:00+00:00,2024-05-01,,"{""source"": ""simulation""}"
acct_000297,acct_000297_owner,first_payment_received,2024-05-19T10:35:00+00:00,2024-05-01,,"{""source"": ""simulation""}"
acct_000298,acct_000298_owner,signup,2024-05-08T12:07:00+00:00,2024-05-01,,"{""source"": ""simulation""}"
acct_000298,acct_000298_owner,first_invoice_created,2024-05-16T12:07:00+00:00,2024-05-01,,"{""source"": ""simulation""}"
acct_000298,acct_000298_owner,first_payment_received,2024-05-19T12:07:00+00:00,2024-05-01,,"{""source"": ""simulation""}"
acct_000298,acct_000298_owner,app_integration_connected,2024-06-01T12:07:00+00:00,2024-06-01,,"{""source"": ""simulation""}"
acct_000298,acct_000298_owner,feature_activated,2024-06-17T12:07:00+00:00,2024-06-01,bank_feed_sync,"{""source"": ""simulation""}"
acct_000299,acct_000299_owner,signup,2024-07-21T20:39:00+00:00,2024-07-01,,"{""source"": ""simulation""}"
acct_000299,acct_000299_owner,first_invoice_created,2024-07-25T20:39:00+00:00,2024-07-01,,"{""source"": ""simulation""}"
acct_000299,acct_000299_owner,first_payment_received,2024-07-26T20:39:00+00:00,2024-07-01,,"{""source"": ""simulation""}"
acct_000299,acct_000299_owner,app_integration_connected,2024-08-11T20:39:00+00:00,2024-08-01,,"{""source"": ""simulation""}"
acct_000300,acct_000300_owner,signup,2024-02-16T17:34:00+00:00,2024-02-01,,"{""source"": ""simulation""}"
acct_000301,acct_000301_owner,signup,2024-03-10T14:00:00+00:00,2024-03-01,,"{""source"": ""simulation""}"
acct_000301,acct_000301_owner,first_invoice_created,2024-03-19T14:00:00+00:00,2024-03-01,,"{""source"": ""simulation""}"
acct_000302,acct_000302_owner,signup,2024-07-06T18:42:00+00:00,2024-07-01,,"{""source"": ""simulation""}"
acct_000302,acct_000302_owner,first_invoice_created,2024-07-08T18:42:00+00:00,2024-07-01,,"{""source"": ""simulation""}"
acct_000302,acct_000302_owner,first_payment_received,2024-07-09T18:42:00+00:00,2024-07-01,,"{""source"": ""simulation""}"
acct_000302,acct_000302_owner,app_integration_connected,2024-07-13T18:42:00+00:00,2024-07-01,,"{""source"": ""simulation""}"
acct_000302,acct_000302_owner,feature_activated,2024-07-29T18:42:00+00:00,2024-07-01,bank_feed_sync,"{""source"": ""simulation""}"
acct_000302,acct_000302_owner,plan_upgrade,2024-08-28T18:42:00+00:00,2024-08-01,,"{""source"": ""simulation""}"
acct_000303,acct_000303_owner,signup,2024-02-17T16:32:00+00:00,2024-02-01,,"{""source"": ""simulation""}"
acct_000303,acct_000303_owner,first_invoice_created,2024-02-23T16:32:00+00:00,2024-02-01,,"{""source"": ""simulation""}"
acct_000303,acct_000303_owner,first_payment_received,2024-02-27T16:32:00+00:00,2024-02-01,,"{""source"": ""simulation""}"
acct_000303,acct_000303_owner,app_integration_connected,2024-03-12T16:32:00+00:00,2024-03-01,,"{""source"": ""simulation""}"
acct_000303,acct_000303_owner,feature_activated,2024-04-06T16:32:00+00:00,2024-04-01,bank_feed_sync,"{""source"": ""simulation""}"
acct_000304,acct_000304_owner,signup,2024-08-02T18:24:00+00:00,2024-08-01,,"{""source"": ""simulation""}"
acct_000304,acct_000304_owner,first_invoice_created,2024-08-07T18:24:00+00:00,2024-08-01,,"{""source"": ""simulation""}"
acct_000304,acct_000304_owner,first_payment_received,2024-08-10T18:24:00+00:00,2024-08-01,,"{""source"": ""simulation""}"
acct_000304,acct_000304_owner,app_integration_connected,2024-08-24T18:24:00+00:00,2024-08-01,,"{""source"": ""simulation""}"
acct_000304,acct_000304_owner,feature_activated,2024-08-31T18:24:00+00:00,2024-08-01,bank_feed_sync,"{""source"": ""simulation""}"
acct_000305,acct_000305_owner,signup,2024-01-12T20:04:00+00:00,2024-01-01,,"{""source"": ""simulation""}"
acct_000305,acct_000305_owner,first_invoice_created,2024-01-20T20:04:00+00:00,2024-01-01,,"{""source"": ""simulation""}"
acct_000305,acct_000305_owner,first_payment_received,2024-01-26T20:04:00+00:00,2024-01-01,,"{""source"": ""simulation""}"
acct_000305,acct_000305_owner,app_integration_connected,2024-01-30T20:04:00+00:00,2024-01-01,,"{""source"": ""simulation""}"
acct_000305,acct_000305_owner,feature_activated,2024-02-21T20:04:00+00:00,2024-02-01,bank_feed_sync,"{""source"": ""simulation""}"
acct_000306,acct_000306_owner,signup,2024-02-25T17:47:00+00:00,2024-02-01,,"{""source"": ""simulation""}"
acct_000306,acct_000306_owner,first_invoice_created,2024-03-05T17:47:00+00:00,2024-03-01,,"{""source"": ""simulation""}"
acct_000306,acct_000306_owner,first_payment_received,2024-03-06T17:47:00+00:00,2024-03-01,,"{""source"": ""simulation""}"
acct_000306,acct_000306_owner,app_integration_connected,2024-03-14T17:47:00+00:00,2024-03-01,,"{""source"": ""simulation""}"
acct_000307,acct_000307_owner,signup,2024-01-12T16:21:00+00:00,2024-01-01,,"{""source"": ""simulation""}"
acct_000307,acct_000307_owner,first_invoice_created,2024-01-19T16:21:00+00:00,2024-01-01,,"{""source"": ""simulation""}"
acct_000307,acct_000307_owner,first_payment_received,2024-01-26T16:21:00+00:00,2024-01-01,,"{""source"": ""simulation""}"
acct_000307,acct_000307_owner,app_integration_connected,2024-02-06T16:21:00+00:00,2024-02-01,,"{""source"": ""simulation""}"
acct_000307,acct_000307_owner,feature_activated,2024-03-01T16:21:00+00:00,2024-03-01,bank_feed_sync,"{""source"": ""simulation""}"
acct_000308,acct_000308_owner,signup,2024-08-21T10:51:00+00:00,2024-08-01,,"{""source"": ""simulation""}"
acct_000308,acct_000308_owner,first_invoice_created,2024-08-28T10:51:00+00:00,2024-08-01,,"{""source"": ""simulation""}"
acct_000308,acct_000308_owner,first_payment_received,2024-08-30T10:51:00+00:00,2024-08-01,,"{""source"": ""simulation""}"
acct_000308,acct_000308_owner,app_integration_connected,2024-09-02T10:51:00+00:00,2024-09-01,,"{""source"": ""simulation""}"
acct_000308,acct_000308_owner,feature_activated,2024-09-22T10:51:00+00:00,2024-09-01,bank_feed_sync,"{""source"": ""simulation""}"
acct_000308,acct_000308_owner,plan_upgrade,2024-11-27T10:51:00+00:00,2024-11-01,,"{""source"": ""simulation""}"
acct_000309,acct_000309_owner,signup,2024-08-02T12:12:00+00:00,2024-08-01,,"{""source"": ""simulation""}"
acct_000309,acct_000309_owner,first_invoice_created,2024-08-09T12:12:00+00:00,2024-08-01,,"{""source"": ""simulation""}"
acct_000309,acct_000309_owner,first_payment_received,2024-08-09T12:12:00+00:00,2024-08-01,,"{""source"": ""simulation""}"
acct_000309,acct_000309_owner,app_integration_connected,2024-08-26T12:12:00+00:00,2024-08-01,,"{""source"": ""simulation""}"
acct_000309,acct_000309_owner,feature_activated,2024-09-22T12:12:00+00:00,2024-09-01,bank_feed_sync,"{""source"": ""simulation""}"
acct_000310,acct_000310_owner,signup,2024-01-11T12:32:00+00:00,2024-01-01,,"{""source"": ""simulation""}"
acct_000310,acct_000310_owner,first_invoice_created,2024-01-13T12:32:00+00:00,2024-01-01,,"{""source"": ""simulation""}"
acct_000311,acct_000311_owner,signup,2024-05-02T20:41:00+00:00,2024-05-01,,"{""source"": ""simulation""}"
acct_000311,acct_000311_owner,first_invoice_created,2024-05-09T20:41:00+00:00,2024-05-01,,"{""source"": ""simulation""}"
acct_000311,acct_000311_owner,first_payment_received,2024-05-09T20:41:00+00:00,2024-05-01,,"{""source"": ""simulation""}"
acct_000311,acct_000311_owner,app_integration_connected,2024-05-23T20:41:00+00:00,2024-05-01,,"{""source"": ""simulation""}"
acct_000311,acct_000311_owner,feature_activated,2024-06-20T20:41:00+00:00,2024-06-01,bank_feed_sync,"{""source"": ""simulation""}"
acct_000312,acct_000312_owner,signup,2024-06-25T08:55:00+00:00,2024-06-01,,"{""source"": ""simulation""}"
acct_000312,acct_000312_owner,first_invoice_created,2024-07-02T08:55:00+00:00,2024-07-01,,"{""source"": ""simulation""}"
acct_000312,acct_000312_owner,first_payment_received,2024-07-10T08:55:00+00:00,2024-07-01,,"{""source"": ""simulation""}"
acct_000313,acct_000313_owner,signup,2024-02-12T14:56:00+00:00,2024-02-01,,"{""source"": ""simulation""}"
acct_000314,acct_000314_owner,signup,2024-07-11T10:31:00+00:00,2024-07-01,,"{""source"": ""simulation""}"
acct_000314,acct_000314_owner,first_invoice_created,2024-07-16T10:31:00+00:00,2024-07-01,,"{""source"": ""simulation""}"
acct_000314,acct_000314_owner,first_payment_received,2024-07-20T10:31:00+00:00,2024-07-01,,"{""source"": ""simulation""}"
acct_000315,acct_000315_owner,signup,2024-09-09T20:05:00+00:00,2024-09-01,,"{""source"": ""simulation""}"
acct_000316,acct_000316_owner,signup,2024-07-20T10:34:00+00:00,2024-07-01,,"{""source"": ""simulation""}"
acct_000316,acct_000316_owner,first_invoice_created,2024-07-26T10:34:00+00:00,2024-07-01,,"{""source"": ""simulation""}"
acct_000316,acct_000316_owner,first_payment_received,2024-07-26T10:34:00+00:00,2024-07-01,,"{""source"": ""simulation""}"
acct_000316,acct_000316_owner,app_integration_connected,2024-07-29T10:34:00+00:00,2024-07-01,,"{""source"": ""simulation""}"
acct_000317,acct_000317_owner,signup,2024-02-03T13:42:00+00:00,2024-02-01,,"{""source"": ""simulation""}"
acct_000317,acct_000317_owner,first_invoice_created,2024-02-05T13:42:00+00:00,2024-02-01,,"{""source"": ""simulation""}"
acct_000317,acct_000317_owner,first_payment_received,2024-02-13T13:42:00+00:00,2024-02-01,,"{""source"": ""simulation""}"
acct_000317,acct_000317_owner,app_integration_connected,2024-02-14T13:42:00+00:00,2024-02-01,,"{""source"": ""simulation""}"
acct_000318,acct_000318_owner,signup,2024-08-20T19:27:00+00:00,2024-08-01,,"{""source"": ""simulation""}"
acct_000318,acct_000318_owner,first_invoice_created,2024-08-24T19:27:00+00:00,2024-08-01,,"{""source"": ""simulation""}"
acct_000319,acct_000319_owner,signup,2024-06-15T08:46:00+00:00,2024-06-01,,"{""source"": ""simulation""}"
acct_000319,acct_000319_owner,first_invoice_created,2024-06-18T08:46:00+00:00,2024-06-01,,"{""source"": ""simulation""}"
acct_000319,acct_000319_owner,first_payment_received,2024-06-22T08:46:00+00:00,2024-06-01,,"{""source"": ""simulation""}"
acct_000320,acct_000320_owner,signup,2024-05-21T20:03:00+00:00,2024-05-01,,"{""source"": ""simulation""}"
acct_000320,acct_000320_owner,first_invoice_created,2024-05-28T20:03:00+00:00,2024-05-01,,"{""source"": ""simulation""}"
acct_000320,acct_000320_owner,first_payment_received,2024-05-28T20:03:00+00:00,2024-05-01,,"{""source"": ""simulation""}"
acct_000320,acct_000320_owner,app_integration_connected,2024-06-04T20:03:00+00:00,2024-06-01,,"{""source"": ""simulation""}"
acct_000321,acct_000321_owner,signup,2024-06-17T20:47:00+00:00,2024-06-01,,"{""source"": ""simulation""}"
acct_000322,acct_000322_owner,signup,2024-03-20T18:50:00+00:00,2024-03-01,,"{""source"": ""simulation""}"
acct_000323,acct_000323_owner,signup,2024-03-03T11:49:00+00:00,2024-03-01,,"{""source"": ""simulation""}"
acct_000323,acct_000323_owner,first_invoice_created,2024-03-05T11:49:00+00:00,2024-03-01,,"{""source"": ""simulation""}"
acct_000324,acct_000324_owner,signup,2024-07-19T08:38:00+00:00,2024-07-01,,"{""source"": ""simulation""}"
acct_000325,acct_000325_owner,signup,2024-06-12T15:48:00+00:00,2024-06-01,,"{""source"": ""simulation""}"
acct_000325,acct_000325_owner,first_invoice_created,2024-06-17T15:48:00+00:00,2024-06-01,,"{""source"": ""simulation""}"
acct_000325,acct_000325_owner,first_payment_received,2024-06-19T15:48:00+00:00,2024-06-01,,"{""source"": ""simulation""}"
acct_000325,acct_000325_owner,app_integration_connected,2024-06-29T15:48:00+00:00,2024-06-01,,"{""source"": ""simulation""}"
acct_000325,acct_000325_owner,feature_activated,2024-07-03T15:48:00+00:00,2024-07-01,bank_feed_sync,"{""source"": ""simulation""}"
acct_000326,acct_000326_owner,signup,2024-09-12T14:20:00+00:00,2024-09-01,,"{""source"": ""simulation""}"
acct_000326,acct_000326_owner,first_invoice_created,2024-09-21T14:20:00+00:00,2024-09-01,,"{""source"": ""simulation""}"
acct_000326,acct_000326_owner,first_payment_received,2024-09-21T14:20:00+00:00,2024-09-01,,"{""source"": ""simulation""}"
acct_000326,acct_000326_owner,app_integration_connected,2024-09-25T14:20:00+00:00,2024-09-01,,"{""source"": ""simulation""}"
acct_000326,acct_000326_owner,feature_activated,2024-10-22T14:20:00+00:00,2024-10-01,bank_feed_sync,"{""source"": ""simulation""}"
acct_000326,acct_000326_owner,plan_upgrade,2024-11-27T14:20:00+00:00,2024-11-01,,"{""source"": ""simulation""}"
acct_000327,acct_000327_owner,signup,2024-02-01T19:11:00+00:00,2024-02-01,,"{""source"": ""simulation""}"
acct_000327,acct_000327_owner,first_invoice_created,2024-02-08T19:11:00+00:00,2024-02-01,,"{""source"": ""simulation""}"
acct_000328,acct_000328_owner,signup,2024-09-04T12:49:00+00:00,2024-09-01,,"{""source"": ""simulation""}"
acct_000328,acct_000328_owner,first_invoice_created,2024-09-09T12:49:00+00:00,2024-09-01,,"{""source"": ""simulation""}"
acct_000328,acct_000328_owner,first_payment_received,2024-09-15T12:49:00+00:00,2024-09-01,,"{""source"": ""simulation""}"
acct_000328,acct_000328_owner,app_integration_connected,2024-09-20T12:49:00+00:00,2024-09-01,,"{""source"": ""simulation""}"
acct_000329,acct_000329_owner,signup,2024-04-20T12:44:00+00:00,2024-04-01,,"{""source"": ""simulation""}"
acct_000330,acct_000330_owner,signup,2024-02-05T09:28:00+00:00,2024-02-01,,"{""source"": ""simulation""}"
acct_000330,acct_000330_owner,first_invoice_created,2024-02-08T09:28:00+00:00,2024-02-01,,"{""source"": ""simulation""}"
acct_000330,acct_000330_owner,first_payment_received,2024-02-12T09:28:00+00:00,2024-02-01,,"{""source"": ""simulation""}"
acct_000330,acct_000330_owner,app_integration_connected,2024-02-17T09:28:00+00:00,2024-02-01,,"{""source"": ""simulation""}"
acct_000331,acct_000331_owner,signup,2024-02-22T13:42:00+00:00,2024-02-01,,"{""source"": ""simulation""}"
acct_000331,acct_000331_owner,first_invoice_created,2024-02-26T13:42:00+00:00,2024-02-01,,"{""source"": ""simulation""}"
acct_000331,acct_000331_owner,first_payment_received,2024-03-01T13:42:00+00:00,2024-03-01,,"{""source"": ""simulation""}"
acct_000331,acct_000331_owner,app_integration_connected,2024-03-09T13:42:00+00:00,2024-03-01,,"{""source"": ""simulation""}"
acct_000331,acct_000331_owner,feature_activated,2024-03-31T13:42:00+00:00,2024-03-01,bank_feed_sync,"{""source"": ""simulation""}"
acct_000332,acct_000332_owner,signup,2024-09-18T12:57:00+00:00,2024-09-01,,"{""source"": ""simulation""}"
acct_000332,acct_000332_owner,first_invoice_created,2024-09-25T12:57:00+00:00,2024-09-01,,"{""source"": ""simulation""}"
acct_000332,acct_000332_owner,first_payment_received,2024-09-30T12:57:00+00:00,2024-09-01,,"{""source"": ""simulation""}"
acct_000333,acct_000333_owner,signup,2024-03-12T16:14:00+00:00,2024-03-01,,"{""source"": ""simulation""}"
acct_000333,acct_000333_owner,first_invoice_created,2024-03-18T16:14:00+00:00,2024-03-01,,"{""source"": ""simulation""}"
acct_000334,acct_000334_owner,signup,2024-03-08T20:31:00+00:00,2024-03-01,,"{""source"": ""simulation""}"
acct_000334,acct_000334_owner,first_invoice_created,2024-03-18T20:31:00+00:00,2024-03-01,,"{""source"": ""simulation""}"
acct_000334,acct_000334_owner,first_payment_received,2024-03-24T20:31:00+00:00,2024-03-01,,"{""source"": ""simulation""}"
acct_000334,acct_000334_owner,app_integration_connected,2024-04-04T20:31:00+00:00,2024-04-01,,"{""source"": ""simulation""}"
acct_000334,acct_000334_owner,plan_upgrade,2024-04-28T20:31:00+00:00,2024-04-01,,"{""source"": ""simulation""}"
acct_000335,acct_000335_owner,signup,2024-09-19T13:29:00+00:00,2024-09-01,,"{""source"": ""simulation""}"
acct_000335,acct_000335_owner,first_invoice_created,2024-09-20T13:29:00+00:00,2024-09-01,,"{""source"": ""simulation""}"
acct_000335,acct_000335_owner,first_payment_received,2024-09-24T13:29:00+00:00,2024-09-01,,"{""source"": ""simulation""}"
acct_000336,acct_000336_owner,signup,2024-02-10T14:45:00+00:00,2024-02-01,,"{""source"": ""simulation""}"
acct_000336,acct_000336_owner,first_invoice_created,2024-02-18T14:45:00+00:00,2024-02-01,,"{""source"": ""simulation""}"
acct_000336,acct_000336_owner,first_payment_received,2024-02-19T14:45:00+00:00,2024-02-01,,"{""source"": ""simulation""}"
acct_000336,acct_000336_owner,app_integration_connected,2024-03-02T14:45:00+00:00,2024-03-01,,"{""source"": ""simulation""}"
acct_000336,acct_000336_owner,feature_activated,2024-03-07T14:45:00+00:00,2024-03-01,bank_feed_sync,"{""source"": ""simulation""}"
acct_000337,acct_000337_owner,signup,2024-07-19T09:08:00+00:00,2024-07-01,,"{""source"": ""simulation""}"
acct_000337,acct_000337_owner,first_invoice_created,2024-07-27T09:08:00+00:00,2024-07-01,,"{""source"": ""simulation""}"
acct_000337,acct_000337_owner,first_payment_received,2024-08-03T09:08:00+00:00,2024-08-01,,"{""source"": ""simulation""}"
acct_000338,acct_000338_owner,signup,2024-08-15T18:33:00+00:00,2024-08-01,,"{""source"": ""simulation""}"
acct_000338,acct_000338_owner,first_invoice_created,2024-08-19T18:33:00+00:00,2024-08-01,,"{""source"": ""simulation""}"
acct_000338,acct_000338_owner,first_payment_received,2024-08-24T18:33:00+00:00,2024-08-01,,"{""source"": ""simulation""}"
acct_000339,acct_000339_owner,signup,2024-09-21T17:11:00+00:00,2024-09-01,,"{""source"": ""simulation""}"
acct_000340,acct_000340_owner,signup,2024-09-02T09:33:00+00:00,2024-09-01,,"{""source"": ""simulation""}"
acct_000340,acct_000340_owner,first_invoice_created,2024-09-03T09:33:00+00:00,2024-09-01,,"{""source"": ""simulation""}"
acct_000340,acct_000340_owner,first_payment_received,2024-09-10T09:33:00+00:00,2024-09-01,,"{""source"": ""simulation""}"
acct_000340,acct_000340_owner,app_integration_connected,2024-09-19T09:33:00+00:00,2024-09-01,,"{""source"": ""simulation""}"
acct_000341,acct_000341_owner,signup,2024-03-06T13:59:00+00:00,2024-03-01,,"{""source"": ""simulation""}"
acct_000341,acct_000341_owner,first_invoice_created,2024-03-15T13:59:00+00:00,2024-03-01,,"{""source"": ""simulation""}"
acct_000341,acct_000341_owner,first_payment_received,2024-03-16T13:59:00+00:00,2024-03-01,,"{""source"": ""simulation""}"
acct_000341,acct_000341_owner,app_integration_connected,2024-03-29T13:59:00+00:00,2024-03-01,,"{""source"": ""simulation""}"
acct_000341,acct_000341_owner,feature_activated,2024-04-19T13:59:00+00:00,2024-04-01,bank_feed_sync,"{""source"": ""simulation""}"
acct_000341,acct_000341_owner,plan_upgrade,2024-04-25T13:59:00+00:00,2024-04-01,,"{""source"": ""simulation""}"
acct_000342,acct_000342_owner,signup,2024-09-10T09:16:00+00:00,2024-09-01,,"{""source"": ""simulation""}"
acct_000343,acct_000343_owner,signup,2024-03-21T12:39:00+00:00,2024-03-01,,"{""source"": ""simulation""}"
acct_000343,acct_000343_owner,first_invoice_created,2024-03-26T12:39:00+00:00,2024-03-01,,"{""source"": ""simulation""}"
acct_000343,acct_000343_owner,first_payment_received,2024-03-31T12:39:00+00:00,2024-03-01,,"{""source"": ""simulation""}"
acct_000344,acct_000344_owner,signup,2024-03-06T18:39:00+00:00,2024-03-01,,"{""source"": ""simulation""}"
acct_000345,acct_000345_owner,signup,2024-01-03T08:41:00+00:00,2024-01-01,,"{""source"": ""simulation""}"
acct_000346,acct_000346_owner,signup,2024-07-20T18:01:00+00:00,2024-07-01,,"{""source"": ""simulation""}"
acct_000347,acct_000347_owner,signup,2024-05-16T11:51:00+00:00,2024-05-01,,"{""source"": ""simulation""}"
acct_000347,acct_000347_owner,first_invoice_created,2024-05-19T11:51:00+00:00,2024-05-01,,"{""source"": ""simulation""}"
acct_000347,acct_000347_owner,first_payment_received,2024-05-24T11:51:00+00:00,2024-05-01,,"{""source"": ""simulation""}"
acct_000348,acct_000348_owner,signup,2024-08-03T19:03:00+00:00,2024-08-01,,"{""source"": ""simulation""}"
acct_000349,acct_000349_owner,signup,2024-07-16T15:13:00+00:00,2024-07-01,,"{""source"": ""simulation""}"
acct_000350,acct_000350_owner,signup,2024-06-23T13:46:00+00:00,2024-06-01,,"{""source"": ""simulation""}"
acct_000351,acct_000351_owner,signup,2024-03-25T13:32:00+00:00,2024-03-01,,"{""source"": ""simulation""}"
acct_000351,acct_000351_owner,first_invoice_created,2024-04-01T13:32:00+00:00,2024-04-01,,"{""source"": ""simulation""}"
acct_000351,acct_000351_owner,first_payment_received,2024-04-09T13:32:00+00:00,2024-04-01,,"{""source"": ""simulation""}"
acct_000351,acct_000351_owner,app_integration_connected,2024-04-19T13:32:00+00:00,2024-04-01,,"{""source"": ""simulation""}"
acct_000352,acct_000352_owner,signup,2024-04-15T09:17:00+00:00,2024-04-01,,"{""source"": ""simulation""}"
acct_000352,acct_000352_owner,first_invoice_created,2024-04-24T09:17:00+00:00,2024-04-01,,"{""source"": ""simulation""}"
acct_000352,acct_000352_owner,first_payment_received,2024-04-29T09:17:00+00:00,2024-04-01,,"{""source"": ""simulation""}"
acct_000353,acct_000353_owner,signup,2024-03-04T08:18:00+00:00,2024-03-01,,"{""source"": ""simulation""}"
acct_000353,acct_000353_owner,first_invoice_created,2024-03-11T08:18:00+00:00,2024-03-01,,"{""source"": ""simulation""}"
acct_000353,acct_000353_owner,first_payment_received,2024-03-16T08:18:00+00:00,2024-03-01,,"{""source"": ""simulation""}"
acct_000354,acct_000354_owner,signup,2024-04-06T13:59:00+00:00,2024-04-01,,"{""source"": ""simulation""}"
acct_000354,acct_000354_owner,first_invoice_created,2024-04-12T13:59:00+00:00,2024-04-01,,"{""source"": ""simulation""}"
acct_000354,acct_000354_owner,first_payment_received,2024-04-16T13:59:00+00:00,2024-04-01,,"{""source"": ""simulation""}"
acct_000354,acct_000354_owner,app_integration_connected,2024-04-26T13:59:00+00:00,2024-04-01,,"{""source"": ""simulation""}"
acct_000354,acct_000354_owner,feature_activated,2024-05-19T13:59:00+00:00,2024-05-01,bank_feed_sync,"{""source"": ""simulation""}"
acct_000355,acct_000355_owner,signup,2024-03-16T16:29:00+00:00,2024-03-01,,"{""source"": ""simulation""}"
acct_000356,acct_000356_owner,signup,2024-08-01T09:25:00+00:00,2024-08-01,,"{""source"": ""simulation""}"
acct_000356,acct_000356_owner,first_invoice_created,2024-08-02T09:25:00+00:00,2024-08-01,,"{""source"": ""simulation""}"
acct_000356,acct_000356_owner,first_payment_received,2024-08-06T09:25:00+00:00,2024-08-01,,"{""source"": ""simulation""}"
acct_000356,acct_000356_owner,app_integration_connected,2024-08-08T09:25:00+00:00,2024-08-01,,"{""source"": ""simulation""}"
acct_000356,acct_000356_owner,feature_activated,2024-08-28T09:25:00+00:00,2024-08-01,bank_feed_sync,"{""source"": ""simulation""}"
acct_000357,acct_000357_owner,signup,2024-04-19T13:03:00+00:00,2024-04-01,,"{""source"": ""simulation""}"
acct_000357,acct_000357_owner,first_invoice_created,2024-04-23T13:03:00+00:00,2024-04-01,,"{""source"": ""simulation""}"
acct_000357,acct_000357_owner,first_payment_received,2024-04-26T13:03:00+00:00,2024-04-01,,"{""source"": ""simulation""}"
acct_000358,acct_000358_owner,signup,2024-08-20T18:43:00+00:00,2024-08-01,,"{""source"": ""simulation""}"
acct_000359,acct_000359_owner,signup,2024-09-01T09:27:00+00:00,2024-09-01,,"{""source"": ""simulation""}"
acct_000359,acct_000359_owner,first_invoice_created,2024-09-02T09:27:00+00:00,2024-09-01,,"{""source"": ""simulation""}"
acct_000359,acct_000359_owner,first_payment_received,2024-09-05T09:27:00+00:00,2024-09-01,,"{""source"": ""simulation""}"
acct_000359,acct_000359_owner,app_integration_connected,2024-09-10T09:27:00+00:00,2024-09-01,,"{""source"": ""simulation""}"
acct_000360,acct_000360_owner,signup,2024-06-25T14:23:00+00:00,2024-06-01,,"{""source"": ""simulation""}"
acct_000360,acct_000360_owner,first_invoice_created,2024-07-01T14:23:00+00:00,2024-07-01,,"{""source"": ""simulation""}"
acct_000361,acct_000361_owner,signup,2024-01-19T16:12:00+00:00,2024-01-01,,"{""source"": ""simulation""}"
acct_000362,acct_000362_owner,signup,2024-02-13T16:28:00+00:00,2024-02-01,,"{""source"": ""simulation""}"
acct_000362,acct_000362_owner,first_invoice_created,2024-02-18T16:28:00+00:00,2024-02-01,,"{""source"": ""simulation""}"
acct_000362,acct_000362_owner,first_payment_received,2024-02-24T16:28:00+00:00,2024-02-01,,"{""source"": ""simulation""}"
acct_000363,acct_000363_owner,signup,2024-03-04T14:23:00+00:00,2024-03-01,,"{""source"": ""simulation""}"
acct_000363,acct_000363_owner,first_invoice_created,2024-03-11T14:23:00+00:00,2024-03-01,,"{""source"": ""simulation""}"
acct_000363,acct_000363_owner,first_payment_received,2024-03-13T14:23:00+00:00,2024-03-01,,"{""source"": ""simulation""}"
acct_000363,acct_000363_owner,app_integration_connected,2024-04-01T14:23:00+00:00,2024-04-01,,"{""source"": ""simulation""}"
acct_000363,acct_000363_owner,feature_activated,2024-04-15T14:23:00+00:00,2024-04-01,bank_feed_sync,"{""source"": ""simulation""}"
acct_000363,acct_000363_owner,plan_upgrade,2024-06-04T14:23:00+00:00,2024-06-01,,"{""source"": ""simulation""}"
acct_000364,acct_000364_owner,signup,2024-03-07T17:32:00+00:00,2024-03-01,,"{""source"": ""simulation""}"
acct_000364,acct_000364_owner,first_invoice_created,2024-03-17T17:32:00+00:00,2024-03-01,,"{""source"": ""simulation""}"
acct_000364,acct_000364_owner,first_payment_received,2024-03-24T17:32:00+00:00,2024-03-01,,"{""source"": ""simulation""}"
acct_000364,acct_000364_owner,app_integration_connected,2024-03-26T17:32:00+00:00,2024-03-01,,"{""source"": ""simulation""}"
acct_000364,acct_000364_owner,feature_activated,2024-04-12T17:32:00+00:00,2024-04-01,bank_feed_sync,"{""source"": ""simulation""}"
acct_000365,acct_000365_owner,signup,2024-01-02T10:45:00+00:00,2024-01-01,,"{""source"": ""simulation""}"
acct_000365,acct_000365_owner,first_invoice_created,2024-01-07T10:45:00+00:00,2024-01-01,,"{""source"": ""simulation""}"
acct_000365,acct_000365_owner,first_payment_received,2024-01-11T10:45:00+00:00,2024-01-01,,"{""source"": ""simulation""}"
acct_000366,acct_000366_owner,signup,2024-09-15T10:38:00+00:00,2024-09-01,,"{""source"": ""simulation""}"
acct_000367,acct_000367_owner,signup,2024-06-06T14:39:00+00:00,2024-06-01,,"{""source"": ""simulation""}"
acct_000367,acct_000367_owner,first_invoice_created,2024-06-12T14:39:00+00:00,2024-06-01,,"{""source"": ""simulation""}"
acct_000367,acct_000367_owner,first_payment_received,2024-06-12T14:39:00+00:00,2024-06-01,,"{""source"": ""simulation""}"
acct_000368,acct_000368_owner,signup,2024-09-17T16:31:00+00:00,2024-09-01,,"{""source"": ""simulation""}"
acct_000369,acct_000369_owner,signup,2024-01-12T13:43:00+00:00,2024-01-01,,"{""source"": ""simulation""}"
acct_000369,acct_000369_owner,first_invoice_created,2024-01-20T13:43:00+00:00,2024-01-01,,"{""source"": ""simulation""}"
acct_000370,acct_000370_owner,signup,2024-05-24T19:40:00+00:00,2024-05-01,,"{""source"": ""simulation""}"
acct_000370,acct_000370_owner,first_invoice_created,2024-05-26T19:40:00+00:00,2024-05-01,,"{""source"": ""simulation""}"
acct_000371,acct_000371_owner,signup,2024-05-21T20:49:00+00:00,2024-05-01,,"{""source"": ""simulation""}"
acct_000371,acct_000371_owner,first_invoice_created,2024-05-26T20:49:00+00:00,2024-05-01,,"{""source"": ""simulation""}"
acct_000371,acct_000371_owner,first_payment_received,2024-05-26T20:49:00+00:00,2024-05-01,,"{""source"": ""simulation""}"
acct_000371,acct_000371_owner,app_integration_connected,2024-06-04T20:49:00+00:00,2024-06-01,,"{""source"": ""simulation""}"
acct_000372,acct_000372_owner,signup,2024-08-06T16:40:00+00:00,2024-08-01,,"{""source"": ""simulation""}"
acct_000372,acct_000372_owner,first_invoice_created,2024-08-13T16:40:00+00:00,2024-08-01,,"{""source"": ""simulation""}"
acct_000372,acct_000372_owner,first_payment_received,2024-08-17T16:40:00+00:00,2024-08-01,,"{""source"": ""simulation""}"
acct_000373,acct_000373_owner,signup,2024-04-02T17:44:00+00:00,2024-04-01,,"{""source"": ""simulation""}"
acct_000373,acct_000373_owner,first_invoice_created,2024-04-07T17:44:00+00:00,2024-04-01,,"{""source"": ""simulation""}"
acct_000373,acct_000373_owner,first_payment_received,2024-04-08T17:44:00+00:00,2024-04-01,,"{""source"": ""simulation""}"
acct_000374,acct_000374_owner,signup,2024-01-15T13:26:00+00:00,2024-01-01,,"{""source"": ""simulation""}"
acct_000374,acct_000374_owner,first_invoice_created,2024-01-19T13:26:00+00:00,2024-01-01,,"{""source"": ""simulation""}"
acct_000374,acct_000374_owner,first_payment_received,2024-01-26T13:26:00+00:00,2024-01-01,,"{""source"": ""simulation""}"
acct_000375,acct_000375_owner,signup,2024-04-14T16:49:00+00:00,2024-04-01,,"{""source"": ""simulation""}"
acct_000376,acct_000376_owner,signup,2024-03-17T11:35:00+00:00,2024-03-01,,"{""source"": ""simulation""}"
acct_000376,acct_000376_owner,first_invoice_created,2024-03-20T11:35:00+00:00,2024-03-01,,"{""source"": ""simulation""}"
acct_000376,acct_000376_owner,first_payment_received,2024-03-20T11:35:00+00:00,2024-03-01,,"{""source"": ""simulation""}"
acct_000376,acct_000376_owner,app_integration_connected,2024-04-04T11:35:00+00:00,2024-04-01,,"{""source"": ""simulation""}"
acct_000376,acct_000376_owner,feature_activated,2024-04-07T11:35:00+00:00,2024-04-01,bank_feed_sync,"{""source"": ""simulation""}"
acct_000377,acct_000377_owner,signup,2024-09-13T13:11:00+00:00,2024-09-01,,"{""source"": ""simulation""}"
acct_000378,acct_000378_owner,signup,2024-09-12T18:49:00+00:00,2024-09-01,,"{""source"": ""simulation""}"
acct_000378,acct_000378_owner,first_invoice_created,2024-09-19T18:49:00+00:00,2024-09-01,,"{""source"": ""simulation""}"
acct_000379,acct_000379_owner,signup,2024-04-08T12:35:00+00:00,2024-04-01,,"{""source"": ""simulation""}"
acct_000379,acct_000379_owner,first_invoice_created,2024-04-14T12:35:00+00:00,2024-04-01,,"{""source"": ""simulation""}"
acct_000380,acct_000380_owner,signup,2024-05-25T12:45:00+00:00,2024-05-01,,"{""source"": ""simulation""}"
acct_000380,acct_000380_owner,first_invoice_created,2024-06-01T12:45:00+00:00,2024-06-01,,"{""source"": ""simulation""}"
acct_000380,acct_000380_owner,first_payment_received,2024-06-02T12:45:00+00:00,2024-06-01,,"{""source"": ""simulation""}"
acct_000380,acct_000380_owner,app_integration_connected,2024-06-15T12:45:00+00:00,2024-06-01,,"{""source"": ""simulation""}"
acct_000380,acct_000380_owner,feature_activated,2024-07-05T12:45:00+00:00,2024-07-01,bank_feed_sync,"{""source"": ""simulation""}"
acct_000381,acct_000381_owner,signup,2024-06-16T13:35:00+00:00,2024-06-01,,"{""source"": ""simulation""}"
acct_000381,acct_000381_owner,first_invoice_created,2024-06-24T13:35:00+00:00,2024-06-01,,"{""source"": ""simulation""}"
acct_000381,acct_000381_owner,first_payment_received,2024-06-25T13:35:00+00:00,2024-06-01,,"{""source"": ""simulation""}"
acct_000382,acct_000382_owner,signup,2024-02-19T18:34:00+00:00,2024-02-01,,"{""source"": ""simulation""}"
acct_000383,acct_000383_owner,signup,2024-06-25T20:09:00+00:00,2024-06-01,,"{""source"": ""simulation""}"
acct_000383,acct_000383_owner,first_invoice_created,2024-06-26T20:09:00+00:00,2024-06-01,,"{""source"": ""simulation""}"
acct_000383,acct_000383_owner,first_payment_received,2024-06-28T20:09:00+00:00,2024-06-01,,"{""source"": ""simulation""}"
acct_000383,acct_000383_owner,app_integration_connected,2024-06-29T20:09:00+00:00,2024-06-01,,"{""source"": ""simulation""}"
acct_000383,acct_000383_owner,plan_upgrade,2024-08-23T20:09:00+00:00,2024-08-01,,"{""source"": ""simulation""}"
acct_000384,acct_000384_owner,signup,2024-05-23T09:22:00+00:00,2024-05-01,,"{""source"": ""simulation""}"
acct_000384,acct_000384_owner,first_invoice_created,2024-06-02T09:22:00+00:00,2024-06-01,,"{""source"": ""simulation""}"
acct_000384,acct_000384_owner,first_payment_received,2024-06-05T09:22:00+00:00,2024-06-01,,"{""source"": ""simulation""}"
acct_000384,acct_000384_owner,app_integration_connected,2024-06-09T09:22:00+00:00,2024-06-01,,"{""source"": ""simulation""}"
acct_000384,acct_000384_owner,feature_activated,2024-06-20T09:22:00+00:00,2024-06-01,bank_feed_sync,"{""source"": ""simulation""}"
acct_000385,acct_000385_owner,signup,2024-08-07T11:52:00+00:00,2024-08-01,,"{""source"": ""simulation""}"
acct_000385,acct_000385_owner,first_invoice_created,2024-08-13T11:52:00+00:00,2024-08-01,,"{""source"": ""simulation""}"
acct_000385,acct_000385_owner,first_payment_received,2024-08-13T11:52:00+00:00,2024-08-01,,"{""source"": ""simulation""}"
acct_000386,acct_000386_owner,signup,2024-03-04T17:47:00+00:00,2024-03-01,,"{""source"": ""simulation""}"
acct_000386,acct_000386_owner,first_invoice_created,2024-03-05T17:47:00+00:00,2024-03-01,,"{""source"": ""simulation""}"
acct_000386,acct_000386_owner,first_payment_received,2024-03-10T17:47:00+00:00,2024-03-01,,"{""source"": ""simulation""}"
acct_000386,acct_000386_owner,app_integration_connected,2024-03-18T17:47:00+00:00,2024-03-01,,"{""source"": ""simulation""}"
acct_000386,acct_000386_owner,feature_activated,2024-03-23T17:47:00+00:00,2024-03-01,bank_feed_sync,"{""source"": ""simulation""}"
acct_000387,acct_000387_owner,signup,2024-01-22T16:14:00+00:00,2024-01-01,,"{""source"": ""simulation""}"
acct_000387,acct_000387_owner,first_invoice_created,2024-01-28T16:14:00+00:00,2024-01-01,,"{""source"": ""simulation""}"
acct_000387,acct_000387_owner,first_payment_received,2024-02-02T16:14:00+00:00,2024-02-01,,"{""source"": ""simulation""}"
acct_000388,acct_000388_owner,signup,2024-02-14T13:45:00+00:00,2024-02-01,,"{""source"": ""simulation""}"
acct_000388,acct_000388_owner,first_invoice_created,2024-02-20T13:45:00+00:00,2024-02-01,,"{""source"": ""simulation""}"
acct_000388,acct_000388_owner,first_payment_received,2024-02-24T13:45:00+00:00,2024-02-01,,"{""source"": ""simulation""}"
acct_000388,acct_000388_owner,app_integration_connected,2024-02-25T13:45:00+00:00,2024-02-01,,"{""source"": ""simulation""}"
acct_000389,acct_000389_owner,signup,2024-03-01T16:59:00+00:00,2024-03-01,,"{""source"": ""simulation""}"
acct_000389,acct_000389_owner,first_invoice_created,2024-03-04T16:59:00+00:00,2024-03-01,,"{""source"": ""simulation""}"
acct_000389,acct_000389_owner,first_payment_received,2024-03-09T16:59:00+00:00,2024-03-01,,"{""source"": ""simulation""}"
acct_000390,acct_000390_owner,signup,2024-08-16T18:12:00+00:00,2024-08-01,,"{""source"": ""simulation""}"
acct_000390,acct_000390_owner,first_invoice_created,2024-08-18T18:12:00+00:00,2024-08-01,,"{""source"": ""simulation""}"
acct_000390,acct_000390_owner,first_payment_received,2024-08-21T18:12:00+00:00,2024-08-01,,"{""source"": ""simulation""}"
acct_000390,acct_000390_owner,app_integration_connected,2024-09-07T18:12:00+00:00,2024-09-01,,"{""source"": ""simulation""}"
acct_000390,acct_000390_owner,plan_upgrade,2024-10-05T18:12:00+00:00,2024-10-01,,"{""source"": ""simulation""}"
acct_000391,acct_000391_owner,signup,2024-05-21T08:58:00+00:00,2024-05-01,,"{""source"": ""simulation""}"
acct_000391,acct_000391_owner,first_invoice_created,2024-05-28T08:58:00+00:00,2024-05-01,,"{""source"": ""simulation""}"
acct_000391,acct_000391_owner,first_payment_received,2024-06-04T08:58:00+00:00,2024-06-01,,"{""source"": ""simulation""}"
acct_000391,acct_000391_owner,app_integration_connected,2024-06-10T08:58:00+00:00,2024-06-01,,"{""source"": ""simulation""}"
acct_000391,acct_000391_owner,feature_activated,2024-06-11T08:58:00+00:00,2024-06-01,bank_feed_sync,"{""source"": ""simulation""}"
acct_000392,acct_000392_owner,signup,2024-09-24T19:54:00+00:00,2024-09-01,,"{""source"": ""simulation""}"
acct_000392,acct_000392_owner,first_invoice_created,2024-09-27T19:54:00+00:00,2024-09-01,,"{""source"": ""simulation""}"
acct_000392,acct_000392_owner,first_payment_received,2024-09-28T19:54:00+00:00,2024-09-01,,"{""source"": ""simulation""}"
acct_000392,acct_000392_owner,app_integration_connected,2024-10-10T19:54:00+00:00,2024-10-01,,"{""source"": ""simulation""}"
acct_000392,acct_000392_owner,feature_activated,2024-10-15T19:54:00+00:00,2024-10-01,bank_feed_sync,"{""source"": ""simulation""}"
acct_000393,acct_000393_owner,signup,2024-07-06T08:53:00+00:00,2024-07-01,,"{""source"": ""simulation""}"
acct_000393,acct_000393_owner,first_invoice_created,2024-07-10T08:53:00+00:00,2024-07-01,,"{""source"": ""simulation""}"
acct_000393,acct_000393_owner,first_payment_received,2024-07-12T08:53:00+00:00,2024-07-01,,"{""source"": ""simulation""}"
acct_000393,acct_000393_owner,app_integration_connected,2024-07-24T08:53:00+00:00,2024-07-01,,"{""source"": ""simulation""}"
acct_000394,acct_000394_owner,signup,2024-03-24T12:56:00+00:00,2024-03-01,,"{""source"": ""simulation""}"
acct_000394,acct_000394_owner,first_invoice_created,2024-03-28T12:56:00+00:00,2024-03-01,,"{""source"": ""simulation""}"
acct_000394,acct_000394_owner,first_payment_received,2024-04-03T12:56:00+00:00,2024-04-01,,"{""source"": ""simulation""}"
acct_000394,acct_000394_owner,app_integration_connected,2024-04-22T12:56:00+00:00,2024-04-01,,"{""source"": ""simulation""}"
acct_000394,acct_000394_owner,feature_activated,2024-05-18T12:56:00+00:00,2024-05-01,bank_feed_sync,"{""source"": ""simulation""}"
acct_000395,acct_000395_owner,signup,2024-05-19T17:06:00+00:00,2024-05-01,,"{""source"": ""simulation""}"
acct_000395,acct_000395_owner,first_invoice_created,2024-05-29T17:06:00+00:00,2024-05-01,,"{""source"": ""simulation""}"
acct_000395,acct_000395_owner,first_payment_received,2024-06-04T17:06:00+00:00,2024-06-01,,"{""source"": ""simulation""}"
acct_000395,acct_000395_owner,app_integration_connected,2024-06-23T17:06:00+00:00,2024-06-01,,"{""source"": ""simulation""}"
acct_000396,acct_000396_owner,signup,2024-08-21T16:33:00+00:00,2024-08-01,,"{""source"": ""simulation""}"
acct_000396,acct_000396_owner,first_invoice_created,2024-08-29T16:33:00+00:00,2024-08-01,,"{""source"": ""simulation""}"
acct_000396,acct_000396_owner,first_payment_received,2024-09-01T16:33:00+00:00,2024-09-01,,"{""source"": ""simulation""}"
acct_000397,acct_000397_owner,signup,2024-09-15T12:12:00+00:00,2024-09-01,,"{""source"": ""simulation""}"
acct_000397,acct_000397_owner,first_invoice_created,2024-09-19T12:12:00+00:00,2024-09-01,,"{""source"": ""simulation""}"
acct_000398,acct_000398_owner,signup,2024-03-24T15:41:00+00:00,2024-03-01,,"{""source"": ""simulation""}"
acct_000398,acct_000398_owner,first_invoice_created,2024-03-31T15:41:00+00:00,2024-03-01,,"{""source"": ""simulation""}"
acct_000398,acct_000398_owner,first_payment_received,2024-04-03T15:41:00+00:00,2024-04-01,,"{""source"": ""simulation""}"
acct_000398,acct_000398_owner,app_integration_connected,2024-04-17T15:41:00+00:00,2024-04-01,,"{""source"": ""simulation""}"
acct_000399,acct_000399_owner,signup,2024-01-24T13:50:00+00:00,2024-01-01,,"{""source"": ""simulation""}"
acct_000399,acct_000399_owner,first_invoice_created,2024-01-30T13:50:00+00:00,2024-01-01,,"{""source"": ""simulation""}"
acct_000399,acct_000399_owner,first_payment_received,2024-01-30T13:50:00+00:00,2024-01-01,,"{""source"": ""simulation""}"
acct_000400,acct_000400_owner,signup,2024-03-20T18:57:00+00:00,2024-03-01,,"{""source"": ""simulation""}"
acct_000400,acct_000400_owner,first_invoice_created,2024-03-30T18:57:00+00:00,2024-03-01,,"{""source"": ""simulation""}"
acct_000400,acct_000400_owner,first_payment_received,2024-04-03T18:57:00+00:00,2024-04-01,,"{""source"": ""simulation""}"
acct_000400,acct_000400_owner,app_integration_connected,2024-04-07T18:57:00+00:00,2024-04-01,,"{""source"": ""simulation""}"
acct_000400,acct_000400_owner,feature_activated,2024-04-22T18:57:00+00:00,2024-04-01,bank_feed_sync,"{""source"": ""simulation""}"
acct_000400,acct_000400_owner,plan_upgrade,2024-06-04T18:57:00+00:00,2024-06-01,,"{""source"": ""simulation""}"
acct_000401,acct_000401_owner,signup,2024-09-11T09:25:00+00:00,2024-09-01,,"{""source"": ""simulation""}"
acct_000401,acct_000401_owner,first_invoice_created,2024-09-16T09:25:00+00:00,2024-09-01,,"{""source"": ""simulation""}"
acct_000402,acct_000402_owner,signup,2024-03-16T13:59:00+00:00,2024-03-01,,"{""source"": ""simulation""}"
acct_000402,acct_000402_owner,first_invoice_created,2024-03-24T13:59:00+00:00,2024-03-01,,"{""source"": ""simulation""}"
acct_000403,acct_000403_owner,signup,2024-05-13T11:28:00+00:00,2024-05-01,,"{""source"": ""simulation""}"
acct_000403,acct_000403_owner,first_invoice_created,2024-05-17T11:28:00+00:00,2024-05-01,,"{""source"": ""simulation""}"
acct_000403,acct_000403_owner,first_payment_received,2024-05-22T11:28:00+00:00,2024-05-01,,"{""source"": ""simulation""}"
acct_000404,acct_000404_owner,signup,2024-05-19T19:36:00+00:00,2024-05-01,,"{""source"": ""simulation""}"
acct_000404,acct_000404_owner,first_invoice_created,2024-05-25T19:36:00+00:00,2024-05-01,,"{""source"": ""simulation""}"
acct_000404,acct_000404_owner,first_payment_received,2024-05-27T19:36:00+00:00,2024-05-01,,"{""source"": ""simulation""}"
acct_000405,acct_000405_owner,signup,2024-06-23T11:03:00+00:00,2024-06-01,,"{""source"": ""simulation""}"
acct_000405,acct_000405_owner,first_invoice_created,2024-06-27T11:03:00+00:00,2024-06-01,,"{""source"": ""simulation""}"
acct_000405,acct_000405_owner,first_payment_received,2024-06-29T11:03:00+00:00,2024-06-01,,"{""source"": ""simulation""}"
acct_000406,acct_000406_owner,signup,2024-05-06T14:43:00+00:00,2024-05-01,,"{""source"": ""simulation""}"
acct_000406,acct_000406_owner,first_invoice_created,2024-05-09T14:43:00+00:00,2024-05-01,,"{""source"": ""simulation""}"
acct_000406,acct_000406_owner,first_payment_received,2024-05-17T14:43:00+00:00,2024-05-01,,"{""source"": ""simulation""}"
acct_000406,acct_000406_owner,app_integration_connected,2024-05-23T14:43:00+00:00,2024-05-01,,"{""source"": ""simulation""}"
acct_000406,acct_000406_owner,feature_activated,2024-06-14T14:43:00+00:00,2024-06-01,bank_feed_sync,"{""source"": ""simulation""}"
acct_000407,acct_000407_owner,signup,2024-05-12T17:14:00+00:00,2024-05-01,,"{""source"": ""simulation""}"
acct_000407,acct_000407_owner,first_invoice_created,2024-05-16T17:14:00+00:00,2024-05-01,,"{""source"": ""simulation""}"
acct_000407,acct_000407_owner,first_payment_received,2024-05-24T17:14:00+00:00,2024-05-01,,"{""source"": ""simulation""}"
acct_000407,acct_000407_owner,app_integration_connected,2024-05-31T17:14:00+00:00,2024-05-01,,"{""source"": ""simulation""}"
acct_000407,acct_000407_owner,feature_activated,2024-06-27T17:14:00+00:00,2024-06-01,bank_feed_sync,"{""source"": ""simulation""}"
acct_000408,acct_000408_owner,signup,2024-08-05T15:47:00+00:00,2024-08-01,,"{""source"": ""simulation""}"
acct_000408,acct_000408_owner,first_invoice_created,2024-08-09T15:47:00+00:00,2024-08-01,,"{""source"": ""simulation""}"
acct_000408,acct_000408_owner,first_payment_received,2024-08-12T15:47:00+00:00,2024-08-01,,"{""source"": ""simulation""}"
acct_000408,acct_000408_owner,app_integration_connected,2024-08-14T15:47:00+00:00,2024-08-01,,"{""source"": ""simulation""}"
acct_000409,acct_000409_owner,signup,2024-09-16T20:34:00+00:00,2024-09-01,,"{""source"": ""simulation""}"
acct_000410,acct_000410_owner,signup,2024-02-17T15:33:00+00:00,2024-02-01,,"{""source"": ""simulation""}"
acct_000411,acct_000411_owner,signup,2024-02-02T16:57:00+00:00,2024-02-01,,"{""source"": ""simulation""}"
acct_000411,acct_000411_owner,first_invoice_created,2024-02-05T16:57:00+00:00,2024-02-01,,"{""source"": ""simulation""}"
acct_000411,acct_000411_owner,first_payment_received,2024-02-07T16:57:00+00:00,2024-02-01,,"{""source"": ""simulation""}"
acct_000411,acct_000411_owner,app_integration_connected,2024-02-13T16:57:00+00:00,2024-02-01,,"{""source"": ""simulation""}"
acct_000412,acct_000412_owner,signup,2024-03-11T16:28:00+00:00,2024-03-01,,"{""source"": ""simulation""}"
acct_000412,acct_000412_owner,first_invoice_created,2024-03-12T16:28:00+00:00,2024-03-01,,"{""source"": ""simulation""}"
acct_000413,acct_000413_owner,signup,2024-08-03T16:28:00+00:00,2024-08-01,,"{""source"": ""simulation""}"
acct_000413,acct_000413_owner,first_invoice_created,2024-08-04T16:28:00+00:00,2024-08-01,,"{""source"": ""simulation""}"
acct_000413,acct_000413_owner,first_payment_received,2024-08-06T16:28:00+00:00,2024-08-01,,"{""source"": ""simulation""}"
acct_000413,acct_000413_owner,app_integration_connected,2024-08-23T16:28:00+00:00,2024-08-01,,"{""source"": ""simulation""}"
acct_000413,acct_000413_owner,plan_upgrade,2024-09-17T16:28:00+00:00,2024-09-01,,"{""source"": ""simulation""}"
acct_000413,acct_000413_owner,feature_activated,2024-09-21T16:28:00+00:00,2024-09-01,bank_feed_sync,"{""source"": ""simulation""}"
acct_000414,acct_000414_owner,signup,2024-03-17T14:29:00+00:00,2024-03-01,,"{""source"": ""simulation""}"
acct_000414,acct_000414_owner,first_invoice_created,2024-03-21T14:29:00+00:00,2024-03-01,,"{""source"": ""simulation""}"
acct_000414,acct_000414_owner,first_payment_received,2024-03-27T14:29:00+00:00,2024-03-01,,"{""source"": ""simulation""}"
acct_000414,acct_000414_owner,app_integration_connected,2024-04-08T14:29:00+00:00,2024-04-01,,"{""source"": ""simulation""}"
acct_000415,acct_000415_owner,signup,2024-05-24T08:25:00+00:00,2024-05-01,,"{""source"": ""simulation""}"
acct_000415,acct_000415_owner,first_invoice_created,2024-05-30T08:25:00+00:00,2024-05-01,,"{""source"": ""simulation""}"
acct_000415,acct_000415_owner,first_payment_received,2024-06-04T08:25:00+00:00,2024-06-01,,"{""source"": ""simulation""}"
acct_000415,acct_000415_owner,app_integration_connected,2024-06-22T08:25:00+00:00,2024-06-01,,"{""source"": ""simulation""}"
acct_000415,acct_000415_owner,feature_activated,2024-07-17T08:25:00+00:00,2024-07-01,bank_feed_sync,"{""source"": ""simulation""}"
acct_000415,acct_000415_owner,plan_upgrade,2024-08-11T08:25:00+00:00,2024-08-01,,"{""source"": ""simulation""}"
acct_000416,acct_000416_owner,signup,2024-04-19T09:02:00+00:00,2024-04-01,,"{""source"": ""simulation""}"
acct_000417,acct_000417_owner,signup,2024-02-18T08:59:00+00:00,2024-02-01,,"{""source"": ""simulation""}"
acct_000418,acct_000418_owner,signup,2024-01-10T14:11:00+00:00,2024-01-01,,"{""source"": ""simulation""}"
acct_000418,acct_000418_owner,first_invoice_created,2024-01-13T14:11:00+00:00,2024-01-01,,"{""source"": ""simulation""}"
acct_000418,acct_000418_owner,first_payment_received,2024-01-20T14:11:00+00:00,2024-01-01,,"{""source"": ""simulation""}"
acct_000418,acct_000418_owner,app_integration_connected,2024-02-06T14:11:00+00:00,2024-02-01,,"{""source"": ""simulation""}"
acct_000419,acct_000419_owner,signup,2024-06-13T15:55:00+00:00,2024-06-01,,"{""source"": ""simulation""}"
acct_000419,acct_000419_owner,first_invoice_created,2024-06-19T15:55:00+00:00,2024-06-01,,"{""source"": ""simulation""}"
acct_000419,acct_000419_owner,first_payment_received,2024-06-19T15:55:00+00:00,2024-06-01,,"{""source"": ""simulation""}"
acct_000420,acct_000420_owner,signup,2024-02-22T18:55:00+00:00,2024-02-01,,"{""source"": ""simulation""}"
acct_000420,acct_000420_owner,first_invoice_created,2024-02-27T18:55:00+00:00,2024-02-01,,"{""source"": ""simulation""}"
acct_000420,acct_000420_owner,first_payment_received,2024-03-02T18:55:00+00:00,2024-03-01,,"{""source"": ""simulation""}"
acct_000420,acct_000420_owner,app_integration_connected,2024-03-08T18:55:00+00:00,2024-03-01,,"{""source"": ""simulation""}"
acct_000420,acct_000420_owner,feature_activated,2024-03-26T18:55:00+00:00,2024-03-01,bank_feed_sync,"{""source"": ""simulation""}"
acct_000421,acct_000421_owner,signup,2024-02-06T16:25:00+00:00,2024-02-01,,"{""source"": ""simulation""}"
acct_000422,acct_000422_owner,signup,2024-01-25T08:19:00+00:00,2024-01-01,,"{""source"": ""simulation""}"
acct_000422,acct_000422_owner,first_invoice_created,2024-02-03T08:19:00+00:00,2024-02-01,,"{""source"": ""simulation""}"
acct_000422,acct_000422_owner,first_payment_received,2024-02-08T08:19:00+00:00,2024-02-01,,"{""source"": ""simulation""}"
acct_000423,acct_000423_owner,signup,2024-09-13T11:15:00+00:00,2024-09-01,,"{""source"": ""simulation""}"
acct_000424,acct_000424_owner,signup,2024-03-09T11:59:00+00:00,2024-03-01,,"{""source"": ""simulation""}"
acct_000424,acct_000424_owner,first_invoice_created,2024-03-14T11:59:00+00:00,2024-03-01,,"{""source"": ""simulation""}"
acct_000424,acct_000424_owner,first_payment_received,2024-03-22T11:59:00+00:00,2024-03-01,,"{""source"": ""simulation""}"
acct_000424,acct_000424_owner,app_integration_connected,2024-04-11T11:59:00+00:00,2024-04-01,,"{""source"": ""simulation""}"
acct_000424,acct_000424_owner,feature_activated,2024-04-16T11:59:00+00:00,2024-04-01,bank_feed_sync,"{""source"": ""simulation""}"
acct_000424,acct_000424_owner,plan_upgrade,2024-05-18T11:59:00+00:00,2024-05-01,,"{""source"": ""simulation""}"
acct_000425,acct_000425_owner,signup,2024-07-20T20:59:00+00:00,2024-07-01,,"{""source"": ""simulation""}"
acct_000425,acct_000425_owner,first_invoice_created,2024-07-21T20:59:00+00:00,2024-07-01,,"{""source"": ""simulation""}"
acct_000425,acct_000425_owner,first_payment_received,2024-07-21T20:59:00+00:00,2024-07-01,,"{""source"": ""simulation""}"
acct_000425,acct_000425_owner,app_integration_connected,2024-07-24T20:59:00+00:00,2024-07-01,,"{""source"": ""simulation""}"
acct_000425,acct_000425_owner,feature_activated,2024-07-30T20:59:00+00:00,2024-07-01,bank_feed_sync,"{""source"": ""simulation""}"
acct_000426,acct_000426_owner,signup,2024-04-03T09:38:00+00:00,2024-04-01,,"{""source"": ""simulation""}"
acct_000426,acct_000426_owner,first_invoice_created,2024-04-09T09:38:00+00:00,2024-04-01,,"{""source"": ""simulation""}"
acct_000426,acct_000426_owner,first_payment_received,2024-04-17T09:38:00+00:00,2024-04-01,,"{""source"": ""simulation""}"
acct_000426,acct_000426_owner,app_integration_connected,2024-04-30T09:38:00+00:00,2024-04-01,,"{""source"": ""simulation""}"
acct_000426,acct_000426_owner,plan_upgrade,2024-06-12T09:38:00+00:00,2024-06-01,,"{""source"": ""simulation""}"
acct_000427,acct_000427_owner,signup,2024-01-08T19:02:00+00:00,2024-01-01,,"{""source"": ""simulation""}"
acct_000427,acct_000427_owner,first_invoice_created,2024-01-15T19:02:00+00:00,2024-01-01,,"{""source"": ""simulation""}"
acct_000427,acct_000427_owner,first_payment_received,2024-01-16T19:02:00+00:00,2024-01-01,,"{""source"": ""simulation""}"
acct_000427,acct_000427_owner,app_integration_connected,2024-01-22T19:02:00+00:00,2024-01-01,,"{""source"": ""simulation""}"
acct_000427,acct_000427_owner,feature_activated,2024-02-13T19:02:00+00:00,2024-02-01,bank_feed_sync,"{""source"": ""simulation""}"
acct_000428,acct_000428_owner,signup,2024-04-18T11:48:00+00:00,2024-04-01,,"{""source"": ""simulation""}"
acct_000428,acct_000428_owner,first_invoice_created,2024-04-27T11:48:00+00:00,2024-04-01,,"{""source"": ""simulation""}"
acct_000428,acct_000428_owner,first_payment_received,2024-04-30T11:48:00+00:00,2024-04-01,,"{""source"": ""simulation""}"
acct_000429,acct_000429_owner,signup,2024-09-10T11:52:00+00:00,2024-09-01,,"{""source"": ""simulation""}"
acct_000429,acct_000429_owner,first_invoice_created,2024-09-13T11:52:00+00:00,2024-09-01,,"{""source"": ""simulation""}"
acct_000429,acct_000429_owner,first_payment_received,2024-09-14T11:52:00+00:00,2024-09-01,,"{""source"": ""simulation""}"
acct_000430,acct_000430_owner,signup,2024-04-10T10:42:00+00:00,2024-04-01,,"{""source"": ""simulation""}"
acct_000430,acct_000430_owner,first_invoice_created,2024-04-13T10:42:00+00:00,2024-04-01,,"{""source"": ""simulation""}"
acct_000430,acct_000430_owner,first_payment_received,2024-04-21T10:42:00+00:00,2024-04-01,,"{""source"": ""simulation""}"
acct_000431,acct_000431_owner,signup,2024-05-09T08:35:00+00:00,2024-05-01,,"{""source"": ""simulation""}"
acct_000432,acct_000432_owner,signup,2024-09-16T08:22:00+00:00,2024-09-01,,"{""source"": ""simulation""}"
acct_000432,acct_000432_owner,first_invoice_created,2024-09-22T08:22:00+00:00,2024-09-01,,"{""source"": ""simulation""}"
acct_000432,acct_000432_owner,first_payment_received,2024-09-30T08:22:00+00:00,2024-09-01,,"{""source"": ""simulation""}"
acct_000433,acct_000433_owner,signup,2024-07-14T10:19:00+00:00,2024-07-01,,"{""source"": ""simulation""}"
acct_000433,acct_000433_owner,first_invoice_created,2024-07-16T10:19:00+00:00,2024-07-01,,"{""source"": ""simulation""}"
acct_000434,acct_000434_owner,signup,2024-09-16T11:54:00+00:00,2024-09-01,,"{""source"": ""simulation""}"
acct_000434,acct_000434_owner,first_invoice_created,2024-09-18T11:54:00+00:00,2024-09-01,,"{""source"": ""simulation""}"
acct_000435,acct_000435_owner,signup,2024-03-15T08:35:00+00:00,2024-03-01,,"{""source"": ""simulation""}"
acct_000436,acct_000436_owner,signup,2024-09-17T10:24:00+00:00,2024-09-01,,"{""source"": ""simulation""}"
acct_000436,acct_000436_owner,first_invoice_created,2024-09-24T10:24:00+00:00,2024-09-01,,"{""source"": ""simulation""}"
acct_000436,acct_000436_owner,first_payment_received,2024-10-02T10:24:00+00:00,2024-10-01,,"{""source"": ""simulation""}"
acct_000436,acct_000436_owner,app_integration_connected,2024-10-22T10:24:00+00:00,2024-10-01,,"{""source"": ""simulation""}"
acct_000436,acct_000436_owner,feature_activated,2024-11-08T10:24:00+00:00,2024-11-01,bank_feed_sync,"{""source"": ""simulation""}"
acct_000436,acct_000436_owner,plan_upgrade,2025-01-10T10:24:00+00:00,2025-01-01,,"{""source"": ""simulation""}"
acct_000437,acct_000437_owner,signup,2024-04-11T18:05:00+00:00,2024-04-01,,"{""source"": ""simulation""}"
acct_000438,acct_000438_owner,signup,2024-02-18T19:53:00+00:00,2024-02-01,,"{""source"": ""simulation""}"
acct_000438,acct_000438_owner,first_invoice_created,2024-02-23T19:53:00+00:00,2024-02-01,,"{""source"": ""simulation""}"
acct_000439,acct_000439_owner,signup,2024-05-13T18:38:00+00:00,2024-05-01,,"{""source"": ""simulation""}"
acct_000439,acct_000439_owner,first_invoice_created,2024-05-22T18:38:00+00:00,2024-05-01,,"{""source"": ""simulation""}"
acct_000439,acct_000439_owner,first_payment_received,2024-05-27T18:38:00+00:00,2024-05-01,,"{""source"": ""simulation""}"
acct_000439,acct_000439_owner,app_integration_connected,2024-05-29T18:38:00+00:00,2024-05-01,,"{""source"": ""simulation""}"
acct_000440,acct_000440_owner,signup,2024-04-25T17:46:00+00:00,2024-04-01,,"{""source"": ""simulation""}"
acct_000441,acct_000441_owner,signup,2024-04-11T12:58:00+00:00,2024-04-01,,"{""source"": ""simulation""}"
acct_000441,acct_000441_owner,first_invoice_created,2024-04-20T12:58:00+00:00,2024-04-01,,"{""source"": ""simulation""}"
acct_000441,acct_000441_owner,first_payment_received,2024-04-21T12:58:00+00:00,2024-04-01,,"{""source"": ""simulation""}"
acct_000441,acct_000441_owner,app_integration_connected,2024-05-03T12:58:00+00:00,2024-05-01,,"{""source"": ""simulation""}"
acct_000442,acct_000442_owner,signup,2024-04-24T09:47:00+00:00,2024-04-01,,"{""source"": ""simulation""}"
acct_000443,acct_000443_owner,signup,2024-04-13T11:35:00+00:00,2024-04-01,,"{""source"": ""simulation""}"
acct_000444,acct_000444_owner,signup,2024-07-15T16:41:00+00:00,2024-07-01,,"{""source"": ""simulation""}"
acct_000444,acct_000444_owner,first_invoice_created,2024-07-22T16:41:00+00:00,2024-07-01,,"{""source"": ""simulation""}"
acct_000445,acct_000445_owner,signup,2024-05-12T16:56:00+00:00,2024-05-01,,"{""source"": ""simulation""}"
acct_000446,acct_000446_owner,signup,2024-02-24T15:48:00+00:00,2024-02-01,,"{""source"": ""simulation""}"
acct_000446,acct_000446_owner,first_invoice_created,2024-03-04T15:48:00+00:00,2024-03-01,,"{""source"": ""simulation""}"
acct_000446,acct_000446_owner,first_payment_received,2024-03-12T15:48:00+00:00,2024-03-01,,"{""source"": ""simulation""}"
acct_000446,acct_000446_owner,app_integration_connected,2024-03-18T15:48:00+00:00,2024-03-01,,"{""source"": ""simulation""}"
acct_000446,acct_000446_owner,feature_activated,2024-04-13T15:48:00+00:00,2024-04-01,bank_feed_sync,"{""source"": ""simulation""}"
acct_000447,acct_000447_owner,signup,2024-06-11T14:02:00+00:00,2024-06-01,,"{""source"": ""simulation""}"
acct_000448,acct_000448_owner,signup,2024-01-09T16:59:00+00:00,2024-01-01,,"{""source"": ""simulation""}"
acct_000448,acct_000448_owner,first_invoice_created,2024-01-14T16:59:00+00:00,2024-01-01,,"{""source"": ""simulation""}"
acct_000448,acct_000448_owner,first_payment_received,2024-01-22T16:59:00+00:00,2024-01-01,,"{""source"": ""simulation""}"
acct_000448,acct_000448_owner,app_integration_connected,2024-02-06T16:59:00+00:00,2024-02-01,,"{""source"": ""simulation""}"
acct_000448,acct_000448_owner,plan_upgrade,2024-04-07T16:59:00+00:00,2024-04-01,,"{""source"": ""simulation""}"
acct_000449,acct_000449_owner,signup,2024-03-07T13:14:00+00:00,2024-03-01,,"{""source"": ""simulation""}"
acct_000450,acct_000450_owner,signup,2024-08-18T18:43:00+00:00,2024-08-01,,"{""source"": ""simulation""}"
acct_000450,acct_000450_owner,first_invoice_created,2024-08-21T18:43:00+00:00,2024-08-01,,"{""source"": ""simulation""}"
acct_000450,acct_000450_owner,first_payment_received,2024-08-28T18:43:00+00:00,2024-08-01,,"{""source"": ""simulation""}"
acct_000451,acct_000451_owner,signup,2024-08-24T18:47:00+00:00,2024-08-01,,"{""source"": ""simulation""}"
acct_000451,acct_000451_owner,first_invoice_created,2024-08-25T18:47:00+00:00,2024-08-01,,"{""source"": ""simulation""}"
acct_000451,acct_000451_owner,first_payment_received,2024-08-28T18:47:00+00:00,2024-08-01,,"{""source"": ""simulation""}"
acct_000452,acct_000452_owner,signup,2024-03-24T20:22:00+00:00,2024-03-01,,"{""source"": ""simulation""}"
acct_000452,acct_000452_owner,first_invoice_created,2024-04-02T20:22:00+00:00,2024-04-01,,"{""source"": ""simulation""}"
acct_000452,acct_000452_owner,first_payment_received,2024-04-05T20:22:00+00:00,2024-04-01,,"{""source"": ""simulation""}"
acct_000452,acct_000452_owner,app_integration_connected,2024-04-09T20:22:00+00:00,2024-04-01,,"{""source"": ""simulation""}"
acct_000453,acct_000453_owner,signup,2024-09-16T10:58:00+00:00,2024-09-01,,"{""source"": ""simulation""}"
acct_000453,acct_000453_owner,first_invoice_created,2024-09-24T10:58:00+00:00,2024-09-01,,"{""source"": ""simulation""}"
acct_000453,acct_000453_owner,first_payment_received,2024-10-01T10:58:00+00:00,2024-10-01,,"{""source"": ""simulation""}"
acct_000453,acct_000453_owner,app_integration_connected,2024-10-12T10:58:00+00:00,2024-10-01,,"{""source"": ""simulation""}"
acct_000453,acct_000453_owner,feature_activated,2024-10-22T10:58:00+00:00,2024-10-01,bank_feed_sync,"{""source"": ""simulation""}"
acct_000453,acct_000453_owner,plan_upgrade,2024-11-14T10:58:00+00:00,2024-11-01,,"{""source"": ""simulation""}"
acct_000454,acct_000454_owner,signup,2024-02-22T08:48:00+00:00,2024-02-01,,"{""source"": ""simulation""}"
acct_000455,acct_000455_owner,signup,2024-03-21T11:04:00+00:00,2024-03-01,,"{""source"": ""simulation""}"
acct_000455,acct_000455_owner,first_invoice_created,2024-03-23T11:04:00+00:00,2024-03-01,,"{""source"": ""simulation""}"
acct_000455,acct_000455_owner,first_payment_received,2024-03-26T11:04:00+00:00,2024-03-01,,"{""source"": ""simulation""}"
acct_000456,acct_000456_owner,signup,2024-04-17T15:23:00+00:00,2024-04-01,,"{""source"": ""simulation""}"
acct_000457,acct_000457_owner,signup,2024-08-01T08:34:00+00:00,2024-08-01,,"{""source"": ""simulation""}"
acct_000457,acct_000457_owner,first_invoice_created,2024-08-07T08:34:00+00:00,2024-08-01,,"{""source"": ""simulation""}"
acct_000457,acct_000457_owner,first_payment_received,2024-08-10T08:34:00+00:00,2024-08-01,,"{""source"": ""simulation""}"
acct_000458,acct_000458_owner,signup,2024-01-17T19:17:00+00:00,2024-01-01,,"{""source"": ""simulation""}"
acct_000458,acct_000458_owner,first_invoice_created,2024-01-24T19:17:00+00:00,2024-01-01,,"{""source"": ""simulation""}"
acct_000458,acct_000458_owner,first_payment_received,2024-02-01T19:17:00+00:00,2024-02-01,,"{""source"": ""simulation""}"
acct_000459,acct_000459_owner,signup,2024-09-23T18:27:00+00:00,2024-09-01,,"{""source"": ""simulation""}"
acct_000459,acct_000459_owner,first_invoice_created,2024-09-29T18:27:00+00:00,2024-09-01,,"{""source"": ""simulation""}"
acct_000459,acct_000459_owner,first_payment_received,2024-10-07T18:27:00+00:00,2024-10-01,,"{""source"": ""simulation""}"
acct_000460,acct_000460_owner,signup,2024-02-17T10:15:00+00:00,2024-02-01,,"{""source"": ""simulation""}"
acct_000461,acct_000461_owner,signup,2024-06-09T20:25:00+00:00,2024-06-01,,"{""source"": ""simulation""}"
acct_000461,acct_000461_owner,first_invoice_created,2024-06-19T20:25:00+00:00,2024-06-01,,"{""source"": ""simulation""}"
acct_000461,acct_000461_owner,first_payment_received,2024-06-25T20:25:00+00:00,2024-06-01,,"{""source"": ""simulation""}"
acct_000461,acct_000461_owner,app_integration_connected,2024-07-03T20:25:00+00:00,2024-07-01,,"{""source"": ""simulation""}"
acct_000462,acct_000462_owner,signup,2024-07-15T17:15:00+00:00,2024-07-01,,"{""source"": ""simulation""}"
acct_000462,acct_000462_owner,first_invoice_created,2024-07-16T17:15:00+00:00,2024-07-01,,"{""source"": ""simulation""}"
acct_000463,acct_000463_owner,signup,2024-02-21T18:48:00+00:00,2024-02-01,,"{""source"": ""simulation""}"
acct_000463,acct_000463_owner,first_invoice_created,2024-03-02T18:48:00+00:00,2024-03-01,,"{""source"": ""simulation""}"
acct_000463,acct_000463_owner,first_payment_received,2024-03-07T18:48:00+00:00,2024-03-01,,"{""source"": ""simulation""}"
acct_000464,acct_000464_owner,signup,2024-07-13T14:35:00+00:00,2024-07-01,,"{""source"": ""simulation""}"
acct_000464,acct_000464_owner,first_invoice_created,2024-07-23T14:35:00+00:00,2024-07-01,,"{""source"": ""simulation""}"
acct_000465,acct_000465_owner,signup,2024-01-23T10:05:00+00:00,2024-01-01,,"{""source"": ""simulation""}"
acct_000466,acct_000466_owner,signup,2024-06-19T09:57:00+00:00,2024-06-01,,"{""source"": ""simulation""}"
acct_000466,acct_000466_owner,first_invoice_created,2024-06-21T09:57:00+00:00,2024-06-01,,"{""source"": ""simulation""}"
acct_000466,acct_000466_owner,first_payment_received,2024-06-27T09:57:00+00:00,2024-06-01,,"{""source"": ""simulation""}"
acct_000467,acct_000467_owner,signup,2024-04-23T17:30:00+00:00,2024-04-01,,"{""source"": ""simulation""}"
acct_000467,acct_000467_owner,first_invoice_created,2024-04-29T17:30:00+00:00,2024-04-01,,"{""source"": ""simulation""}"
acct_000468,acct_000468_owner,signup,2024-02-22T12:57:00+00:00,2024-02-01,,"{""source"": ""simulation""}"
acct_000468,acct_000468_owner,first_invoice_created,2024-02-26T12:57:00+00:00,2024-02-01,,"{""source"": ""simulation""}"
acct_000468,acct_000468_owner,first_payment_received,2024-02-26T12:57:00+00:00,2024-02-01,,"{""source"": ""simulation""}"
acct_000469,acct_000469_owner,signup,2024-06-01T11:37:00+00:00,2024-06-01,,"{""source"": ""simulation""}"
acct_000469,acct_000469_owner,first_invoice_created,2024-06-07T11:37:00+00:00,2024-06-01,,"{""source"": ""simulation""}"
acct_000469,acct_000469_owner,first_payment_received,2024-06-07T11:37:00+00:00,2024-06-01,,"{""source"": ""simulation""}"
acct_000469,acct_000469_owner,app_integration_connected,2024-06-10T11:37:00+00:00,2024-06-01,,"{""source"": ""simulation""}"
acct_000469,acct_000469_owner,feature_activated,2024-07-05T11:37:00+00:00,2024-07-01,bank_feed_sync,"{""source"": ""simulation""}"
acct_000470,acct_000470_owner,signup,2024-02-10T10:36:00+00:00,2024-02-01,,"{""source"": ""simulation""}"
acct_000471,acct_000471_owner,signup,2024-09-11T14:48:00+00:00,2024-09-01,,"{""source"": ""simulation""}"
acct_000471,acct_000471_owner,first_invoice_created,2024-09-20T14:48:00+00:00,2024-09-01,,"{""source"": ""simulation""}"
acct_000471,acct_000471_owner,first_payment_received,2024-09-25T14:48:00+00:00,2024-09-01,,"{""source"": ""simulation""}"
acct_000471,acct_000471_owner,app_integration_connected,2024-10-01T14:48:00+00:00,2024-10-01,,"{""source"": ""simulation""}"
acct_000471,acct_000471_owner,feature_activated,2024-10-17T14:48:00+00:00,2024-10-01,bank_feed_sync,"{""source"": ""simulation""}"
acct_000472,acct_000472_owner,signup,2024-09-24T13:03:00+00:00,2024-09-01,,"{""source"": ""simulation""}"
acct_000472,acct_000472_owner,first_invoice_created,2024-10-03T13:03:00+00:00,2024-10-01,,"{""source"": ""simulation""}"
acct_000472,acct_000472_owner,first_payment_received,2024-10-07T13:03:00+00:00,2024-10-01,,"{""source"": ""simulation""}"
acct_000472,acct_000472_owner,app_integration_connected,2024-10-16T13:03:00+00:00,2024-10-01,,"{""source"": ""simulation""}"
acct_000473,acct_000473_owner,signup,2024-04-03T13:38:00+00:00,2024-04-01,,"{""source"": ""simulation""}"
acct_000473,acct_000473_owner,first_invoice_created,2024-04-10T13:38:00+00:00,2024-04-01,,"{""source"": ""simulation""}"
acct_000473,acct_000473_owner,first_payment_received,2024-04-14T13:38:00+00:00,2024-04-01,,"{""source"": ""simulation""}"
acct_000474,acct_000474_owner,signup,2024-01-21T12:50:00+00:00,2024-01-01,,"{""source"": ""simulation""}"
acct_000475,acct_000475_owner,signup,2024-04-12T16:24:00+00:00,2024-04-01,,"{""source"": ""simulation""}"
acct_000475,acct_000475_owner,first_invoice_created,2024-04-16T16:24:00+00:00,2024-04-01,,"{""source"": ""simulation""}"
acct_000475,acct_000475_owner,first_payment_received,2024-04-23T16:24:00+00:00,2024-04-01,,"{""source"": ""simulation""}"
acct_000475,acct_000475_owner,app_integration_connected,2024-05-08T16:24:00+00:00,2024-05-01,,"{""source"": ""simulation""}"
acct_000476,acct_000476_owner,signup,2024-07-03T20:39:00+00:00,2024-07-01,,"{""source"": ""simulation""}"
acct_000476,acct_000476_owner,first_invoice_created,2024-07-13T20:39:00+00:00,2024-07-01,,"{""source"": ""simulation""}"
acct_000476,acct_000476_owner,first_payment_received,2024-07-16T20:39:00+00:00,2024-07-01,,"{""source"": ""simulation""}"
acct_000476,acct_000476_owner,app_integration_connected,2024-07-19T20:39:00+00:00,2024-07-01,,"{""source"": ""simulation""}"
acct_000477,acct_000477_owner,signup,2024-02-03T12:09:00+00:00,2024-02-01,,"{""source"": ""simulation""}"
acct_000477,acct_000477_owner,first_invoice_created,2024-02-13T12:09:00+00:00,2024-02-01,,"{""source"": ""simulation""}"
acct_000477,acct_000477_owner,first_payment_received,2024-02-20T12:09:00+00:00,2024-02-01,,"{""source"": ""simulation""}"
acct_000477,acct_000477_owner,app_integration_connected,2024-02-25T12:09:00+00:00,2024-02-01,,"{""source"": ""simulation""}"
acct_000478,acct_000478_owner,signup,2024-07-11T13:06:00+00:00,2024-07-01,,"{""source"": ""simulation""}"
acct_000478,acct_000478_owner,first_invoice_created,2024-07-17T13:06:00+00:00,2024-07-01,,"{""source"": ""simulation""}"
acct_000478,acct_000478_owner,first_payment_received,2024-07-20T13:06:00+00:00,2024-07-01,,"{""source"": ""simulation""}"
acct_000479,acct_000479_owner,signup,2024-05-15T13:48:00+00:00,2024-05-01,,"{""source"": ""simulation""}"
acct_000480,acct_000480_owner,signup,2024-03-03T10:27:00+00:00,2024-03-01,,"{""source"": ""simulation""}"
acct_000480,acct_000480_owner,first_invoice_created,2024-03-12T10:27:00+00:00,2024-03-01,,"{""source"": ""simulation""}"
acct_000480,acct_000480_owner,first_payment_received,2024-03-19T10:27:00+00:00,2024-03-01,,"{""source"": ""simulation""}"
acct_000481,acct_000481_owner,signup,2024-02-01T09:22:00+00:00,2024-02-01,,"{""source"": ""simulation""}"
acct_000481,acct_000481_owner,first_invoice_created,2024-02-07T09:22:00+00:00,2024-02-01,,"{""source"": ""simulation""}"
acct_000481,acct_000481_owner,first_payment_received,2024-02-10T09:22:00+00:00,2024-02-01,,"{""source"": ""simulation""}"
acct_000482,acct_000482_owner,signup,2024-07-01T12:26:00+00:00,2024-07-01,,"{""source"": ""simulation""}"
acct_000482,acct_000482_owner,first_invoice_created,2024-07-05T12:26:00+00:00,2024-07-01,,"{""source"": ""simulation""}"
acct_000482,acct_000482_owner,first_payment_received,2024-07-10T12:26:00+00:00,2024-07-01,,"{""source"": ""simulation""}"
acct_000483,acct_000483_owner,signup,2024-09-08T17:33:00+00:00,2024-09-01,,"{""source"": ""simulation""}"
acct_000484,acct_000484_owner,signup,2024-03-05T12:19:00+00:00,2024-03-01,,"{""source"": ""simulation""}"
acct_000484,acct_000484_owner,first_invoice_created,2024-03-07T12:19:00+00:00,2024-03-01,,"{""source"": ""simulation""}"
acct_000485,acct_000485_owner,signup,2024-03-03T10:27:00+00:00,2024-03-01,,"{""source"": ""simulation""}"
acct_000485,acct_000485_owner,first_invoice_created,2024-03-09T10:27:00+00:00,2024-03-01,,"{""source"": ""simulation""}"
acct_000485,acct_000485_owner,first_payment_received,2024-03-09T10:27:00+00:00,2024-03-01,,"{""source"": ""simulation""}"
acct_000485,acct_000485_owner,app_integration_connected,2024-03-26T10:27:00+00:00,2024-03-01,,"{""source"": ""simulation""}"
acct_000485,acct_000485_owner,feature_activated,2024-04-23T10:27:00+00:00,2024-04-01,bank_feed_sync,"{""source"": ""simulation""}"
acct_000485,acct_000485_owner,plan_upgrade,2024-05-19T10:27:00+00:00,2024-05-01,,"{""source"": ""simulation""}"
acct_000486,acct_000486_owner,signup,2024-05-16T20:04:00+00:00,2024-05-01,,"{""source"": ""simulation""}"
acct_000486,acct_000486_owner,first_invoice_created,2024-05-21T20:04:00+00:00,2024-05-01,,"{""source"": ""simulation""}"
acct_000486,acct_000486_owner,first_payment_received,2024-05-25T20:04:00+00:00,2024-05-01,,"{""source"": ""simulation""}"
acct_000486,acct_000486_owner,app_integration_connected,2024-06-13T20:04:00+00:00,2024-06-01,,"{""source"": ""simulation""}"
acct_000486,acct_000486_owner,feature_activated,2024-06-21T20:04:00+00:00,2024-06-01,bank_feed_sync,"{""source"": ""simulation""}"
acct_000487,acct_000487_owner,signup,2024-04-24T18:31:00+00:00,2024-04-01,,"{""source"": ""simulation""}"
acct_000487,acct_000487_owner,first_invoice_created,2024-04-27T18:31:00+00:00,2024-04-01,,"{""source"": ""simulation""}"
acct_000487,acct_000487_owner,first_payment_received,2024-05-02T18:31:00+00:00,2024-05-01,,"{""source"": ""simulation""}"
acct_000487,acct_000487_owner,app_integration_connected,2024-05-20T18:31:00+00:00,2024-05-01,,"{""source"": ""simulation""}"
acct_000487,acct_000487_owner,feature_activated,2024-05-28T18:31:00+00:00,2024-05-01,bank_feed_sync,"{""source"": ""simulation""}"
acct_000488,acct_000488_owner,signup,2024-02-05T12:00:00+00:00,2024-02-01,,"{""source"": ""simulation""}"
acct_000488,acct_000488_owner,first_invoice_created,2024-02-11T12:00:00+00:00,2024-02-01,,"{""source"": ""simulation""}"
acct_000489,acct_000489_owner,signup,2024-07-11T15:21:00+00:00,2024-07-01,,"{""source"": ""simulation""}"
acct_000490,acct_000490_owner,signup,2024-05-11T17:44:00+00:00,2024-05-01,,"{""source"": ""simulation""}"
acct_000490,acct_000490_owner,first_invoice_created,2024-05-16T17:44:00+00:00,2024-05-01,,"{""source"": ""simulation""}"
acct_000490,acct_000490_owner,first_payment_received,2024-05-19T17:44:00+00:00,2024-05-01,,"{""source"": ""simulation""}"
acct_000490,acct_000490_owner,app_integration_connected,2024-05-23T17:44:00+00:00,2024-05-01,,"{""source"": ""simulation""}"
acct_000490,acct_000490_owner,feature_activated,2024-05-27T17:44:00+00:00,2024-05-01,bank_feed_sync,"{""source"": ""simulation""}"
acct_000491,acct_000491_owner,signup,2024-06-06T14:20:00+00:00,2024-06-01,,"{""source"": ""simulation""}"
acct_000491,acct_000491_owner,first_invoice_created,2024-06-09T14:20:00+00:00,2024-06-01,,"{""source"": ""simulation""}"
acct_000492,acct_000492_owner,signup,2024-04-11T14:17:00+00:00,2024-04-01,,"{""source"": ""simulation""}"
acct_000493,acct_000493_owner,signup,2024-02-19T11:37:00+00:00,2024-02-01,,"{""source"": ""simulation""}"
acct_000493,acct_000493_owner,first_invoice_created,2024-02-26T11:37:00+00:00,2024-02-01,,"{""source"": ""simulation""}"
acct_000493,acct_000493_owner,first_payment_received,2024-02-29T11:37:00+00:00,2024-02-01,,"{""source"": ""simulation""}"
acct_000493,acct_000493_owner,app_integration_connected,2024-03-09T11:37:00+00:00,2024-03-01,,"{""source"": ""simulation""}"
acct_000494,acct_000494_owner,signup,2024-08-23T11:28:00+00:00,2024-08-01,,"{""source"": ""simulation""}"
acct_000495,acct_000495_owner,signup,2024-07-22T15:08:00+00:00,2024-07-01,,"{""source"": ""simulation""}"
acct_000495,acct_000495_owner,first_invoice_created,2024-07-23T15:08:00+00:00,2024-07-01,,"{""source"": ""simulation""}"
acct_000495,acct_000495_owner,first_payment_received,2024-07-30T15:08:00+00:00,2024-07-01,,"{""source"": ""simulation""}"
acct_000496,acct_000496_owner,signup,2024-05-22T10:45:00+00:00,2024-05-01,,"{""source"": ""simulation""}"
acct_000497,acct_000497_owner,signup,2024-02-15T17:30:00+00:00,2024-02-01,,"{""source"": ""simulation""}"
acct_000498,acct_000498_owner,signup,2024-09-02T20:23:00+00:00,2024-09-01,,"{""source"": ""simulation""}"
acct_000498,acct_000498_owner,first_invoice_created,2024-09-09T20:23:00+00:00,2024-09-01,,"{""source"": ""simulation""}"
acct_000498,acct_000498_owner,first_payment_received,2024-09-12T20:23:00+00:00,2024-09-01,,"{""source"": ""simulation""}"
acct_000498,acct_000498_owner,app_integration_connected,2024-09-23T20:23:00+00:00,2024-09-01,,"{""source"": ""simulation""}"
acct_000499,acct_000499_owner,signup,2024-04-22T18:22:00+00:00,2024-04-01,,"{""source"": ""simulation""}"
acct_000499,acct_000499_owner,first_invoice_created,2024-04-30T18:22:00+00:00,2024-04-01,,"{""source"": ""simulation""}"
acct_000499,acct_000499_owner,first_payment_received,2024-05-02T18:22:00+00:00,2024-05-01,,"{""source"": ""simulation""}"
acct_000499,acct_000499_owner,app_integration_connected,2024-05-13T18:22:00+00:00,2024-05-01,,"{""source"": ""simulation""}"
acct_000500,acct_000500_owner,signup,2024-07-25T13:50:00+00:00,2024-07-01,,"{""source"": ""simulation""}"
acct_000501,acct_000501_owner,signup,2024-01-04T12:14:00+00:00,2024-01-01,,"{""source"": ""simulation""}"
acct_000502,acct_000502_owner,signup,2024-06-13T15:49:00+00:00,2024-06-01,,"{""source"": ""simulation""}"
acct_000503,acct_000503_owner,signup,2024-01-16T09:18:00+00:00,2024-01-01,,"{""source"": ""simulation""}"
acct_000503,acct_000503_owner,first_invoice_created,2024-01-23T09:18:00+00:00,2024-01-01,,"{""source"": ""simulation""}"
acct_000503,acct_000503_owner,first_payment_received,2024-01-28T09:18:00+00:00,2024-01-01,,"{""source"": ""simulation""}"
acct_000504,acct_000504_owner,signup,2024-02-24T10:22:00+00:00,2024-02-01,,"{""source"": ""simulation""}"
acct_000504,acct_000504_owner,first_invoice_created,2024-02-25T10:22:00+00:00,2024-02-01,,"{""source"": ""simulation""}"
acct_000504,acct_000504_owner,first_payment_received,2024-03-04T10:22:00+00:00,2024-03-01,,"{""source"": ""simulation""}"
acct_000505,acct_000505_owner,signup,2024-08-07T16:30:00+00:00,2024-08-01,,"{""source"": ""simulation""}"
acct_000505,acct_000505_owner,first_invoice_created,2024-08-09T16:30:00+00:00,2024-08-01,,"{""source"": ""simulation""}"
acct_000505,acct_000505_owner,first_payment_received,2024-08-17T16:30:00+00:00,2024-08-01,,"{""source"": ""simulation""}"
acct_000505,acct_000505_owner,app_integration_connected,2024-09-02T16:30:00+00:00,2024-09-01,,"{""source"": ""simulation""}"
acct_000505,acct_000505_owner,feature_activated,2024-09-19T16:30:00+00:00,2024-09-01,bank_feed_sync,"{""source"": ""simulation""}"
acct_000506,acct_000506_owner,signup,2024-02-15T19:44:00+00:00,2024-02-01,,"{""source"": ""simulation""}"
acct_000507,acct_000507_owner,signup,2024-02-10T08:51:00+00:00,2024-02-01,,"{""source"": ""simulation""}"
acct_000507,acct_000507_owner,first_invoice_created,2024-02-18T08:51:00+00:00,2024-02-01,,"{""source"": ""simulation""}"
acct_000507,acct_000507_owner,first_payment_received,2024-02-24T08:51:00+00:00,2024-02-01,,"{""source"": ""simulation""}"
acct_000507,acct_000507_owner,app_integration_connected,2024-03-03T08:51:00+00:00,2024-03-01,,"{""source"": ""simulation""}"
acct_000508,acct_000508_owner,signup,2024-06-21T09:43:00+00:00,2024-06-01,,"{""source"": ""simulation""}"
acct_000508,acct_000508_owner,first_invoice_created,2024-06-25T09:43:00+00:00,2024-06-01,,"{""source"": ""simulation""}"
acct_000508,acct_000508_owner,first_payment_received,2024-07-01T09:43:00+00:00,2024-07-01,,"{""source"": ""simulation""}"
acct_000508,acct_000508_owner,app_integration_connected,2024-07-16T09:43:00+00:00,2024-07-01,,"{""source"": ""simulation""}"
acct_000509,acct_000509_owner,signup,2024-09-06T16:10:00+00:00,2024-09-01,,"{""source"": ""simulation""}"
acct_000509,acct_000509_owner,first_invoice_created,2024-09-13T16:10:00+00:00,2024-09-01,,"{""source"": ""simulation""}"
acct_000510,acct_000510_owner,signup,2024-08-08T20:25:00+00:00,2024-08-01,,"{""source"": ""simulation""}"
acct_000510,acct_000510_owner,first_invoice_created,2024-08-14T20:25:00+00:00,2024-08-01,,"{""source"": ""simulation""}"
acct_000510,acct_000510_owner,first_payment_received,2024-08-21T20:25:00+00:00,2024-08-01,,"{""source"": ""simulation""}"
acct_000511,acct_000511_owner,signup,2024-07-13T08:47:00+00:00,2024-07-01,,"{""source"": ""simulation""}"
acct_000511,acct_000511_owner,first_invoice_created,2024-07-16T08:47:00+00:00,2024-07-01,,"{""source"": ""simulation""}"
acct_000511,acct_000511_owner,first_payment_received,2024-07-16T08:47:00+00:00,2024-07-01,,"{""source"": ""simulation""}"
acct_000511,acct_000511_owner,app_integration_connected,2024-08-04T08:47:00+00:00,2024-08-01,,"{""source"": ""simulation""}"
acct_000511,acct_000511_owner,plan_upgrade,2024-10-01T08:47:00+00:00,2024-10-01,,"{""source"": ""simulation""}"
acct_000512,acct_000512_owner,signup,2024-07-13T08:45:00+00:00,2024-07-01,,"{""source"": ""simulation""}"
acct_000513,acct_000513_owner,signup,2024-05-25T19:51:00+00:00,2024-05-01,,"{""source"": ""simulation""}"
acct_000513,acct_000513_owner,first_invoice_created,2024-06-02T19:51:00+00:00,2024-06-01,,"{""source"": ""simulation""}"
acct_000514,acct_000514_owner,signup,2024-09-06T13:20:00+00:00,2024-09-01,,"{""source"": ""simulation""}"
acct_000515,acct_000515_owner,signup,2024-02-09T18:55:00+00:00,2024-02-01,,"{""source"": ""simulation""}"
acct_000515,acct_000515_owner,first_invoice_created,2024-02-10T18:55:00+00:00,2024-02-01,,"{""source"": ""simulation""}"
acct_000515,acct_000515_owner,first_payment_received,2024-02-14T18:55:00+00:00,2024-02-01,,"{""source"": ""simulation""}"
acct_000515,acct_000515_owner,app_integration_connected,2024-02-22T18:55:00+00:00,2024-02-01,,"{""source"": ""simulation""}"
acct_000516,acct_000516_owner,signup,2024-07-20T14:37:00+00:00,2024-07-01,,"{""source"": ""simulation""}"
acct_000517,acct_000517_owner,signup,2024-06-15T17:11:00+00:00,2024-06-01,,"{""source"": ""simulation""}"
acct_000517,acct_000517_owner,first_invoice_created,2024-06-21T17:11:00+00:00,2024-06-01,,"{""source"": ""simulation""}"
acct_000518,acct_000518_owner,signup,2024-03-11T09:15:00+00:00,2024-03-01,,"{""source"": ""simulation""}"
acct_000518,acct_000518_owner,first_invoice_created,2024-03-15T09:15:00+00:00,2024-03-01,,"{""source"": ""simulation""}"
acct_000518,acct_000518_owner,first_payment_received,2024-03-21T09:15:00+00:00,2024-03-01,,"{""source"": ""simulation""}"
acct_000519,acct_000519_owner,signup,2024-03-12T19:09:00+00:00,2024-03-01,,"{""source"": ""simulation""}"
acct_000520,acct_000520_owner,signup,2024-03-19T14:27:00+00:00,2024-03-01,,"{""source"": ""simulation""}"
acct_000520,acct_000520_owner,first_invoice_created,2024-03-28T14:27:00+00:00,2024-03-01,,"{""source"": ""simulation""}"
acct_000520,acct_000520_owner,first_payment_received,2024-04-05T14:27:00+00:00,2024-04-01,,"{""source"": ""simulation""}"
acct_000520,acct_000520_owner,app_integration_connected,2024-04-22T14:27:00+00:00,2024-04-01,,"{""source"": ""simulation""}"
acct_000520,acct_000520_owner,feature_activated,2024-04-26T14:27:00+00:00,2024-04-01,bank_feed_sync,"{""source"": ""simulation""}"
acct_000520,acct_000520_owner,plan_upgrade,2024-06-21T14:27:00+00:00,2024-06-01,,"{""source"": ""simulation""}"
acct_000521,acct_000521_owner,signup,2024-09-23T18:59:00+00:00,2024-09-01,,"{""source"": ""simulation""}"
acct_000522,acct_000522_owner,signup,2024-08-10T10:11:00+00:00,2024-08-01,,"{""source"": ""simulation""}"
acct_000522,acct_000522_owner,first_invoice_created,2024-08-20T10:11:00+00:00,2024-08-01,,"{""source"": ""simulation""}"
acct_000522,acct_000522_owner,first_payment_received,2024-08-27T10:11:00+00:00,2024-08-01,,"{""source"": ""simulation""}"
acct_000522,acct_000522_owner,app_integration_connected,2024-08-28T10:11:00+00:00,2024-08-01,,"{""source"": ""simulation""}"
acct_000522,acct_000522_owner,feature_activated,2024-09-11T10:11:00+00:00,2024-09-01,bank_feed_sync,"{""source"": ""simulation""}"
acct_000523,acct_000523_owner,signup,2024-01-12T08:31:00+00:00,2024-01-01,,"{""source"": ""simulation""}"
acct_000523,acct_000523_owner,first_invoice_created,2024-01-20T08:31:00+00:00,2024-01-01,,"{""source"": ""simulation""}"
acct_000523,acct_000523_owner,first_payment_received,2024-01-23T08:31:00+00:00,2024-01-01,,"{""source"": ""simulation""}"
acct_000524,acct_000524_owner,signup,2024-07-18T16:41:00+00:00,2024-07-01,,"{""source"": ""simulation""}"
acct_000524,acct_000524_owner,first_invoice_created,2024-07-20T16:41:00+00:00,2024-07-01,,"{""source"": ""simulation""}"
acct_000524,acct_000524_owner,first_payment_received,2024-07-28T16:41:00+00:00,2024-07-01,,"{""source"": ""simulation""}"
acct_000524,acct_000524_owner,app_integration_connected,2024-08-14T16:41:00+00:00,2024-08-01,,"{""source"": ""simulation""}"
acct_000524,acct_000524_owner,feature_activated,2024-09-09T16:41:00+00:00,2024-09-01,bank_feed_sync,"{""source"": ""simulation""}"
acct_000525,acct_000525_owner,signup,2024-08-14T19:53:00+00:00,2024-08-01,,"{""source"": ""simulation""}"
acct_000525,acct_000525_owner,first_invoice_created,2024-08-21T19:53:00+00:00,2024-08-01,,"{""source"": ""simulation""}"
acct_000525,acct_000525_owner,first_payment_received,2024-08-24T19:53:00+00:00,2024-08-01,,"{""source"": ""simulation""}"
acct_000526,acct_000526_owner,signup,2024-03-03T17:01:00+00:00,2024-03-01,,"{""source"": ""simulation""}"
acct_000526,acct_000526_owner,first_invoice_created,2024-03-11T17:01:00+00:00,2024-03-01,,"{""source"": ""simulation""}"
acct_000527,acct_000527_owner,signup,2024-01-09T11:34:00+00:00,2024-01-01,,"{""source"": ""simulation""}"
acct_000527,acct_000527_owner,first_invoice_created,2024-01-16T11:34:00+00:00,2024-01-01,,"{""source"": ""simulation""}"
acct_000527,acct_000527_owner,first_payment_received,2024-01-21T11:34:00+00:00,2024-01-01,,"{""source"": ""simulation""}"
acct_000528,acct_000528_owner,signup,2024-08-19T19:49:00+00:00,2024-08-01,,"{""source"": ""simulation""}"
acct_000528,acct_000528_owner,first_invoice_created,2024-08-29T19:49:00+00:00,2024-08-01,,"{""source"": ""simulation""}"
acct_000529,acct_000529_owner,signup,2024-02-09T20:34:00+00:00,2024-02-01,,"{""source"": ""simulation""}"
acct_000529,acct_000529_owner,first_invoice_created,2024-02-18T20:34:00+00:00,2024-02-01,,"{""source"": ""simulation""}"
acct_000529,acct_000529_owner,first_payment_received,2024-02-25T20:34:00+00:00,2024-02-01,,"{""source"": ""simulation""}"
acct_000529,acct_000529_owner,app_integration_connected,2024-03-14T20:34:00+00:00,2024-03-01,,"{""source"": ""simulation""}"
acct_000530,acct_000530_owner,signup,2024-08-18T11:27:00+00:00,2024-08-01,,"{""source"": ""simulation""}"
acct_000530,acct_000530_owner,first_invoice_created,2024-08-28T11:27:00+00:00,2024-08-01,,"{""source"": ""simulation""}"
acct_000531,acct_000531_owner,signup,2024-05-02T15:16:00+00:00,2024-05-01,,"{""source"": ""simulation""}"
acct_000532,acct_000532_owner,signup,2024-08-04T20:51:00+00:00,2024-08-01,,"{""source"": ""simulation""}"
acct_000532,acct_000532_owner,first_invoice_created,2024-08-14T20:51:00+00:00,2024-08-01,,"{""source"": ""simulation""}"
acct_000532,acct_000532_owner,first_payment_received,2024-08-19T20:51:00+00:00,2024-08-01,,"{""source"": ""simulation""}"
acct_000532,acct_000532_owner,app_integration_connected,2024-09-05T20:51:00+00:00,2024-09-01,,"{""source"": ""simulation""}"
acct_000533,acct_000533_owner,signup,2024-06-23T17:40:00+00:00,2024-06-01,,"{""source"": ""simulation""}"
acct_000533,acct_000533_owner,first_invoice_created,2024-07-03T17:40:00+00:00,2024-07-01,,"{""source"": ""simulation""}"
acct_000533,acct_000533_owner,first_payment_received,2024-07-04T17:40:00+00:00,2024-07-01,,"{""source"": ""simulation""}"
acct_000533,acct_000533_owner,app_integration_connected,2024-07-11T17:40:00+00:00,2024-07-01,,"{""source"": ""simulation""}"
acct_000533,acct_000533_owner,feature_activated,2024-07-17T17:40:00+00:00,2024-07-01,bank_feed_sync,"{""source"": ""simulation""}"
acct_000534,acct_000534_owner,signup,2024-03-07T11:51:00+00:00,2024-03-01,,"{""source"": ""simulation""}"
acct_000534,acct_000534_owner,first_invoice_created,2024-03-16T11:51:00+00:00,2024-03-01,,"{""source"": ""simulation""}"
acct_000534,acct_000534_owner,first_payment_received,2024-03-24T11:51:00+00:00,2024-03-01,,"{""source"": ""simulation""}"
acct_000535,acct_000535_owner,signup,2024-09-09T17:34:00+00:00,2024-09-01,,"{""source"": ""simulation""}"
acct_000535,acct_000535_owner,first_invoice_created,2024-09-15T17:34:00+00:00,2024-09-01,,"{""source"": ""simulation""}"
acct_000535,acct_000535_owner,first_payment_received,2024-09-17T17:34:00+00:00,2024-09-01,,"{""source"": ""simulation""}"
acct_000535,acct_000535_owner,app_integration_connected,2024-09-30T17:34:00+00:00,2024-09-01,,"{""source"": ""simulation""}"
acct_000535,acct_000535_owner,feature_activated,2024-10-15T17:34:00+00:00,2024-10-01,bank_feed_sync,"{""source"": ""simulation""}"
acct_000536,acct_000536_owner,signup,2024-05-10T17:17:00+00:00,2024-05-01,,"{""source"": ""simulation""}"
acct_000537,acct_000537_owner,signup,2024-07-02T12:55:00+00:00,2024-07-01,,"{""source"": ""simulation""}"
acct_000537,acct_000537_owner,first_invoice_created,2024-07-09T12:55:00+00:00,2024-07-01,,"{""source"": ""simulation""}"
acct_000537,acct_000537_owner,first_payment_received,2024-07-17T12:55:00+00:00,2024-07-01,,"{""source"": ""simulation""}"
acct_000538,acct_000538_owner,signup,2024-04-05T19:20:00+00:00,2024-04-01,,"{""source"": ""simulation""}"
acct_000538,acct_000538_owner,first_invoice_created,2024-04-13T19:20:00+00:00,2024-04-01,,"{""source"": ""simulation""}"
acct_000538,acct_000538_owner,first_payment_received,2024-04-13T19:20:00+00:00,2024-04-01,,"{""source"": ""simulation""}"
acct_000538,acct_000538_owner,app_integration_connected,2024-05-02T19:20:00+00:00,2024-05-01,,"{""source"": ""simulation""}"
acct_000539,acct_000539_owner,signup,2024-08-05T17:40:00+00:00,2024-08-01,,"{""source"": ""simulation""}"
acct_000539,acct_000539_owner,first_invoice_created,2024-08-06T17:40:00+00:00,2024-08-01,,"{""source"": ""simulation""}"
acct_000539,acct_000539_owner,first_payment_received,2024-08-07T17:40:00+00:00,2024-08-01,,"{""source"": ""simulation""}"
acct_000539,acct_000539_owner,app_integration_connected,2024-08-08T17:40:00+00:00,2024-08-01,,"{""source"": ""simulation""}"
acct_000540,acct_000540_owner,signup,2024-07-15T09:40:00+00:00,2024-07-01,,"{""source"": ""simulation""}"
acct_000540,acct_000540_owner,first_invoice_created,2024-07-24T09:40:00+00:00,2024-07-01,,"{""source"": ""simulation""}"
acct_000540,acct_000540_owner,first_payment_received,2024-07-30T09:40:00+00:00,2024-07-01,,"{""source"": ""simulation""}"
acct_000540,acct_000540_owner,app_integration_connected,2024-08-01T09:40:00+00:00,2024-08-01,,"{""source"": ""simulation""}"
acct_000540,acct_000540_owner,feature_activated,2024-08-14T09:40:00+00:00,2024-08-01,bank_feed_sync,"{""source"": ""simulation""}"
acct_000541,acct_000541_owner,signup,2024-09-24T12:44:00+00:00,2024-09-01,,"{""source"": ""simulation""}"
acct_000542,acct_000542_owner,signup,2024-08-11T17:00:00+00:00,2024-08-01,,"{""source"": ""simulation""}"
acct_000542,acct_000542_owner,first_invoice_created,2024-08-20T17:00:00+00:00,2024-08-01,,"{""source"": ""simulation""}"
acct_000542,acct_000542_owner,first_payment_received,2024-08-22T17:00:00+00:00,2024-08-01,,"{""source"": ""simulation""}"
acct_000542,acct_000542_owner,app_integration_connected,2024-08-29T17:00:00+00:00,2024-08-01,,"{""source"": ""simulation""}"
acct_000542,acct_000542_owner,feature_activated,2024-09-06T17:00:00+00:00,2024-09-01,bank_feed_sync,"{""source"": ""simulation""}"
acct_000543,acct_000543_owner,signup,2024-06-03T20:34:00+00:00,2024-06-01,,"{""source"": ""simulation""}"
acct_000543,acct_000543_owner,first_invoice_created,2024-06-04T20:34:00+00:00,2024-06-01,,"{""source"": ""simulation""}"
acct_000543,acct_000543_owner,first_payment_received,2024-06-04T20:34:00+00:00,2024-06-01,,"{""source"": ""simulation""}"
acct_000543,acct_000543_owner,app_integration_connected,2024-06-12T20:34:00+00:00,2024-06-01,,"{""source"": ""simulation""}"
acct_000543,acct_000543_owner,plan_upgrade,2024-07-07T20:34:00+00:00,2024-07-01,,"{""source"": ""simulation""}"
acct_000543,acct_000543_owner,feature_activated,2024-07-10T20:34:00+00:00,2024-07-01,bank_feed_sync,"{""source"": ""simulation""}"
acct_000544,acct_000544_owner,signup,2024-07-07T15:17:00+00:00,2024-07-01,,"{""source"": ""simulation""}"
acct_000545,acct_000545_owner,signup,2024-06-18T17:08:00+00:00,2024-06-01,,"{""source"": ""simulation""}"
acct_000545,acct_000545_owner,first_invoice_created,2024-06-28T17:08:00+00:00,2024-06-01,,"{""source"": ""simulation""}"
acct_000546,acct_000546_owner,signup,2024-01-02T09:40:00+00:00,2024-01-01,,"{""source"": ""simulation""}"
acct_000546,acct_000546_owner,first_invoice_created,2024-01-04T09:40:00+00:00,2024-01-01,,"{""source"": ""simulation""}"
acct_000546,acct_000546_owner,first_payment_received,2024-01-06T09:40:00+00:00,2024-01-01,,"{""source"": ""simulation""}"
acct_000546,acct_000546_owner,app_integration_connected,2024-01-10T09:40:00+00:00,2024-01-01,,"{""source"": ""simulation""}"
acct_000546,acct_000546_owner,feature_activated,2024-02-02T09:40:00+00:00,2024-02-01,bank_feed_sync,"{""source"": ""simulation""}"
acct_000547,acct_000547_owner,signup,2024-02-06T15:29:00+00:00,2024-02-01,,"{""source"": ""simulation""}"
acct_000548,acct_000548_owner,signup,2024-04-23T10:56:00+00:00,2024-04-01,,"{""source"": ""simulation""}"
acct_000549,acct_000549_owner,signup,2024-05-03T18:23:00+00:00,2024-05-01,,"{""source"": ""simulation""}"
acct_000549,acct_000549_owner,first_invoice_created,2024-05-05T18:23:00+00:00,2024-05-01,,"{""source"": ""simulation""}"
acct_000549,acct_000549_owner,first_payment_received,2024-05-07T18:23:00+00:00,2024-05-01,,"{""source"": ""simulation""}"
acct_000549,acct_000549_owner,app_integration_connected,2024-05-12T18:23:00+00:00,2024-05-01,,"{""source"": ""simulation""}"
acct_000549,acct_000549_owner,plan_upgrade,2024-07-01T18:23:00+00:00,2024-07-01,,"{""source"": ""simulation""}"
acct_000550,acct_000550_owner,signup,2024-06-22T18:10:00+00:00,2024-06-01,,"{""source"": ""simulation""}"
acct_000550,acct_000550_owner,first_invoice_created,2024-06-26T18:10:00+00:00,2024-06-01,,"{""source"": ""simulation""}"
acct_000550,acct_000550_owner,first_payment_received,2024-07-01T18:10:00+00:00,2024-07-01,,"{""source"": ""simulation""}"
acct_000550,acct_000550_owner,app_integration_connected,2024-07-03T18:10:00+00:00,2024-07-01,,"{""source"": ""simulation""}"
acct_000550,acct_000550_owner,plan_upgrade,2024-07-22T18:10:00+00:00,2024-07-01,,"{""source"": ""simulation""}"
acct_000551,acct_000551_owner,signup,2024-05-24T19:48:00+00:00,2024-05-01,,"{""source"": ""simulation""}"
acct_000551,acct_000551_owner,first_invoice_created,2024-05-30T19:48:00+00:00,2024-05-01,,"{""source"": ""simulation""}"
acct_000551,acct_000551_owner,first_payment_received,2024-06-06T19:48:00+00:00,2024-06-01,,"{""source"": ""simulation""}"
acct_000552,acct_000552_owner,signup,2024-02-23T09:00:00+00:00,2024-02-01,,"{""source"": ""simulation""}"
acct_000553,acct_000553_owner,signup,2024-02-05T17:14:00+00:00,2024-02-01,,"{""source"": ""simulation""}"
acct_000554,acct_000554_owner,signup,2024-01-23T13:52:00+00:00,2024-01-01,,"{""source"": ""simulation""}"
acct_000554,acct_000554_owner,first_invoice_created,2024-01-29T13:52:00+00:00,2024-01-01,,"{""source"": ""simulation""}"
acct_000554,acct_000554_owner,first_payment_received,2024-01-31T13:52:00+00:00,2024-01-01,,"{""source"": ""simulation""}"
acct_000555,acct_000555_owner,signup,2024-03-16T09:14:00+00:00,2024-03-01,,"{""source"": ""simulation""}"
acct_000555,acct_000555_owner,first_invoice_created,2024-03-24T09:14:00+00:00,2024-03-01,,"{""source"": ""simulation""}"
acct_000556,acct_000556_owner,signup,2024-02-04T13:23:00+00:00,2024-02-01,,"{""source"": ""simulation""}"
acct_000556,acct_000556_owner,first_invoice_created,2024-02-05T13:23:00+00:00,2024-02-01,,"{""source"": ""simulation""}"
acct_000557,acct_000557_owner,signup,2024-07-25T20:55:00+00:00,2024-07-01,,"{""source"": ""simulation""}"
acct_000557,acct_000557_owner,first_invoice_created,2024-07-29T20:55:00+00:00,2024-07-01,,"{""source"": ""simulation""}"
acct_000557,acct_000557_owner,first_payment_received,2024-07-31T20:55:00+00:00,2024-07-01,,"{""source"": ""simulation""}"
acct_000558,acct_000558_owner,signup,2024-02-17T17:00:00+00:00,2024-02-01,,"{""source"": ""simulation""}"
acct_000558,acct_000558_owner,first_invoice_created,2024-02-22T17:00:00+00:00,2024-02-01,,"{""source"": ""simulation""}"
acct_000559,acct_000559_owner,signup,2024-06-24T11:40:00+00:00,2024-06-01,,"{""source"": ""simulation""}"
acct_000560,acct_000560_owner,signup,2024-08-07T09:57:00+00:00,2024-08-01,,"{""source"": ""simulation""}"
acct_000560,acct_000560_owner,first_invoice_created,2024-08-12T09:57:00+00:00,2024-08-01,,"{""source"": ""simulation""}"
acct_000560,acct_000560_owner,first_payment_received,2024-08-16T09:57:00+00:00,2024-08-01,,"{""source"": ""simulation""}"
acct_000560,acct_000560_owner,app_integration_connected,2024-08-25T09:57:00+00:00,2024-08-01,,"{""source"": ""simulation""}"
acct_000561,acct_000561_owner,signup,2024-02-19T19:24:00+00:00,2024-02-01,,"{""source"": ""simulation""}"
acct_000561,acct_000561_owner,first_invoice_created,2024-02-23T19:24:00+00:00,2024-02-01,,"{""source"": ""simulation""}"
acct_000562,acct_000562_owner,signup,2024-06-05T11:17:00+00:00,2024-06-01,,"{""source"": ""simulation""}"
acct_000562,acct_000562_owner,first_invoice_created,2024-06-12T11:17:00+00:00,2024-06-01,,"{""source"": ""simulation""}"
acct_000562,acct_000562_owner,first_payment_received,2024-06-16T11:17:00+00:00,2024-06-01,,"{""source"": ""simulation""}"
acct_000562,acct_000562_owner,app_integration_connected,2024-07-04T11:17:00+00:00,2024-07-01,,"{""source"": ""simulation""}"
acct_000562,acct_000562_owner,feature_activated,2024-08-03T11:17:00+00:00,2024-08-01,bank_feed_sync,"{""source"": ""simulation""}"
acct_000562,acct_000562_owner,plan_upgrade,2024-10-01T11:17:00+00:00,2024-10-01,,"{""source"": ""simulation""}"
acct_000563,acct_000563_owner,signup,2024-09-20T17:46:00+00:00,2024-09-01,,"{""source"": ""simulation""}"
acct_000563,acct_000563_owner,first_invoice_created,2024-09-28T17:46:00+00:00,2024-09-01,,"{""source"": ""simulation""}"
acct_000563,acct_000563_owner,first_payment_received,2024-10-06T17:46:00+00:00,2024-10-01,,"{""source"": ""simulation""}"
acct_000563,acct_000563_owner,app_integration_connected,2024-10-24T17:46:00+00:00,2024-10-01,,"{""source"": ""simulation""}"
acct_000563,acct_000563_owner,feature_activated,2024-11-17T17:46:00+00:00,2024-11-01,bank_feed_sync,"{""source"": ""simulation""}"
acct_000564,acct_000564_owner,signup,2024-05-07T16:38:00+00:00,2024-05-01,,"{""source"": ""simulation""}"
acct_000564,acct_000564_owner,first_invoice_created,2024-05-17T16:38:00+00:00,2024-05-01,,"{""source"": ""simulation""}"
acct_000564,acct_000564_owner,first_payment_received,2024-05-19T16:38:00+00:00,2024-05-01,,"{""source"": ""simulation""}"
acct_000565,acct_000565_owner,signup,2024-05-21T08:50:00+00:00,2024-05-01,,"{""source"": ""simulation""}"
acct_000566,acct_000566_owner,signup,2024-07-04T11:31:00+00:00,2024-07-01,,"{""source"": ""simulation""}"
acct_000566,acct_000566_owner,first_invoice_created,2024-07-05T11:31:00+00:00,2024-07-01,,"{""source"": ""simulation""}"
acct_000567,acct_000567_owner,signup,2024-06-11T10:24:00+00:00,2024-06-01,,"{""source"": ""simulation""}"
acct_000567,acct_000567_owner,first_invoice_created,2024-06-15T10:24:00+00:00,2024-06-01,,"{""source"": ""simulation""}"
acct_000567,acct_000567_owner,first_payment_received,2024-06-18T10:24:00+00:00,2024-06-01,,"{""source"": ""simulation""}"
acct_000567,acct_000567_owner,app_integration_connected,2024-07-03T10:24:00+00:00,2024-07-01,,"{""source"": ""simulation""}"
acct_000567,acct_000567_owner,feature_activated,2024-07-06T10:24:00+00:00,2024-07-01,bank_feed_sync,"{""source"": ""simulation""}"
acct_000568,acct_000568_owner,signup,2024-09-22T10:48:00+00:00,2024-09-01,,"{""source"": ""simulation""}"
acct_000568,acct_000568_owner,first_invoice_created,2024-10-01T10:48:00+00:00,2024-10-01,,"{""source"": ""simulation""}"
acct_000568,acct_000568_owner,first_payment_received,2024-10-06T10:48:00+00:00,2024-10-01,,"{""source"": ""simulation""}"
acct_000568,acct_000568_owner,app_integration_connected,2024-10-12T10:48:00+00:00,2024-10-01,,"{""source"": ""simulation""}"
acct_000569,acct_000569_owner,signup,2024-01-19T09:00:00+00:00,2024-01-01,,"{""source"": ""simulation""}"
acct_000569,acct_000569_owner,first_invoice_created,2024-01-24T09:00:00+00:00,2024-01-01,,"{""source"": ""simulation""}"
acct_000570,acct_000570_owner,signup,2024-01-02T20:25:00+00:00,2024-01-01,,"{""source"": ""simulation""}"
acct_000570,acct_000570_owner,first_invoice_created,2024-01-08T20:25:00+00:00,2024-01-01,,"{""source"": ""simulation""}"
acct_000570,acct_000570_owner,first_payment_received,2024-01-10T20:25:00+00:00,2024-01-01,,"{""source"": ""simulation""}"
acct_000571,acct_000571_owner,signup,2024-07-23T14:05:00+00:00,2024-07-01,,"{""source"": ""simulation""}"
acct_000571,acct_000571_owner,first_invoice_created,2024-08-01T14:05:00+00:00,2024-08-01,,"{""source"": ""simulation""}"
acct_000572,acct_000572_owner,signup,2024-02-10T09:32:00+00:00,2024-02-01,,"{""source"": ""simulation""}"
acct_000572,acct_000572_owner,first_invoice_created,2024-02-16T09:32:00+00:00,2024-02-01,,"{""source"": ""simulation""}"
acct_000572,acct_000572_owner,first_payment_received,2024-02-22T09:32:00+00:00,2024-02-01,,"{""source"": ""simulation""}"
acct_000573,acct_000573_owner,signup,2024-09-11T14:37:00+00:00,2024-09-01,,"{""source"": ""simulation""}"
acct_000573,acct_000573_owner,first_invoice_created,2024-09-16T14:37:00+00:00,2024-09-01,,"{""source"": ""simulation""}"
acct_000573,acct_000573_owner,first_payment_received,2024-09-16T14:37:00+00:00,2024-09-01,,"{""source"": ""simulation""}"
acct_000574,acct_000574_owner,signup,2024-07-24T11:03:00+00:00,2024-07-01,,"{""source"": ""simulation""}"
acct_000574,acct_000574_owner,first_invoice_created,2024-07-27T11:03:00+00:00,2024-07-01,,"{""source"": ""simulation""}"
acct_000575,acct_000575_owner,signup,2024-07-04T15:39:00+00:00,2024-07-01,,"{""source"": ""simulation""}"
acct_000575,acct_000575_owner,first_invoice_created,2024-07-07T15:39:00+00:00,2024-07-01,,"{""source"": ""simulation""}"
acct_000575,acct_000575_owner,first_payment_received,2024-07-11T15:39:00+00:00,2024-07-01,,"{""source"": ""simulation""}"
acct_000575,acct_000575_owner,app_integration_connected,2024-07-12T15:39:00+00:00,2024-07-01,,"{""source"": ""simulation""}"
acct_000575,acct_000575_owner,feature_activated,2024-07-13T15:39:00+00:00,2024-07-01,bank_feed_sync,"{""source"": ""simulation""}"
acct_000576,acct_000576_owner,signup,2024-03-04T08:45:00+00:00,2024-03-01,,"{""source"": ""simulation""}"
acct_000576,acct_000576_owner,first_invoice_created,2024-03-14T08:45:00+00:00,2024-03-01,,"{""source"": ""simulation""}"
acct_000576,acct_000576_owner,first_payment_received,2024-03-20T08:45:00+00:00,2024-03-01,,"{""source"": ""simulation""}"
acct_000576,acct_000576_owner,app_integration_connected,2024-04-09T08:45:00+00:00,2024-04-01,,"{""source"": ""simulation""}"
acct_000576,acct_000576_owner,feature_activated,2024-05-01T08:45:00+00:00,2024-05-01,bank_feed_sync,"{""source"": ""simulation""}"
acct_000577,acct_000577_owner,signup,2024-03-16T13:33:00+00:00,2024-03-01,,"{""source"": ""simulation""}"
acct_000577,acct_000577_owner,first_invoice_created,2024-03-24T13:33:00+00:00,2024-03-01,,"{""source"": ""simulation""}"
acct_000578,acct_000578_owner,signup,2024-06-05T19:49:00+00:00,2024-06-01,,"{""source"": ""simulation""}"
acct_000578,acct_000578_owner,first_invoice_created,2024-06-09T19:49:00+00:00,2024-06-01,,"{""source"": ""simulation""}"
acct_000578,acct_000578_owner,first_payment_received,2024-06-13T19:49:00+00:00,2024-06-01,,"{""source"": ""simulation""}"
acct_000578,acct_000578_owner,app_integration_connected,2024-06-15T19:49:00+00:00,2024-06-01,,"{""source"": ""simulation""}"
acct_000578,acct_000578_owner,feature_activated,2024-07-03T19:49:00+00:00,2024-07-01,bank_feed_sync,"{""source"": ""simulation""}"
acct_000579,acct_000579_owner,signup,2024-01-11T20:27:00+00:00,2024-01-01,,"{""source"": ""simulation""}"
acct_000579,acct_000579_owner,first_invoice_created,2024-01-17T20:27:00+00:00,2024-01-01,,"{""source"": ""simulation""}"
acct_000580,acct_000580_owner,signup,2024-05-23T17:40:00+00:00,2024-05-01,,"{""source"": ""simulation""}"
acct_000580,acct_000580_owner,first_invoice_created,2024-05-29T17:40:00+00:00,2024-05-01,,"{""source"": ""simulation""}"
acct_000580,acct_000580_owner,first_payment_received,2024-06-01T17:40:00+00:00,2024-06-01,,"{""source"": ""simulation""}"
acct_000580,acct_000580_owner,app_integration_connected,2024-06-06T17:40:00+00:00,2024-06-01,,"{""source"": ""simulation""}"
acct_000580,acct_000580_owner,feature_activated,2024-07-02T17:40:00+00:00,2024-07-01,bank_feed_sync,"{""source"": ""simulation""}"
acct_000581,acct_000581_owner,signup,2024-08-17T13:03:00+00:00,2024-08-01,,"{""source"": ""simulation""}"
acct_000581,acct_000581_owner,first_invoice_created,2024-08-19T13:03:00+00:00,2024-08-01,,"{""source"": ""simulation""}"
acct_000581,acct_000581_owner,first_payment_received,2024-08-22T13:03:00+00:00,2024-08-01,,"{""source"": ""simulation""}"
acct_000581,acct_000581_owner,app_integration_connected,2024-08-26T13:03:00+00:00,2024-08-01,,"{""source"": ""simulation""}"
acct_000581,acct_000581_owner,plan_upgrade,2024-09-19T13:03:00+00:00,2024-09-01,,"{""source"": ""simulation""}"
acct_000581,acct_000581_owner,feature_activated,2024-09-24T13:03:00+00:00,2024-09-01,bank_feed_sync,"{""source"": ""simulation""}"
acct_000582,acct_000582_owner,signup,2024-06-06T12:49:00+00:00,2024-06-01,,"{""source"": ""simulation""}"
acct_000582,acct_000582_owner,first_invoice_created,2024-06-10T12:49:00+00:00,2024-06-01,,"{""source"": ""simulation""}"
acct_000582,acct_000582_owner,first_payment_received,2024-06-12T12:49:00+00:00,2024-06-01,,"{""source"": ""simulation""}"
acct_000583,acct_000583_owner,signup,2024-04-24T16:00:00+00:00,2024-04-01,,"{""source"": ""simulation""}"
acct_000583,acct_000583_owner,first_invoice_created,2024-05-02T16:00:00+00:00,2024-05-01,,"{""source"": ""simulation""}"
acct_000583,acct_000583_owner,first_payment_received,2024-05-05T16:00:00+00:00,2024-05-01,,"{""source"": ""simulation""}"
acct_000583,acct_000583_owner,app_integration_connected,2024-05-14T16:00:00+00:00,2024-05-01,,"{""source"": ""simulation""}"
acct_000583,acct_000583_owner,feature_activated,2024-05-29T16:00:00+00:00,2024-05-01,bank_feed_sync,"{""source"": ""simulation""}"
acct_000584,acct_000584_owner,signup,2024-04-02T15:23:00+00:00,2024-04-01,,"{""source"": ""simulation""}"
acct_000584,acct_000584_owner,first_invoice_created,2024-04-08T15:23:00+00:00,2024-04-01,,"{""source"": ""simulation""}"
acct_000584,acct_000584_owner,first_payment_received,2024-04-16T15:23:00+00:00,2024-04-01,,"{""source"": ""simulation""}"
acct_000585,acct_000585_owner,signup,2024-03-02T16:51:00+00:00,2024-03-01,,"{""source"": ""simulation""}"
acct_000585,acct_000585_owner,first_invoice_created,2024-03-08T16:51:00+00:00,2024-03-01,,"{""source"": ""simulation""}"
acct_000585,acct_000585_owner,first_payment_received,2024-03-14T16:51:00+00:00,2024-03-01,,"{""source"": ""simulation""}"
acct_000586,acct_000586_owner,signup,2024-06-08T14:58:00+00:00,2024-06-01,,"{""source"": ""simulation""}"
acct_000586,acct_000586_owner,first_invoice_created,2024-06-16T14:58:00+00:00,2024-06-01,,"{""source"": ""simulation""}"
acct_000586,acct_000586_owner,first_payment_received,2024-06-20T14:58:00+00:00,2024-06-01,,"{""source"": ""simulation""}"
acct_000586,acct_000586_owner,app_integration_connected,2024-07-07T14:58:00+00:00,2024-07-01,,"{""source"": ""simulation""}"
acct_000586,acct_000586_owner,feature_activated,2024-07-23T14:58:00+00:00,2024-07-01,bank_feed_sync,"{""source"": ""simulation""}"
acct_000587,acct_000587_owner,signup,2024-02-19T13:07:00+00:00,2024-02-01,,"{""source"": ""simulation""}"
acct_000587,acct_000587_owner,first_invoice_created,2024-02-23T13:07:00+00:00,2024-02-01,,"{""source"": ""simulation""}"
acct_000587,acct_000587_owner,first_payment_received,2024-02-28T13:07:00+00:00,2024-02-01,,"{""source"": ""simulation""}"
acct_000587,acct_000587_owner,app_integration_connected,2024-03-15T13:07:00+00:00,2024-03-01,,"{""source"": ""simulation""}"
acct_000588,acct_000588_owner,signup,2024-04-17T08:25:00+00:00,2024-04-01,,"{""source"": ""simulation""}"
acct_000589,acct_000589_owner,signup,2024-05-25T12:20:00+00:00,2024-05-01,,"{""source"": ""simulation""}"
acct_000589,acct_000589_owner,first_invoice_created,2024-05-26T12:20:00+00:00,2024-05-01,,"{""source"": ""simulation""}"
acct_000590,acct_000590_owner,signup,2024-01-12T11:18:00+00:00,2024-01-01,,"{""source"": ""simulation""}"
acct_000590,acct_000590_owner,first_invoice_created,2024-01-13T11:18:00+00:00,2024-01-01,,"{""source"": ""simulation""}"
acct_000590,acct_000590_owner,first_payment_received,2024-01-21T11:18:00+00:00,2024-01-01,,"{""source"": ""simulation""}"
acct_000591,acct_000591_owner,signup,2024-08-12T17:31:00+00:00,2024-08-01,,"{""source"": ""simulation""}"
acct_000591,acct_000591_owner,first_invoice_created,2024-08-19T17:31:00+00:00,2024-08-01,,"{""source"": ""simulation""}"
acct_000592,acct_000592_owner,signup,2024-03-01T14:01:00+00:00,2024-03-01,,"{""source"": ""simulation""}"
acct_000592,acct_000592_owner,first_invoice_created,2024-03-11T14:01:00+00:00,2024-03-01,,"{""source"": ""simulation""}"
acct_000592,acct_000592_owner,first_payment_received,2024-03-14T14:01:00+00:00,2024-03-01,,"{""source"": ""simulation""}"
acct_000593,acct_000593_owner,signup,2024-01-11T08:48:00+00:00,2024-01-01,,"{""source"": ""simulation""}"
acct_000593,acct_000593_owner,first_invoice_created,2024-01-17T08:48:00+00:00,2024-01-01,,"{""source"": ""simulation""}"
acct_000593,acct_000593_owner,first_payment_received,2024-01-25T08:48:00+00:00,2024-01-01,,"{""source"": ""simulation""}"
acct_000593,acct_000593_owner,app_integration_connected,2024-02-02T08:48:00+00:00,2024-02-01,,"{""source"": ""simulation""}"
acct_000594,acct_000594_owner,signup,2024-02-07T16:15:00+00:00,2024-02-01,,"{""source"": ""simulation""}"
acct_000594,acct_000594_owner,first_invoice_created,2024-02-14T16:15:00+00:00,2024-02-01,,"{""source"": ""simulation""}"
acct_000594,acct_000594_owner,first_payment_received,2024-02-21T16:15:00+00:00,2024-02-01,,"{""source"": ""simulation""}"
acct_000594,acct_000594_owner,app_integration_connected,2024-02-27T16:15:00+00:00,2024-02-01,,"{""source"": ""simulation""}"
acct_000594,acct_000594_owner,plan_upgrade,2024-03-27T16:15:00+00:00,2024-03-01,,"{""source"": ""simulation""}"
acct_000595,acct_000595_owner,signup,2024-01-05T19:17:00+00:00,2024-01-01,,"{""source"": ""simulation""}"
acct_000595,acct_000595_owner,first_invoice_created,2024-01-12T19:17:00+00:00,2024-01-01,,"{""source"": ""simulation""}"
acct_000595,acct_000595_owner,first_payment_received,2024-01-14T19:17:00+00:00,2024-01-01,,"{""source"": ""simulation""}"
acct_000595,acct_000595_owner,app_integration_connected,2024-01-30T19:17:00+00:00,2024-01-01,,"{""source"": ""simulation""}"
acct_000595,acct_000595_owner,feature_activated,2024-02-19T19:17:00+00:00,2024-02-01,bank_feed_sync,"{""source"": ""simulation""}"
acct_000596,acct_000596_owner,signup,2024-04-17T14:44:00+00:00,2024-04-01,,"{""source"": ""simulation""}"
acct_000596,acct_000596_owner,first_invoice_created,2024-04-18T14:44:00+00:00,2024-04-01,,"{""source"": ""simulation""}"
acct_000596,acct_000596_owner,first_payment_received,2024-04-21T14:44:00+00:00,2024-04-01,,"{""source"": ""simulation""}"
acct_000596,acct_000596_owner,app_integration_connected,2024-05-10T14:44:00+00:00,2024-05-01,,"{""source"": ""simulation""}"
acct_000596,acct_000596_owner,feature_activated,2024-05-11T14:44:00+00:00,2024-05-01,bank_feed_sync,"{""source"": ""simulation""}"
acct_000597,acct_000597_owner,signup,2024-02-19T09:32:00+00:00,2024-02-01,,"{""source"": ""simulation""}"
acct_000597,acct_000597_owner,first_invoice_created,2024-02-23T09:32:00+00:00,2024-02-01,,"{""source"": ""simulation""}"
acct_000597,acct_000597_owner,first_payment_received,2024-03-01T09:32:00+00:00,2024-03-01,,"{""source"": ""simulation""}"
acct_000598,acct_000598_owner,signup,2024-02-19T17:03:00+00:00,2024-02-01,,"{""source"": ""simulation""}"
acct_000598,acct_000598_owner,first_invoice_created,2024-02-22T17:03:00+00:00,2024-02-01,,"{""source"": ""simulation""}"
acct_000598,acct_000598_owner,first_payment_received,2024-02-28T17:03:00+00:00,2024-02-01,,"{""source"": ""simulation""}"
acct_000599,acct_000599_owner,signup,2024-04-10T12:54:00+00:00,2024-04-01,,"{""source"": ""simulation""}"
acct_000599,acct_000599_owner,first_invoice_created,2024-04-16T12:54:00+00:00,2024-04-01,,"{""source"": ""simulation""}"
acct_000599,acct_000599_owner,first_payment_received,2024-04-19T12:54:00+00:00,2024-04-01,,"{""source"": ""simulation""}"
acct_000599,acct_000599_owner,app_integration_connected,2024-05-05T12:54:00+00:00,2024-05-01,,"{""source"": ""simulation""}"
acct_000599,acct_000599_owner,feature_activated,2024-05-25T12:54:00+00:00,2024-05-01,bank_feed_sync,"{""source"": ""simulation""}"
acct_000600,acct_000600_owner,signup,2024-06-11T15:17:00+00:00,2024-06-01,,"{""source"": ""simulation""}"
acct_000600,acct_000600_owner,first_invoice_created,2024-06-17T15:17:00+00:00,2024-06-01,,"{""source"": ""simulation""}"
acct_000600,acct_000600_owner,first_payment_received,2024-06-25T15:17:00+00:00,2024-06-01,,"{""source"": ""simulation""}"
acct_000600,acct_000600_owner,app_integration_connected,2024-07-15T15:17:00+00:00,2024-07-01,,"{""source"": ""simulation""}"
acct_000600,acct_000600_owner,feature_activated,2024-07-19T15:17:00+00:00,2024-07-01,bank_feed_sync,"{""source"": ""simulation""}"
acct_000600,acct_000600_owner,plan_upgrade,2024-08-19T15:17:00+00:00,2024-08-01,,"{""source"": ""simulation""}"
acct_000601,acct_000601_owner,signup,2024-04-05T20:49:00+00:00,2024-04-01,,"{""source"": ""simulation""}"
acct_000601,acct_000601_owner,first_invoice_created,2024-04-15T20:49:00+00:00,2024-04-01,,"{""source"": ""simulation""}"
acct_000601,acct_000601_owner,first_payment_received,2024-04-16T20:49:00+00:00,2024-04-01,,"{""source"": ""simulation""}"
acct_000601,acct_000601_owner,app_integration_connected,2024-05-06T20:49:00+00:00,2024-05-01,,"{""source"": ""simulation""}"
acct_000602,acct_000602_owner,signup,2024-02-06T15:29:00+00:00,2024-02-01,,"{""source"": ""simulation""}"
acct_000602,acct_000602_owner,first_invoice_created,2024-02-14T15:29:00+00:00,2024-02-01,,"{""source"": ""simulation""}"
acct_000602,acct_000602_owner,first_payment_received,2024-02-22T15:29:00+00:00,2024-02-01,,"{""source"": ""simulation""}"
acct_000603,acct_000603_owner,signup,2024-02-18T13:49:00+00:00,2024-02-01,,"{""source"": ""simulation""}"
acct_000603,acct_000603_owner,first_invoice_created,2024-02-24T13:49:00+00:00,2024-02-01,,"{""source"": ""simulation""}"
acct_000603,acct_000603_owner,first_payment_received,2024-02-24T13:49:00+00:00,2024-02-01,,"{""source"": ""simulation""}"
acct_000603,acct_000603_owner,app_integration_connected,2024-02-25T13:49:00+00:00,2024-02-01,,"{""source"": ""simulation""}"
acct_000603,acct_000603_owner,feature_activated,2024-03-23T13:49:00+00:00,2024-03-01,bank_feed_sync,"{""source"": ""simulation""}"
acct_000604,acct_000604_owner,signup,2024-05-15T12:54:00+00:00,2024-05-01,,"{""source"": ""simulation""}"
acct_000605,acct_000605_owner,signup,2024-03-22T12:52:00+00:00,2024-03-01,,"{""source"": ""simulation""}"
acct_000605,acct_000605_owner,first_invoice_created,2024-03-27T12:52:00+00:00,2024-03-01,,"{""source"": ""simulation""}"
acct_000605,acct_000605_owner,first_payment_received,2024-04-04T12:52:00+00:00,2024-04-01,,"{""source"": ""simulation""}"
acct_000605,acct_000605_owner,app_integration_connected,2024-04-11T12:52:00+00:00,2024-04-01,,"{""source"": ""simulation""}"
acct_000605,acct_000605_owner,feature_activated,2024-04-19T12:52:00+00:00,2024-04-01,bank_feed_sync,"{""source"": ""simulation""}"
acct_000606,acct_000606_owner,signup,2024-06-05T09:45:00+00:00,2024-06-01,,"{""source"": ""simulation""}"
acct_000607,acct_000607_owner,signup,2024-07-17T08:43:00+00:00,2024-07-01,,"{""source"": ""simulation""}"
acct_000607,acct_000607_owner,first_invoice_created,2024-07-27T08:43:00+00:00,2024-07-01,,"{""source"": ""simulation""}"
acct_000607,acct_000607_owner,first_payment_received,2024-07-27T08:43:00+00:00,2024-07-01,,"{""source"": ""simulation""}"
acct_000607,acct_000607_owner,app_integration_connected,2024-08-12T08:43:00+00:00,2024-08-01,,"{""source"": ""simulation""}"
acct_000607,acct_000607_owner,feature_activated,2024-09-03T08:43:00+00:00,2024-09-01,bank_feed_sync,"{""source"": ""simulation""}"
acct_000608,acct_000608_owner,signup,2024-03-01T14:54:00+00:00,2024-03-01,,"{""source"": ""simulation""}"
acct_000608,acct_000608_owner,first_invoice_created,2024-03-10T14:54:00+00:00,2024-03-01,,"{""source"": ""simulation""}"
acct_000608,acct_000608_owner,first_payment_received,2024-03-15T14:54:00+00:00,2024-03-01,,"{""source"": ""simulation""}"
acct_000608,acct_000608_owner,app_integration_connected,2024-03-24T14:54:00+00:00,2024-03-01,,"{""source"": ""simulation""}"
acct_000608,acct_000608_owner,feature_activated,2024-04-18T14:54:00+00:00,2024-04-01,bank_feed_sync,"{""source"": ""simulation""}"
acct_000609,acct_000609_owner,signup,2024-02-15T09:51:00+00:00,2024-02-01,,"{""source"": ""simulation""}"
acct_000609,acct_000609_owner,first_invoice_created,2024-02-23T09:51:00+00:00,2024-02-01,,"{""source"": ""simulation""}"
acct_000610,acct_000610_owner,signup,2024-01-02T20:14:00+00:00,2024-01-01,,"{""source"": ""simulation""}"
acct_000610,acct_000610_owner,first_invoice_created,2024-01-09T20:14:00+00:00,2024-01-01,,"{""source"": ""simulation""}"
acct_000610,acct_000610_owner,first_payment_received,2024-01-15T20:14:00+00:00,2024-01-01,,"{""source"": ""simulation""}"
acct_000610,acct_000610_owner,app_integration_connected,2024-02-02T20:14:00+00:00,2024-02-01,,"{""source"": ""simulation""}"
acct_000610,acct_000610_owner,feature_activated,2024-02-13T20:14:00+00:00,2024-02-01,bank_feed_sync,"{""source"": ""simulation""}"
acct_000611,acct_000611_owner,signup,2024-07-12T18:40:00+00:00,2024-07-01,,"{""source"": ""simulation""}"
acct_000611,acct_000611_owner,first_invoice_created,2024-07-14T18:40:00+00:00,2024-07-01,,"{""source"": ""simulation""}"
acct_000611,acct_000611_owner,first_payment_received,2024-07-22T18:40:00+00:00,2024-07-01,,"{""source"": ""simulation""}"
acct_000612,acct_000612_owner,signup,2024-02-01T09:12:00+00:00,2024-02-01,,"{""source"": ""simulation""}"
acct_000612,acct_000612_owner,first_invoice_created,2024-02-02T09:12:00+00:00,2024-02-01,,"{""source"": ""simulation""}"
acct_000612,acct_000612_owner,first_payment_received,2024-02-09T09:12:00+00:00,2024-02-01,,"{""source"": ""simulation""}"
acct_000612,acct_000612_owner,app_integration_connected,2024-02-15T09:12:00+00:00,2024-02-01,,"{""source"": ""simulation""}"
acct_000612,acct_000612_owner,feature_activated,2024-03-06T09:12:00+00:00,2024-03-01,bank_feed_sync,"{""source"": ""simulation""}"
acct_000613,acct_000613_owner,signup,2024-02-11T09:02:00+00:00,2024-02-01,,"{""source"": ""simulation""}"
acct_000614,acct_000614_owner,signup,2024-03-19T14:52:00+00:00,2024-03-01,,"{""source"": ""simulation""}"
acct_000614,acct_000614_owner,first_invoice_created,2024-03-28T14:52:00+00:00,2024-03-01,,"{""source"": ""simulation""}"
acct_000614,acct_000614_owner,first_payment_received,2024-03-31T14:52:00+00:00,2024-03-01,,"{""source"": ""simulation""}"
acct_000614,acct_000614_owner,app_integration_connected,2024-04-06T14:52:00+00:00,2024-04-01,,"{""source"": ""simulation""}"
acct_000615,acct_000615_owner,signup,2024-01-13T18:27:00+00:00,2024-01-01,,"{""source"": ""simulation""}"
acct_000615,acct_000615_owner,first_invoice_created,2024-01-18T18:27:00+00:00,2024-01-01,,"{""source"": ""simulation""}"
acct_000615,acct_000615_owner,first_payment_received,2024-01-25T18:27:00+00:00,2024-01-01,,"{""source"": ""simulation""}"
acct_000616,acct_000616_owner,signup,2024-04-06T12:17:00+00:00,2024-04-01,,"{""source"": ""simulation""}"
acct_000617,acct_000617_owner,signup,2024-01-20T17:39:00+00:00,2024-01-01,,"{""source"": ""simulation""}"
acct_000617,acct_000617_owner,first_invoice_created,2024-01-25T17:39:00+00:00,2024-01-01,,"{""source"": ""simulation""}"
acct_000617,acct_000617_owner,first_payment_received,2024-01-25T17:39:00+00:00,2024-01-01,,"{""source"": ""simulation""}"
acct_000618,acct_000618_owner,signup,2024-08-14T16:30:00+00:00,2024-08-01,,"{""source"": ""simulation""}"
acct_000619,acct_000619_owner,signup,2024-05-13T10:26:00+00:00,2024-05-01,,"{""source"": ""simulation""}"
acct_000619,acct_000619_owner,first_invoice_created,2024-05-21T10:26:00+00:00,2024-05-01,,"{""source"": ""simulation""}"
acct_000620,acct_000620_owner,signup,2024-09-01T14:50:00+00:00,2024-09-01,,"{""source"": ""simulation""}"
acct_000620,acct_000620_owner,first_invoice_created,2024-09-09T14:50:00+00:00,2024-09-01,,"{""source"": ""simulation""}"
acct_000621,acct_000621_owner,signup,2024-09-16T13:58:00+00:00,2024-09-01,,"{""source"": ""simulation""}"
acct_000621,acct_000621_owner,first_invoice_created,2024-09-19T13:58:00+00:00,2024-09-01,,"{""source"": ""simulation""}"
acct_000621,acct_000621_owner,first_payment_received,2024-09-25T13:58:00+00:00,2024-09-01,,"{""source"": ""simulation""}"
acct_000621,acct_000621_owner,app_integration_connected,2024-10-15T13:58:00+00:00,2024-10-01,,"{""source"": ""simulation""}"
acct_000621,acct_000621_owner,feature_activated,2024-11-06T13:58:00+00:00,2024-11-01,bank_feed_sync,"{""source"": ""simulation""}"
acct_000622,acct_000622_owner,signup,2024-05-06T08:20:00+00:00,2024-05-01,,"{""source"": ""simulation""}"
acct_000623,acct_000623_owner,signup,2024-05-02T20:30:00+00:00,2024-05-01,,"{""source"": ""simulation""}"
acct_000623,acct_000623_owner,first_invoice_created,2024-05-04T20:30:00+00:00,2024-05-01,,"{""source"": ""simulation""}"
acct_000623,acct_000623_owner,first_payment_received,2024-05-11T20:30:00+00:00,2024-05-01,,"{""source"": ""simulation""}"
acct_000624,acct_000624_owner,signup,2024-03-04T11:42:00+00:00,2024-03-01,,"{""source"": ""simulation""}"
acct_000624,acct_000624_owner,first_invoice_created,2024-03-13T11:42:00+00:00,2024-03-01,,"{""source"": ""simulation""}"
acct_000624,acct_000624_owner,first_payment_received,2024-03-20T11:42:00+00:00,2024-03-01,,"{""source"": ""simulation""}"
acct_000625,acct_000625_owner,signup,2024-09-24T08:48:00+00:00,2024-09-01,,"{""source"": ""simulation""}"
acct_000625,acct_000625_owner,first_invoice_created,2024-09-29T08:48:00+00:00,2024-09-01,,"{""source"": ""simulation""}"
acct_000625,acct_000625_owner,first_payment_received,2024-09-30T08:48:00+00:00,2024-09-01,,"{""source"": ""simulation""}"
acct_000625,acct_000625_owner,app_integration_connected,2024-10-20T08:48:00+00:00,2024-10-01,,"{""source"": ""simulation""}"
acct_000626,acct_000626_owner,signup,2024-06-06T10:15:00+00:00,2024-06-01,,"{""source"": ""simulation""}"
acct_000626,acct_000626_owner,first_invoice_created,2024-06-14T10:15:00+00:00,2024-06-01,,"{""source"": ""simulation""}"
acct_000626,acct_000626_owner,first_payment_received,2024-06-16T10:15:00+00:00,2024-06-01,,"{""source"": ""simulation""}"
acct_000626,acct_000626_owner,app_integration_connected,2024-07-04T10:15:00+00:00,2024-07-01,,"{""source"": ""simulation""}"
acct_000626,acct_000626_owner,feature_activated,2024-07-28T10:15:00+00:00,2024-07-01,bank_feed_sync,"{""source"": ""simulation""}"
acct_000627,acct_000627_owner,signup,2024-01-23T19:22:00+00:00,2024-01-01,,"{""source"": ""simulation""}"
acct_000628,acct_000628_owner,signup,2024-08-18T12:11:00+00:00,2024-08-01,,"{""source"": ""simulation""}"
acct_000628,acct_000628_owner,first_invoice_created,2024-08-27T12:11:00+00:00,2024-08-01,,"{""source"": ""simulation""}"
acct_000628,acct_000628_owner,first_payment_received,2024-08-29T12:11:00+00:00,2024-08-01,,"{""source"": ""simulation""}"
acct_000629,acct_000629_owner,signup,2024-02-02T11:38:00+00:00,2024-02-01,,"{""source"": ""simulation""}"
acct_000629,acct_000629_owner,first_invoice_created,2024-02-12T11:38:00+00:00,2024-02-01,,"{""source"": ""simulation""}"
acct_000630,acct_000630_owner,signup,2024-09-16T08:21:00+00:00,2024-09-01,,"{""source"": ""simulation""}"
acct_000631,acct_000631_owner,signup,2024-06-23T10:58:00+00:00,2024-06-01,,"{""source"": ""simulation""}"
acct_000631,acct_000631_owner,first_invoice_created,2024-06-26T10:58:00+00:00,2024-06-01,,"{""source"": ""simulation""}"
acct_000631,acct_000631_owner,first_payment_received,2024-07-04T10:58:00+00:00,2024-07-01,,"{""source"": ""simulation""}"
acct_000632,acct_000632_owner,signup,2024-01-05T17:45:00+00:00,2024-01-01,,"{""source"": ""simulation""}"
acct_000632,acct_000632_owner,first_invoice_created,2024-01-10T17:45:00+00:00,2024-01-01,,"{""source"": ""simulation""}"
acct_000633,acct_000633_owner,signup,2024-09-12T09:23:00+00:00,2024-09-01,,"{""source"": ""simulation""}"
acct_000634,acct_000634_owner,signup,2024-06-10T13:08:00+00:00,2024-06-01,,"{""source"": ""simulation""}"
acct_000634,acct_000634_owner,first_invoice_created,2024-06-16T13:08:00+00:00,2024-06-01,,"{""source"": ""simulation""}"
acct_000634,acct_000634_owner,first_payment_received,2024-06-18T13:08:00+00:00,2024-06-01,,"{""source"": ""simulation""}"
acct_000635,acct_000635_owner,signup,2024-08-21T13:11:00+00:00,2024-08-01,,"{""source"": ""simulation""}"
acct_000635,acct_000635_owner,first_invoice_created,2024-08-28T13:11:00+00:00,2024-08-01,,"{""source"": ""simulation""}"
acct_000635,acct_000635_owner,first_payment_received,2024-09-02T13:11:00+00:00,2024-09-01,,"{""source"": ""simulation""}"
acct_000636,acct_000636_owner,signup,2024-03-13T12:46:00+00:00,2024-03-01,,"{""source"": ""simulation""}"
acct_000636,acct_000636_owner,first_invoice_created,2024-03-17T12:46:00+00:00,2024-03-01,,"{""source"": ""simulation""}"
acct_000636,acct_000636_owner,first_payment_received,2024-03-19T12:46:00+00:00,2024-03-01,,"{""source"": ""simulation""}"
acct_000637,acct_000637_owner,signup,2024-03-24T08:44:00+00:00,2024-03-01,,"{""source"": ""simulation""}"
acct_000637,acct_000637_owner,first_invoice_created,2024-04-01T08:44:00+00:00,2024-04-01,,"{""source"": ""simulation""}"
acct_000637,acct_000637_owner,first_payment_received,2024-04-09T08:44:00+00:00,2024-04-01,,"{""source"": ""simulation""}"
acct_000637,acct_000637_owner,app_integration_connected,2024-04-28T08:44:00+00:00,2024-04-01,,"{""source"": ""simulation""}"
acct_000637,acct_000637_owner,feature_activated,2024-05-07T08:44:00+00:00,2024-05-01,bank_feed_sync,"{""source"": ""simulation""}"
acct_000637,acct_000637_owner,plan_upgrade,2024-05-26T08:44:00+00:00,2024-05-01,,"{""source"": ""simulation""}"
acct_000638,acct_000638_owner,signup,2024-03-20T13:58:00+00:00,2024-03-01,,"{""source"": ""simulation""}"
acct_000638,acct_000638_owner,first_invoice_created,2024-03-27T13:58:00+00:00,2024-03-01,,"{""source"": ""simulation""}"
acct_000638,acct_000638_owner,first_payment_received,2024-03-31T13:58:00+00:00,2024-03-01,,"{""source"": ""simulation""}"
acct_000638,acct_000638_owner,app_integration_connected,2024-04-11T13:58:00+00:00,2024-04-01,,"{""source"": ""simulation""}"
acct_000639,acct_000639_owner,signup,2024-08-05T13:47:00+00:00,2024-08-01,,"{""source"": ""simulation""}"
acct_000640,acct_000640_owner,signup,2024-06-11T10:40:00+00:00,2024-06-01,,"{""source"": ""simulation""}"
acct_000640,acct_000640_owner,first_invoice_created,2024-06-17T10:40:00+00:00,2024-06-01,,"{""source"": ""simulation""}"
acct_000641,acct_000641_owner,signup,2024-08-01T12:13:00+00:00,2024-08-01,,"{""source"": ""simulation""}"
acct_000641,acct_000641_owner,first_invoice_created,2024-08-09T12:13:00+00:00,2024-08-01,,"{""source"": ""simulation""}"
acct_000641,acct_000641_owner,first_payment_received,2024-08-13T12:13:00+00:00,2024-08-01,,"{""source"": ""simulation""}"
acct_000642,acct_000642_owner,signup,2024-06-09T20:06:00+00:00,2024-06-01,,"{""source"": ""simulation""}"
acct_000642,acct_000642_owner,first_invoice_created,2024-06-19T20:06:00+00:00,2024-06-01,,"{""source"": ""simulation""}"
acct_000642,acct_000642_owner,first_payment_received,2024-06-27T20:06:00+00:00,2024-06-01,,"{""source"": ""simulation""}"
acct_000642,acct_000642_owner,app_integration_connected,2024-06-28T20:06:00+00:00,2024-06-01,,"{""source"": ""simulation""}"
acct_000643,acct_000643_owner,signup,2024-07-15T19:26:00+00:00,2024-07-01,,"{""source"": ""simulation""}"
acct_000643,acct_000643_owner,first_invoice_created,2024-07-20T19:26:00+00:00,2024-07-01,,"{""source"": ""simulation""}"
acct_000644,acct_000644_owner,signup,2024-08-13T13:34:00+00:00,2024-08-01,,"{""source"": ""simulation""}"
acct_000644,acct_000644_owner,first_invoice_created,2024-08-23T13:34:00+00:00,2024-08-01,,"{""source"": ""simulation""}"
acct_000644,acct_000644_owner,first_payment_received,2024-08-29T13:34:00+00:00,2024-08-01,,"{""source"": ""simulation""}"
acct_000645,acct_000645_owner,signup,2024-08-19T18:48:00+00:00,2024-08-01,,"{""source"": ""simulation""}"
acct_000646,acct_000646_owner,signup,2024-08-03T20:54:00+00:00,2024-08-01,,"{""source"": ""simulation""}"
acct_000647,acct_000647_owner,signup,2024-01-11T12:06:00+00:00,2024-01-01,,"{""source"": ""simulation""}"
acct_000647,acct_000647_owner,first_invoice_created,2024-01-15T12:06:00+00:00,2024-01-01,,"{""source"": ""simulation""}"
acct_000647,acct_000647_owner,first_payment_received,2024-01-17T12:06:00+00:00,2024-01-01,,"{""source"": ""simulation""}"
acct_000647,acct_000647_owner,app_integration_connected,2024-01-30T12:06:00+00:00,2024-01-01,,"{""source"": ""simulation""}"
acct_000647,acct_000647_owner,feature_activated,2024-02-15T12:06:00+00:00,2024-02-01,bank_feed_sync,"{""source"": ""simulation""}"
acct_000648,acct_000648_owner,signup,2024-03-13T10:46:00+00:00,2024-03-01,,"{""source"": ""simulation""}"
acct_000649,acct_000649_owner,signup,2024-06-20T17:57:00+00:00,2024-06-01,,"{""source"": ""simulation""}"
acct_000649,acct_000649_owner,first_invoice_created,2024-06-30T17:57:00+00:00,2024-06-01,,"{""source"": ""simulation""}"
acct_000649,acct_000649_owner,first_payment_received,2024-07-02T17:57:00+00:00,2024-07-01,,"{""source"": ""simulation""}"
acct_000650,acct_000650_owner,signup,2024-07-21T10:38:00+00:00,2024-07-01,,"{""source"": ""simulation""}"
acct_000650,acct_000650_owner,first_invoice_created,2024-07-27T10:38:00+00:00,2024-07-01,,"{""source"": ""simulation""}"
acct_000650,acct_000650_owner,first_payment_received,2024-07-31T10:38:00+00:00,2024-07-01,,"{""source"": ""simulation""}"
acct_000650,acct_000650_owner,app_integration_connected,2024-08-14T10:38:00+00:00,2024-08-01,,"{""source"": ""simulation""}"
acct_000650,acct_000650_owner,feature_activated,2024-09-10T10:38:00+00:00,2024-09-01,bank_feed_sync,"{""source"": ""simulation""}"
acct_000651,acct_000651_owner,signup,2024-01-04T13:13:00+00:00,2024-01-01,,"{""source"": ""simulation""}"
acct_000651,acct_000651_owner,first_invoice_created,2024-01-14T13:13:00+00:00,2024-01-01,,"{""source"": ""simulation""}"
acct_000652,acct_000652_owner,signup,2024-09-24T19:34:00+00:00,2024-09-01,,"{""source"": ""simulation""}"
acct_000652,acct_000652_owner,first_invoice_created,2024-10-03T19:34:00+00:00,2024-10-01,,"{""source"": ""simulation""}"
acct_000652,acct_000652_owner,first_payment_received,2024-10-05T19:34:00+00:00,2024-10-01,,"{""source"": ""simulation""}"
acct_000652,acct_000652_owner,app_integration_connected,2024-10-12T19:34:00+00:00,2024-10-01,,"{""source"": ""simulation""}"
acct_000652,acct_000652_owner,feature_activated,2024-11-10T19:34:00+00:00,2024-11-01,bank_feed_sync,"{""source"": ""simulation""}"
acct_000652,acct_000652_owner,plan_upgrade,2024-11-15T19:34:00+00:00,2024-11-01,,"{""source"": ""simulation""}"
acct_000653,acct_000653_owner,signup,2024-05-08T09:03:00+00:00,2024-05-01,,"{""source"": ""simulation""}"
acct_000653,acct_000653_owner,first_invoice_created,2024-05-13T09:03:00+00:00,2024-05-01,,"{""source"": ""simulation""}"
acct_000653,acct_000653_owner,first_payment_received,2024-05-19T09:03:00+00:00,2024-05-01,,"{""source"": ""simulation""}"
acct_000653,acct_000653_owner,app_integration_connected,2024-05-24T09:03:00+00:00,2024-05-01,,"{""source"": ""simulation""}"
acct_000654,acct_000654_owner,signup,2024-03-02T13:00:00+00:00,2024-03-01,,"{""source"": ""simulation""}"
acct_000654,acct_000654_owner,first_invoice_created,2024-03-05T13:00:00+00:00,2024-03-01,,"{""source"": ""simulation""}"
acct_000655,acct_000655_owner,signup,2024-05-22T18:38:00+00:00,2024-05-01,,"{""source"": ""simulation""}"
acct_000655,acct_000655_owner,first_invoice_created,2024-05-24T18:38:00+00:00,2024-05-01,,"{""source"": ""simulation""}"
acct_000656,acct_000656_owner,signup,2024-02-01T11:10:00+00:00,2024-02-01,,"{""source"": ""simulation""}"
acct_000656,acct_000656_owner,first_invoice_created,2024-02-07T11:10:00+00:00,2024-02-01,,"{""source"": ""simulation""}"
acct_000656,acct_000656_owner,first_payment_received,2024-02-14T11:10:00+00:00,2024-02-01,,"{""source"": ""simulation""}"
acct_000657,acct_000657_owner,signup,2024-08-04T12:50:00+00:00,2024-08-01,,"{""source"": ""simulation""}"
acct_000657,acct_000657_owner,first_invoice_created,2024-08-06T12:50:00+00:00,2024-08-01,,"{""source"": ""simulation""}"
acct_000658,acct_000658_owner,signup,2024-08-22T12:05:00+00:00,2024-08-01,,"{""source"": ""simulation""}"
acct_000659,acct_000659_owner,signup,2024-06-13T13:11:00+00:00,2024-06-01,,"{""source"": ""simulation""}"
acct_000660,acct_000660_owner,signup,2024-05-15T15:16:00+00:00,2024-05-01,,"{""source"": ""simulation""}"
acct_000660,acct_000660_owner,first_invoice_created,2024-05-25T15:16:00+00:00,2024-05-01,,"{""source"": ""simulation""}"
acct_000660,acct_000660_owner,first_payment_received,2024-05-28T15:16:00+00:00,2024-05-01,,"{""source"": ""simulation""}"
acct_000660,acct_000660_owner,app_integration_connected,2024-06-06T15:16:00+00:00,2024-06-01,,"{""source"": ""simulation""}"
acct_000660,acct_000660_owner,feature_activated,2024-06-14T15:16:00+00:00,2024-06-01,bank_feed_sync,"{""source"": ""simulation""}"
acct_000661,acct_000661_owner,signup,2024-01-05T20:44:00+00:00,2024-01-01,,"{""source"": ""simulation""}"
acct_000661,acct_000661_owner,first_invoice_created,2024-01-12T20:44:00+00:00,2024-01-01,,"{""source"": ""simulation""}"
acct_000661,acct_000661_owner,first_payment_received,2024-01-17T20:44:00+00:00,2024-01-01,,"{""source"": ""simulation""}"
acct_000662,acct_000662_owner,signup,2024-06-18T14:48:00+00:00,2024-06-01,,"{""source"": ""simulation""}"
acct_000662,acct_000662_owner,first_invoice_created,2024-06-19T14:48:00+00:00,2024-06-01,,"{""source"": ""simulation""}"
acct_000662,acct_000662_owner,first_payment_received,2024-06-25T14:48:00+00:00,2024-06-01,,"{""source"": ""simulation""}"
acct_000662,acct_000662_owner,app_integration_connected,2024-06-29T14:48:00+00:00,2024-06-01,,"{""source"": ""simulation""}"
acct_000663,acct_000663_owner,signup,2024-07-17T14:34:00+00:00,2024-07-01,,"{""source"": ""simulation""}"
acct_000663,acct_000663_owner,first_invoice_created,2024-07-22T14:34:00+00:00,2024-07-01,,"{""source"": ""simulation""}"
acct_000663,acct_000663_owner,first_payment_received,2024-07-24T14:34:00+00:00,2024-07-01,,"{""source"": ""simulation""}"
acct_000664,acct_000664_owner,signup,2024-08-10T09:25:00+00:00,2024-08-01,,"{""source"": ""simulation""}"
acct_000664,acct_000664_owner,first_invoice_created,2024-08-20T09:25:00+00:00,2024-08-01,,"{""source"": ""simulation""}"
acct_000664,acct_000664_owner,first_payment_received,2024-08-23T09:25:00+00:00,2024-08-01,,"{""source"": ""simulation""}"
acct_000664,acct_000664_owner,app_integration_connected,2024-09-01T09:25:00+00:00,2024-09-01,,"{""source"": ""simulation""}"
acct_000665,acct_000665_owner,signup,2024-02-25T15:11:00+00:00,2024-02-01,,"{""source"": ""simulation""}"
acct_000666,acct_000666_owner,signup,2024-04-05T08:27:00+00:00,2024-04-01,,"{""source"": ""simulation""}"
acct_000666,acct_000666_owner,first_invoice_created,2024-04-15T08:27:00+00:00,2024-04-01,,"{""source"": ""simulation""}"
acct_000666,acct_000666_owner,first_payment_received,2024-04-15T08:27:00+00:00,2024-04-01,,"{""source"": ""simulation""}"
acct_000667,acct_000667_owner,signup,2024-04-21T10:53:00+00:00,2024-04-01,,"{""source"": ""simulation""}"
acct_000668,acct_000668_owner,signup,2024-02-03T14:35:00+00:00,2024-02-01,,"{""source"": ""simulation""}"
acct_000668,acct_000668_owner,first_invoice_created,2024-02-09T14:35:00+00:00,2024-02-01,,"{""source"": ""simulation""}"
acct_000668,acct_000668_owner,first_payment_received,2024-02-11T14:35:00+00:00,2024-02-01,,"{""source"": ""simulation""}"
acct_000669,acct_000669_owner,signup,2024-05-17T15:58:00+00:00,2024-05-01,,"{""source"": ""simulation""}"
acct_000670,acct_000670_owner,signup,2024-02-14T10:09:00+00:00,2024-02-01,,"{""source"": ""simulation""}"
acct_000670,acct_000670_owner,first_invoice_created,2024-02-23T10:09:00+00:00,2024-02-01,,"{""source"": ""simulation""}"
acct_000670,acct_000670_owner,first_payment_received,2024-02-26T10:09:00+00:00,2024-02-01,,"{""source"": ""simulation""}"
acct_000670,acct_000670_owner,app_integration_connected,2024-03-08T10:09:00+00:00,2024-03-01,,"{""source"": ""simulation""}"
acct_000670,acct_000670_owner,feature_activated,2024-03-23T10:09:00+00:00,2024-03-01,bank_feed_sync,"{""source"": ""simulation""}"
acct_000670,acct_000670_owner,plan_upgrade,2024-04-14T10:09:00+00:00,2024-04-01,,"{""source"": ""simulation""}"
acct_000671,acct_000671_owner,signup,2024-02-10T16:56:00+00:00,2024-02-01,,"{""source"": ""simulation""}"
acct_000672,acct_000672_owner,signup,2024-05-13T18:31:00+00:00,2024-05-01,,"{""source"": ""simulation""}"
acct_000672,acct_000672_owner,first_invoice_created,2024-05-22T18:31:00+00:00,2024-05-01,,"{""source"": ""simulation""}"
acct_000673,acct_000673_owner,signup,2024-03-09T14:09:00+00:00,2024-03-01,,"{""source"": ""simulation""}"
acct_000673,acct_000673_owner,first_invoice_created,2024-03-19T14:09:00+00:00,2024-03-01,,"{""source"": ""simulation""}"
acct_000673,acct_000673_owner,first_payment_received,2024-03-23T14:09:00+00:00,2024-03-01,,"{""source"": ""simulation""}"
acct_000674,acct_000674_owner,signup,2024-07-11T19:15:00+00:00,2024-07-01,,"{""source"": ""simulation""}"
acct_000674,acct_000674_owner,first_invoice_created,2024-07-21T19:15:00+00:00,2024-07-01,,"{""source"": ""simulation""}"
acct_000674,acct_000674_owner,first_payment_received,2024-07-22T19:15:00+00:00,2024-07-01,,"{""source"": ""simulation""}"
acct_000675,acct_000675_owner,signup,2024-05-12T08:21:00+00:00,2024-05-01,,"{""source"": ""simulation""}"
acct_000675,acct_000675_owner,first_invoice_created,2024-05-18T08:21:00+00:00,2024-05-01,,"{""source"": ""simulation""}"
acct_000676,acct_000676_owner,signup,2024-05-16T19:43:00+00:00,2024-05-01,,"{""source"": ""simulation""}"
acct_000676,acct_000676_owner,first_invoice_created,2024-05-21T19:43:00+00:00,2024-05-01,,"{""source"": ""simulation""}"
acct_000677,acct_000677_owner,signup,2024-03-10T19:28:00+00:00,2024-03-01,,"{""source"": ""simulation""}"
acct_000677,acct_000677_owner,first_invoice_created,2024-03-19T19:28:00+00:00,2024-03-01,,"{""source"": ""simulation""}"
acct_000677,acct_000677_owner,first_payment_received,2024-03-22T19:28:00+00:00,2024-03-01,,"{""source"": ""simulation""}"
acct_000677,acct_000677_owner,app_integration_connected,2024-04-09T19:28:00+00:00,2024-04-01,,"{""source"": ""simulation""}"
acct_000677,acct_000677_owner,plan_upgrade,2024-06-29T19:28:00+00:00,2024-06-01,,"{""source"": ""simulation""}"
acct_000678,acct_000678_owner,signup,2024-07-20T18:05:00+00:00,2024-07-01,,"{""source"": ""simulation""}"
acct_000678,acct_000678_owner,first_invoice_created,2024-07-21T18:05:00+00:00,2024-07-01,,"{""source"": ""simulation""}"
acct_000678,acct_000678_owner,first_payment_received,2024-07-29T18:05:00+00:00,2024-07-01,,"{""source"": ""simulation""}"
acct_000679,acct_000679_owner,signup,2024-04-14T19:31:00+00:00,2024-04-01,,"{""source"": ""simulation""}"
acct_000679,acct_000679_owner,first_invoice_created,2024-04-17T19:31:00+00:00,2024-04-01,,"{""source"": ""simulation""}"
acct_000679,acct_000679_owner,first_payment_received,2024-04-25T19:31:00+00:00,2024-04-01,,"{""source"": ""simulation""}"
acct_000679,acct_000679_owner,app_integration_connected,2024-04-26T19:31:00+00:00,2024-04-01,,"{""source"": ""simulation""}"
acct_000679,acct_000679_owner,feature_activated,2024-05-01T19:31:00+00:00,2024-05-01,bank_feed_sync,"{""source"": ""simulation""}"
acct_000680,acct_000680_owner,signup,2024-09-06T09:19:00+00:00,2024-09-01,,"{""source"": ""simulation""}"
acct_000680,acct_000680_owner,first_invoice_created,2024-09-11T09:19:00+00:00,2024-09-01,,"{""source"": ""simulation""}"
acct_000680,acct_000680_owner,first_payment_received,2024-09-17T09:19:00+00:00,2024-09-01,,"{""source"": ""simulation""}"
acct_000680,acct_000680_owner,app_integration_connected,2024-10-04T09:19:00+00:00,2024-10-01,,"{""source"": ""simulation""}"
acct_000680,acct_000680_owner,feature_activated,2024-10-28T09:19:00+00:00,2024-10-01,bank_feed_sync,"{""source"": ""simulation""}"
acct_000681,acct_000681_owner,signup,2024-09-19T08:11:00+00:00,2024-09-01,,"{""source"": ""simulation""}"
acct_000681,acct_000681_owner,first_invoice_created,2024-09-24T08:11:00+00:00,2024-09-01,,"{""source"": ""simulation""}"
acct_000681,acct_000681_owner,first_payment_received,2024-09-26T08:11:00+00:00,2024-09-01,,"{""source"": ""simulation""}"
acct_000681,acct_000681_owner,app_integration_connected,2024-10-06T08:11:00+00:00,2024-10-01,,"{""source"": ""simulation""}"
acct_000682,acct_000682_owner,signup,2024-01-08T08:29:00+00:00,2024-01-01,,"{""source"": ""simulation""}"
acct_000683,acct_000683_owner,signup,2024-04-09T13:52:00+00:00,2024-04-01,,"{""source"": ""simulation""}"
acct_000683,acct_000683_owner,first_invoice_created,2024-04-16T13:52:00+00:00,2024-04-01,,"{""source"": ""simulation""}"
acct_000683,acct_000683_owner,first_payment_received,2024-04-20T13:52:00+00:00,2024-04-01,,"{""source"": ""simulation""}"
acct_000683,acct_000683_owner,app_integration_connected,2024-05-06T13:52:00+00:00,2024-05-01,,"{""source"": ""simulation""}"
acct_000684,acct_000684_owner,signup,2024-02-22T08:15:00+00:00,2024-02-01,,"{""source"": ""simulation""}"
acct_000685,acct_000685_owner,signup,2024-08-06T15:37:00+00:00,2024-08-01,,"{""source"": ""simulation""}"
acct_000686,acct_000686_owner,signup,2024-03-09T19:53:00+00:00,2024-03-01,,"{""source"": ""simulation""}"
acct_000687,acct_000687_owner,signup,2024-01-13T08:10:00+00:00,2024-01-01,,"{""source"": ""simulation""}"
acct_000687,acct_000687_owner,first_invoice_created,2024-01-17T08:10:00+00:00,2024-01-01,,"{""source"": ""simulation""}"
acct_000687,acct_000687_owner,first_payment_received,2024-01-20T08:10:00+00:00,2024-01-01,,"{""source"": ""simulation""}"
acct_000687,acct_000687_owner,app_integration_connected,2024-01-22T08:10:00+00:00,2024-01-01,,"{""source"": ""simulation""}"
acct_000687,acct_000687_owner,feature_activated,2024-02-13T08:10:00+00:00,2024-02-01,bank_feed_sync,"{""source"": ""simulation""}"
acct_000688,acct_000688_owner,signup,2024-04-22T11:17:00+00:00,2024-04-01,,"{""source"": ""simulation""}"
acct_000688,acct_000688_owner,first_invoice_created,2024-05-02T11:17:00+00:00,2024-05-01,,"{""source"": ""simulation""}"
acct_000688,acct_000688_owner,first_payment_received,2024-05-04T11:17:00+00:00,2024-05-01,,"{""source"": ""simulation""}"
acct_000689,acct_000689_owner,signup,2024-01-16T10:41:00+00:00,2024-01-01,,"{""source"": ""simulation""}"
acct_000690,acct_000690_owner,signup,2024-04-09T17:51:00+00:00,2024-04-01,,"{""source"": ""simulation""}"
acct_000690,acct_000690_owner,first_invoice_created,2024-04-15T17:51:00+00:00,2024-04-01,,"{""source"": ""simulation""}"
acct_000691,acct_000691_owner,signup,2024-07-13T13:29:00+00:00,2024-07-01,,"{""source"": ""simulation""}"
acct_000691,acct_000691_owner,first_invoice_created,2024-07-17T13:29:00+00:00,2024-07-01,,"{""source"": ""simulation""}"
acct_000691,acct_000691_owner,first_payment_received,2024-07-23T13:29:00+00:00,2024-07-01,,"{""source"": ""simulation""}"
acct_000691,acct_000691_owner,app_integration_connected,2024-07-27T13:29:00+00:00,2024-07-01,,"{""source"": ""simulation""}"
acct_000691,acct_000691_owner,plan_upgrade,2024-08-23T13:29:00+00:00,2024-08-01,,"{""source"": ""simulation""}"
acct_000692,acct_000692_owner,signup,2024-08-10T18:33:00+00:00,2024-08-01,,"{""source"": ""simulation""}"
acct_000692,acct_000692_owner,first_invoice_created,2024-08-15T18:33:00+00:00,2024-08-01,,"{""source"": ""simulation""}"
acct_000692,acct_000692_owner,first_payment_received,2024-08-20T18:33:00+00:00,2024-08-01,,"{""source"": ""simulation""}"
acct_000692,acct_000692_owner,app_integration_connected,2024-09-02T18:33:00+00:00,2024-09-01,,"{""source"": ""simulation""}"
acct_000692,acct_000692_owner,feature_activated,2024-09-18T18:33:00+00:00,2024-09-01,bank_feed_sync,"{""source"": ""simulation""}"
acct_000692,acct_000692_owner,plan_upgrade,2024-10-18T18:33:00+00:00,2024-10-01,,"{""source"": ""simulation""}"
acct_000693,acct_000693_owner,signup,2024-01-17T18:53:00+00:00,2024-01-01,,"{""source"": ""simulation""}"
acct_000693,acct_000693_owner,first_invoice_created,2024-01-25T18:53:00+00:00,2024-01-01,,"{""source"": ""simulation""}"
acct_000693,acct_000693_owner,first_payment_received,2024-01-28T18:53:00+00:00,2024-01-01,,"{""source"": ""simulation""}"
acct_000693,acct_000693_owner,app_integration_connected,2024-02-17T18:53:00+00:00,2024-02-01,,"{""source"": ""simulation""}"
acct_000693,acct_000693_owner,feature_activated,2024-03-01T18:53:00+00:00,2024-03-01,bank_feed_sync,"{""source"": ""simulation""}"
acct_000694,acct_000694_owner,signup,2024-05-22T09:30:00+00:00,2024-05-01,,"{""source"": ""simulation""}"
acct_000695,acct_000695_owner,signup,2024-05-21T13:55:00+00:00,2024-05-01,,"{""source"": ""simulation""}"
acct_000695,acct_000695_owner,first_invoice_created,2024-05-23T13:55:00+00:00,2024-05-01,,"{""source"": ""simulation""}"
acct_000695,acct_000695_owner,first_payment_received,2024-05-26T13:55:00+00:00,2024-05-01,,"{""source"": ""simulation""}"
acct_000696,acct_000696_owner,signup,2024-05-07T10:33:00+00:00,2024-05-01,,"{""source"": ""simulation""}"
acct_000696,acct_000696_owner,first_invoice_created,2024-05-14T10:33:00+00:00,2024-05-01,,"{""source"": ""simulation""}"
acct_000696,acct_000696_owner,first_payment_received,2024-05-17T10:33:00+00:00,2024-05-01,,"{""source"": ""simulation""}"
acct_000696,acct_000696_owner,app_integration_connected,2024-06-01T10:33:00+00:00,2024-06-01,,"{""source"": ""simulation""}"
acct_000696,acct_000696_owner,feature_activated,2024-06-26T10:33:00+00:00,2024-06-01,bank_feed_sync,"{""source"": ""simulation""}"
acct_000697,acct_000697_owner,signup,2024-07-22T13:43:00+00:00,2024-07-01,,"{""source"": ""simulation""}"
acct_000697,acct_000697_owner,first_invoice_created,2024-07-28T13:43:00+00:00,2024-07-01,,"{""source"": ""simulation""}"
acct_000697,acct_000697_owner,first_payment_received,2024-07-28T13:43:00+00:00,2024-07-01,,"{""source"": ""simulation""}"
acct_000697,acct_000697_owner,app_integration_connected,2024-08-14T13:43:00+00:00,2024-08-01,,"{""source"": ""simulation""}"
acct_000697,acct_000697_owner,feature_activated,2024-08-31T13:43:00+00:00,2024-08-01,bank_feed_sync,"{""source"": ""simulation""}"
acct_000698,acct_000698_owner,signup,2024-08-10T12:58:00+00:00,2024-08-01,,"{""source"": ""simulation""}"
acct_000699,acct_000699_owner,signup,2024-07-24T08:37:00+00:00,2024-07-01,,"{""source"": ""simulation""}"
acct_000699,acct_000699_owner,first_invoice_created,2024-07-28T08:37:00+00:00,2024-07-01,,"{""source"": ""simulation""}"
acct_000699,acct_000699_owner,first_payment_received,2024-07-31T08:37:00+00:00,2024-07-01,,"{""source"": ""simulation""}"
acct_000699,acct_000699_owner,app_integration_connected,2024-08-15T08:37:00+00:00,2024-08-01,,"{""source"": ""simulation""}"
acct_000700,acct_000700_owner,signup,2024-04-22T16:40:00+00:00,2024-04-01,,"{""source"": ""simulation""}"
acct_000700,acct_000700_owner,first_invoice_created,2024-04-23T16:40:00+00:00,2024-04-01,,"{""source"": ""simulation""}"
acct_000700,acct_000700_owner,first_payment_received,2024-04-30T16:40:00+00:00,2024-04-01,,"{""source"": ""simulation""}"
acct_000701,acct_000701_owner,signup,2024-09-10T10:53:00+00:00,2024-09-01,,"{""source"": ""simulation""}"
acct_000701,acct_000701_owner,first_invoice_created,2024-09-15T10:53:00+00:00,2024-09-01,,"{""source"": ""simulation""}"
acct_000701,acct_000701_owner,first_payment_received,2024-09-16T10:53:00+00:00,2024-09-01,,"{""source"": ""simulation""}"
acct_000702,acct_000702_owner,signup,2024-02-16T10:47:00+00:00,2024-02-01,,"{""source"": ""simulation""}"
acct_000702,acct_000702_owner,first_invoice_created,2024-02-25T10:47:00+00:00,2024-02-01,,"{""source"": ""simulation""}"
acct_000702,acct_000702_owner,first_payment_received,2024-03-02T10:47:00+00:00,2024-03-01,,"{""source"": ""simulation""}"
acct_000703,acct_000703_owner,signup,2024-06-21T09:14:00+00:00,2024-06-01,,"{""source"": ""simulation""}"
acct_000704,acct_000704_owner,signup,2024-05-14T20:56:00+00:00,2024-05-01,,"{""source"": ""simulation""}"
acct_000704,acct_000704_owner,first_invoice_created,2024-05-15T20:56:00+00:00,2024-05-01,,"{""source"": ""simulation""}"
acct_000704,acct_000704_owner,first_payment_received,2024-05-16T20:56:00+00:00,2024-05-01,,"{""source"": ""simulation""}"
acct_000704,acct_000704_owner,app_integration_connected,2024-05-18T20:56:00+00:00,2024-05-01,,"{""source"": ""simulation""}"
acct_000704,acct_000704_owner,feature_activated,2024-06-09T20:56:00+00:00,2024-06-01,bank_feed_sync,"{""source"": ""simulation""}"
acct_000705,acct_000705_owner,signup,2024-05-19T12:29:00+00:00,2024-05-01,,"{""source"": ""simulation""}"
acct_000706,acct_000706_owner,signup,2024-01-21T17:37:00+00:00,2024-01-01,,"{""source"": ""simulation""}"
acct_000706,acct_000706_owner,first_invoice_created,2024-01-29T17:37:00+00:00,2024-01-01,,"{""source"": ""simulation""}"
acct_000706,acct_000706_owner,first_payment_received,2024-01-31T17:37:00+00:00,2024-01-01,,"{""source"": ""simulation""}"
acct_000706,acct_000706_owner,app_integration_connected,2024-02-02T17:37:00+00:00,2024-02-01,,"{""source"": ""simulation""}"
acct_000706,acct_000706_owner,feature_activated,2024-02-28T17:37:00+00:00,2024-02-01,bank_feed_sync,"{""source"": ""simulation""}"
acct_000707,acct_000707_owner,signup,2024-04-17T09:55:00+00:00,2024-04-01,,"{""source"": ""simulation""}"
acct_000708,acct_000708_owner,signup,2024-07-02T10:08:00+00:00,2024-07-01,,"{""source"": ""simulation""}"
acct_000708,acct_000708_owner,first_invoice_created,2024-07-07T10:08:00+00:00,2024-07-01,,"{""source"": ""simulation""}"
acct_000708,acct_000708_owner,first_payment_received,2024-07-11T10:08:00+00:00,2024-07-01,,"{""source"": ""simulation""}"
acct_000708,acct_000708_owner,app_integration_connected,2024-07-27T10:08:00+00:00,2024-07-01,,"{""source"": ""simulation""}"
acct_000708,acct_000708_owner,feature_activated,2024-08-01T10:08:00+00:00,2024-08-01,bank_feed_sync,"{""source"": ""simulation""}"
acct_000709,acct_000709_owner,signup,2024-07-19T15:09:00+00:00,2024-07-01,,"{""source"": ""simulation""}"
acct_000709,acct_000709_owner,first_invoice_created,2024-07-26T15:09:00+00:00,2024-07-01,,"{""source"": ""simulation""}"
acct_000709,acct_000709_owner,first_payment_received,2024-07-27T15:09:00+00:00,2024-07-01,,"{""source"": ""simulation""}"
acct_000709,acct_000709_owner,app_integration_connected,2024-08-16T15:09:00+00:00,2024-08-01,,"{""source"": ""simulation""}"
acct_000709,acct_000709_owner,feature_activated,2024-09-05T15:09:00+00:00,2024-09-01,bank_feed_sync,"{""source"": ""simulation""}"
acct_000710,acct_000710_owner,signup,2024-02-16T13:40:00+00:00,2024-02-01,,"{""source"": ""simulation""}"
acct_000711,acct_000711_owner,signup,2024-01-01T15:17:00+00:00,2024-01-01,,"{""source"": ""simulation""}"
acct_000711,acct_000711_owner,first_invoice_created,2024-01-09T15:17:00+00:00,2024-01-01,,"{""source"": ""simulation""}"
acct_000711,acct_000711_owner,first_payment_received,2024-01-14T15:17:00+00:00,2024-01-01,,"{""source"": ""simulation""}"
acct_000711,acct_000711_owner,app_integration_connected,2024-02-01T15:17:00+00:00,2024-02-01,,"{""source"": ""simulation""}"
acct_000712,acct_000712_owner,signup,2024-03-16T20:48:00+00:00,2024-03-01,,"{""source"": ""simulation""}"
acct_000712,acct_000712_owner,first_invoice_created,2024-03-22T20:48:00+00:00,2024-03-01,,"{""source"": ""simulation""}"
acct_000712,acct_000712_owner,first_payment_received,2024-03-28T20:48:00+00:00,2024-03-01,,"{""source"": ""simulation""}"
acct_000712,acct_000712_owner,app_integration_connected,2024-04-03T20:48:00+00:00,2024-04-01,,"{""source"": ""simulation""}"
acct_000712,acct_000712_owner,feature_activated,2024-04-09T20:48:00+00:00,2024-04-01,bank_feed_sync,"{""source"": ""simulation""}"
acct_000713,acct_000713_owner,signup,2024-07-21T14:25:00+00:00,2024-07-01,,"{""source"": ""simulation""}"
acct_000713,acct_000713_owner,first_invoice_created,2024-07-28T14:25:00+00:00,2024-07-01,,"{""source"": ""simulation""}"
acct_000713,acct_000713_owner,first_payment_received,2024-08-03T14:25:00+00:00,2024-08-01,,"{""source"": ""simulation""}"
acct_000714,acct_000714_owner,signup,2024-07-01T08:34:00+00:00,2024-07-01,,"{""source"": ""simulation""}"
acct_000714,acct_000714_owner,first_invoice_created,2024-07-03T08:34:00+00:00,2024-07-01,,"{""source"": ""simulation""}"
acct_000714,acct_000714_owner,first_payment_received,2024-07-06T08:34:00+00:00,2024-07-01,,"{""source"": ""simulation""}"
acct_000714,acct_000714_owner,app_integration_connected,2024-07-07T08:34:00+00:00,2024-07-01,,"{""source"": ""simulation""}"
acct_000715,acct_000715_owner,signup,2024-01-11T20:53:00+00:00,2024-01-01,,"{""source"": ""simulation""}"
acct_000715,acct_000715_owner,first_invoice_created,2024-01-16T20:53:00+00:00,2024-01-01,,"{""source"": ""simulation""}"
acct_000715,acct_000715_owner,first_payment_received,2024-01-22T20:53:00+00:00,2024-01-01,,"{""source"": ""simulation""}"
acct_000715,acct_000715_owner,app_integration_connected,2024-01-24T20:53:00+00:00,2024-01-01,,"{""source"": ""simulation""}"
acct_000716,acct_000716_owner,signup,2024-01-21T19:15:00+00:00,2024-01-01,,"{""source"": ""simulation""}"
acct_000716,acct_000716_owner,first_invoice_created,2024-01-29T19:15:00+00:00,2024-01-01,,"{""source"": ""simulation""}"
acct_000716,acct_000716_owner,first_payment_received,2024-02-02T19:15:00+00:00,2024-02-01,,"{""source"": ""simulation""}"
acct_000716,acct_000716_owner,app_integration_connected,2024-02-10T19:15:00+00:00,2024-02-01,,"{""source"": ""simulation""}"
acct_000716,acct_000716_owner,feature_activated,2024-02-28T19:15:00+00:00,2024-02-01,bank_feed_sync,"{""source"": ""simulation""}"
acct_000717,acct_000717_owner,signup,2024-05-05T09:24:00+00:00,2024-05-01,,"{""source"": ""simulation""}"
acct_000717,acct_000717_owner,first_invoice_created,2024-05-14T09:24:00+00:00,2024-05-01,,"{""source"": ""simulation""}"
acct_000717,acct_000717_owner,first_payment_received,2024-05-19T09:24:00+00:00,2024-05-01,,"{""source"": ""simulation""}"
acct_000717,acct_000717_owner,app_integration_connected,2024-06-06T09:24:00+00:00,2024-06-01,,"{""source"": ""simulation""}"
acct_000718,acct_000718_owner,signup,2024-02-02T12:18:00+00:00,2024-02-01,,"{""source"": ""simulation""}"
acct_000718,acct_000718_owner,first_invoice_created,2024-02-05T12:18:00+00:00,2024-02-01,,"{""source"": ""simulation""}"
acct_000718,acct_000718_owner,first_payment_received,2024-02-05T12:18:00+00:00,2024-02-01,,"{""source"": ""simulation""}"
acct_000718,acct_000718_owner,app_integration_connected,2024-02-22T12:18:00+00:00,2024-02-01,,"{""source"": ""simulation""}"
acct_000718,acct_000718_owner,feature_activated,2024-02-29T12:18:00+00:00,2024-02-01,bank_feed_sync,"{""source"": ""simulation""}"
acct_000718,acct_000718_owner,plan_upgrade,2024-05-11T12:18:00+00:00,2024-05-01,,"{""source"": ""simulation""}"
acct_000719,acct_000719_owner,signup,2024-07-22T10:21:00+00:00,2024-07-01,,"{""source"": ""simulation""}"
acct_000719,acct_000719_owner,first_invoice_created,2024-07-29T10:21:00+00:00,2024-07-01,,"{""source"": ""simulation""}"
acct_000719,acct_000719_owner,first_payment_received,2024-08-03T10:21:00+00:00,2024-08-01,,"{""source"": ""simulation""}"
acct_000719,acct_000719_owner,app_integration_connected,2024-08-13T10:21:00+00:00,2024-08-01,,"{""source"": ""simulation""}"
acct_000719,acct_000719_owner,feature_activated,2024-08-18T10:21:00+00:00,2024-08-01,bank_feed_sync,"{""source"": ""simulation""}"
acct_000720,acct_000720_owner,signup,2024-04-06T20:25:00+00:00,2024-04-01,,"{""source"": ""simulation""}"
acct_000721,acct_000721_owner,signup,2024-04-24T10:13:00+00:00,2024-04-01,,"{""source"": ""simulation""}"
acct_000721,acct_000721_owner,first_invoice_created,2024-05-04T10:13:00+00:00,2024-05-01,,"{""source"": ""simulation""}"
acct_000721,acct_000721_owner,first_payment_received,2024-05-07T10:13:00+00:00,2024-05-01,,"{""source"": ""simulation""}"
acct_000722,acct_000722_owner,signup,2024-02-12T19:41:00+00:00,2024-02-01,,"{""source"": ""simulation""}"
acct_000722,acct_000722_owner,first_invoice_created,2024-02-21T19:41:00+00:00,2024-02-01,,"{""source"": ""simulation""}"
acct_000722,acct_000722_owner,first_payment_received,2024-02-28T19:41:00+00:00,2024-02-01,,"{""source"": ""simulation""}"
acct_000722,acct_000722_owner,app_integration_connected,2024-03-11T19:41:00+00:00,2024-03-01,,"{""source"": ""simulation""}"
acct_000722,acct_000722_owner,feature_activated,2024-03-12T19:41:00+00:00,2024-03-01,bank_feed_sync,"{""source"": ""simulation""}"
acct_000723,acct_000723_owner,signup,2024-05-25T16:39:00+00:00,2024-05-01,,"{""source"": ""simulation""}"
acct_000723,acct_000723_owner,first_invoice_created,2024-05-31T16:39:00+00:00,2024-05-01,,"{""source"": ""simulation""}"
acct_000723,acct_000723_owner,first_payment_received,2024-06-03T16:39:00+00:00,2024-06-01,,"{""source"": ""simulation""}"
acct_000723,acct_000723_owner,app_integration_connected,2024-06-20T16:39:00+00:00,2024-06-01,,"{""source"": ""simulation""}"
acct_000723,acct_000723_owner,feature_activated,2024-06-25T16:39:00+00:00,2024-06-01,bank_feed_sync,"{""source"": ""simulation""}"
acct_000723,acct_000723_owner,plan_upgrade,2024-07-30T16:39:00+00:00,2024-07-01,,"{""source"": ""simulation""}"
acct_000724,acct_000724_owner,signup,2024-02-21T08:03:00+00:00,2024-02-01,,"{""source"": ""simulation""}"
acct_000724,acct_000724_owner,first_invoice_created,2024-02-27T08:03:00+00:00,2024-02-01,,"{""source"": ""simulation""}"
acct_000724,acct_000724_owner,first_payment_received,2024-03-01T08:03:00+00:00,2024-03-01,,"{""source"": ""simulation""}"
acct_000724,acct_000724_owner,app_integration_connected,2024-03-19T08:03:00+00:00,2024-03-01,,"{""source"": ""simulation""}"
acct_000725,acct_000725_owner,signup,2024-08-13T09:35:00+00:00,2024-08-01,,"{""source"": ""simulation""}"
acct_000725,acct_000725_owner,first_invoice_created,2024-08-14T09:35:00+00:00,2024-08-01,,"{""source"": ""simulation""}"
acct_000725,acct_000725_owner,first_payment_received,2024-08-17T09:35:00+00:00,2024-08-01,,"{""source"": ""simulation""}"
acct_000725,acct_000725_owner,app_integration_connected,2024-08-19T09:35:00+00:00,2024-08-01,,"{""source"": ""simulation""}"
acct_000725,acct_000725_owner,feature_activated,2024-09-04T09:35:00+00:00,2024-09-01,bank_feed_sync,"{""source"": ""simulation""}"
acct_000725,acct_000725_owner,plan_upgrade,2024-09-11T09:35:00+00:00,2024-09-01,,"{""source"": ""simulation""}"
acct_000726,acct_000726_owner,signup,2024-03-07T19:43:00+00:00,2024-03-01,,"{""source"": ""simulation""}"
acct_000726,acct_000726_owner,first_invoice_created,2024-03-08T19:43:00+00:00,2024-03-01,,"{""source"": ""simulation""}"
acct_000727,acct_000727_owner,signup,2024-07-22T09:42:00+00:00,2024-07-01,,"{""source"": ""simulation""}"
acct_000727,acct_000727_owner,first_invoice_created,2024-07-23T09:42:00+00:00,2024-07-01,,"{""source"": ""simulation""}"
acct_000727,acct_000727_owner,first_payment_received,2024-07-26T09:42:00+00:00,2024-07-01,,"{""source"": ""simulation""}"
acct_000727,acct_000727_owner,app_integration_connected,2024-07-29T09:42:00+00:00,2024-07-01,,"{""source"": ""simulation""}"
acct_000728,acct_000728_owner,signup,2024-07-04T16:46:00+00:00,2024-07-01,,"{""source"": ""simulation""}"
acct_000728,acct_000728_owner,first_invoice_created,2024-07-10T16:46:00+00:00,2024-07-01,,"{""source"": ""simulation""}"
acct_000728,acct_000728_owner,first_payment_received,2024-07-15T16:46:00+00:00,2024-07-01,,"{""source"": ""simulation""}"
acct_000728,acct_000728_owner,app_integration_connected,2024-07-17T16:46:00+00:00,2024-07-01,,"{""source"": ""simulation""}"
acct_000729,acct_000729_owner,signup,2024-02-04T15:12:00+00:00,2024-02-01,,"{""source"": ""simulation""}"
acct_000729,acct_000729_owner,first_invoice_created,2024-02-14T15:12:00+00:00,2024-02-01,,"{""source"": ""simulation""}"
acct_000729,acct_000729_owner,first_payment_received,2024-02-20T15:12:00+00:00,2024-02-01,,"{""source"": ""simulation""}"
acct_000730,acct_000730_owner,signup,2024-09-07T13:45:00+00:00,2024-09-01,,"{""source"": ""simulation""}"
acct_000731,acct_000731_owner,signup,2024-03-02T16:31:00+00:00,2024-03-01,,"{""source"": ""simulation""}"
acct_000731,acct_000731_owner,first_invoice_created,2024-03-07T16:31:00+00:00,2024-03-01,,"{""source"": ""simulation""}"
acct_000731,acct_000731_owner,first_payment_received,2024-03-09T16:31:00+00:00,2024-03-01,,"{""source"": ""simulation""}"
acct_000732,acct_000732_owner,signup,2024-06-08T08:00:00+00:00,2024-06-01,,"{""source"": ""simulation""}"
acct_000732,acct_000732_owner,first_invoice_created,2024-06-18T08:00:00+00:00,2024-06-01,,"{""source"": ""simulation""}"
acct_000732,acct_000732_owner,first_payment_received,2024-06-26T08:00:00+00:00,2024-06-01,,"{""source"": ""simulation""}"
acct_000732,acct_000732_owner,app_integration_connected,2024-07-06T08:00:00+00:00,2024-07-01,,"{""source"": ""simulation""}"
acct_000733,acct_000733_owner,signup,2024-08-05T09:49:00+00:00,2024-08-01,,"{""source"": ""simulation""}"
acct_000734,acct_000734_owner,signup,2024-05-21T11:29:00+00:00,2024-05-01,,"{""source"": ""simulation""}"
acct_000734,acct_000734_owner,first_invoice_created,2024-05-30T11:29:00+00:00,2024-05-01,,"{""source"": ""simulation""}"
acct_000734,acct_000734_owner,first_payment_received,2024-05-30T11:29:00+00:00,2024-05-01,,"{""source"": ""simulation""}"
acct_000734,acct_000734_owner,app_integration_connected,2024-06-03T11:29:00+00:00,2024-06-01,,"{""source"": ""simulation""}"
acct_000734,acct_000734_owner,feature_activated,2024-06-06T11:29:00+00:00,2024-06-01,bank_feed_sync,"{""source"": ""simulation""}"
acct_000735,acct_000735_owner,signup,2024-08-02T09:52:00+00:00,2024-08-01,,"{""source"": ""simulation""}"
acct_000735,acct_000735_owner,first_invoice_created,2024-08-11T09:52:00+00:00,2024-08-01,,"{""source"": ""simulation""}"
acct_000735,acct_000735_owner,first_payment_received,2024-08-19T09:52:00+00:00,2024-08-01,,"{""source"": ""simulation""}"
acct_000735,acct_000735_owner,app_integration_connected,2024-09-05T09:52:00+00:00,2024-09-01,,"{""source"": ""simulation""}"
acct_000735,acct_000735_owner,feature_activated,2024-09-26T09:52:00+00:00,2024-09-01,bank_feed_sync,"{""source"": ""simulation""}"
acct_000736,acct_000736_owner,signup,2024-05-12T20:43:00+00:00,2024-05-01,,"{""source"": ""simulation""}"
acct_000736,acct_000736_owner,first_invoice_created,2024-05-18T20:43:00+00:00,2024-05-01,,"{""source"": ""simulation""}"
acct_000736,acct_000736_owner,first_payment_received,2024-05-21T20:43:00+00:00,2024-05-01,,"{""source"": ""simulation""}"
acct_000737,acct_000737_owner,signup,2024-02-04T20:56:00+00:00,2024-02-01,,"{""source"": ""simulation""}"
acct_000737,acct_000737_owner,first_invoice_created,2024-02-14T20:56:00+00:00,2024-02-01,,"{""source"": ""simulation""}"
acct_000737,acct_000737_owner,first_payment_received,2024-02-16T20:56:00+00:00,2024-02-01,,"{""source"": ""simulation""}"
acct_000737,acct_000737_owner,app_integration_connected,2024-02-23T20:56:00+00:00,2024-02-01,,"{""source"": ""simulation""}"
acct_000737,acct_000737_owner,feature_activated,2024-02-26T20:56:00+00:00,2024-02-01,bank_feed_sync,"{""source"": ""simulation""}"
acct_000738,acct_000738_owner,signup,2024-03-22T18:10:00+00:00,2024-03-01,,"{""source"": ""simulation""}"
acct_000738,acct_000738_owner,first_invoice_created,2024-03-23T18:10:00+00:00,2024-03-01,,"{""source"": ""simulation""}"
acct_000738,acct_000738_owner,first_payment_received,2024-03-26T18:10:00+00:00,2024-03-01,,"{""source"": ""simulation""}"
acct_000739,acct_000739_owner,signup,2024-08-20T12:56:00+00:00,2024-08-01,,"{""source"": ""simulation""}"
acct_000739,acct_000739_owner,first_invoice_created,2024-08-23T12:56:00+00:00,2024-08-01,,"{""source"": ""simulation""}"
acct_000740,acct_000740_owner,signup,2024-06-06T09:25:00+00:00,2024-06-01,,"{""source"": ""simulation""}"
acct_000740,acct_000740_owner,first_invoice_created,2024-06-16T09:25:00+00:00,2024-06-01,,"{""source"": ""simulation""}"
acct_000740,acct_000740_owner,first_payment_received,2024-06-20T09:25:00+00:00,2024-06-01,,"{""source"": ""simulation""}"
acct_000740,acct_000740_owner,app_integration_connected,2024-07-03T09:25:00+00:00,2024-07-01,,"{""source"": ""simulation""}"
acct_000740,acct_000740_owner,feature_activated,2024-07-07T09:25:00+00:00,2024-07-01,bank_feed_sync,"{""source"": ""simulation""}"
acct_000740,acct_000740_owner,plan_upgrade,2024-07-24T09:25:00+00:00,2024-07-01,,"{""source"": ""simulation""}"
acct_000741,acct_000741_owner,signup,2024-05-13T19:54:00+00:00,2024-05-01,,"{""source"": ""simulation""}"
acct_000741,acct_000741_owner,first_invoice_created,2024-05-20T19:54:00+00:00,2024-05-01,,"{""source"": ""simulation""}"
acct_000742,acct_000742_owner,signup,2024-03-04T10:44:00+00:00,2024-03-01,,"{""source"": ""simulation""}"
acct_000742,acct_000742_owner,first_invoice_created,2024-03-08T10:44:00+00:00,2024-03-01,,"{""source"": ""simulation""}"
acct_000742,acct_000742_owner,first_payment_received,2024-03-14T10:44:00+00:00,2024-03-01,,"{""source"": ""simulation""}"
acct_000743,acct_000743_owner,signup,2024-02-14T17:30:00+00:00,2024-02-01,,"{""source"": ""simulation""}"
acct_000743,acct_000743_owner,first_invoice_created,2024-02-23T17:30:00+00:00,2024-02-01,,"{""source"": ""simulation""}"
acct_000743,acct_000743_owner,first_payment_received,2024-02-28T17:30:00+00:00,2024-02-01,,"{""source"": ""simulation""}"
acct_000744,acct_000744_owner,signup,2024-07-25T13:39:00+00:00,2024-07-01,,"{""source"": ""simulation""}"
acct_000744,acct_000744_owner,first_invoice_created,2024-07-27T13:39:00+00:00,2024-07-01,,"{""source"": ""simulation""}"
acct_000744,acct_000744_owner,first_payment_received,2024-07-29T13:39:00+00:00,2024-07-01,,"{""source"": ""simulation""}"
acct_000744,acct_000744_owner,app_integration_connected,2024-08-08T13:39:00+00:00,2024-08-01,,"{""source"": ""simulation""}"
acct_000745,acct_000745_owner,signup,2024-08-16T09:56:00+00:00,2024-08-01,,"{""source"": ""simulation""}"
acct_000745,acct_000745_owner,first_invoice_created,2024-08-23T09:56:00+00:00,2024-08-01,,"{""source"": ""simulation""}"
acct_000745,acct_000745_owner,first_payment_received,2024-08-29T09:56:00+00:00,2024-08-01,,"{""source"": ""simulation""}"
acct_000745,acct_000745_owner,app_integration_connected,2024-09-08T09:56:00+00:00,2024-09-01,,"{""source"": ""simulation""}"
acct_000745,acct_000745_owner,feature_activated,2024-09-10T09:56:00+00:00,2024-09-01,bank_feed_sync,"{""source"": ""simulation""}"
acct_000745,acct_000745_owner,plan_upgrade,2024-09-28T09:56:00+00:00,2024-09-01,,"{""source"": ""simulation""}"
acct_000746,acct_000746_owner,signup,2024-01-03T12:41:00+00:00,2024-01-01,,"{""source"": ""simulation""}"
acct_000747,acct_000747_owner,signup,2024-09-25T19:36:00+00:00,2024-09-01,,"{""source"": ""simulation""}"
acct_000747,acct_000747_owner,first_invoice_created,2024-09-28T19:36:00+00:00,2024-09-01,,"{""source"": ""simulation""}"
acct_000747,acct_000747_owner,first_payment_received,2024-09-30T19:36:00+00:00,2024-09-01,,"{""source"": ""simulation""}"
acct_000747,acct_000747_owner,app_integration_connected,2024-10-06T19:36:00+00:00,2024-10-01,,"{""source"": ""simulation""}"
acct_000747,acct_000747_owner,feature_activated,2024-10-20T19:36:00+00:00,2024-10-01,bank_feed_sync,"{""source"": ""simulation""}"
acct_000748,acct_000748_owner,signup,2024-09-17T19:44:00+00:00,2024-09-01,,"{""source"": ""simulation""}"
acct_000749,acct_000749_owner,signup,2024-04-16T13:42:00+00:00,2024-04-01,,"{""source"": ""simulation""}"
acct_000749,acct_000749_owner,first_invoice_created,2024-04-23T13:42:00+00:00,2024-04-01,,"{""source"": ""simulation""}"
acct_000749,acct_000749_owner,first_payment_received,2024-04-23T13:42:00+00:00,2024-04-01,,"{""source"": ""simulation""}"
acct_000750,acct_000750_owner,signup,2024-09-20T08:00:00+00:00,2024-09-01,,"{""source"": ""simulation""}"
acct_000751,acct_000751_owner,signup,2024-08-06T09:48:00+00:00,2024-08-01,,"{""source"": ""simulation""}"
acct_000751,acct_000751_owner,first_invoice_created,2024-08-15T09:48:00+00:00,2024-08-01,,"{""source"": ""simulation""}"
acct_000751,acct_000751_owner,first_payment_received,2024-08-22T09:48:00+00:00,2024-08-01,,"{""source"": ""simulation""}"
acct_000751,acct_000751_owner,app_integration_connected,2024-08-25T09:48:00+00:00,2024-08-01,,"{""source"": ""simulation""}"
acct_000752,acct_000752_owner,signup,2024-04-11T12:03:00+00:00,2024-04-01,,"{""source"": ""simulation""}"
acct_000752,acct_000752_owner,first_invoice_created,2024-04-19T12:03:00+00:00,2024-04-01,,"{""source"": ""simulation""}"
acct_000752,acct_000752_owner,first_payment_received,2024-04-22T12:03:00+00:00,2024-04-01,,"{""source"": ""simulation""}"
acct_000753,acct_000753_owner,signup,2024-07-08T09:29:00+00:00,2024-07-01,,"{""source"": ""simulation""}"
acct_000753,acct_000753_owner,first_invoice_created,2024-07-10T09:29:00+00:00,2024-07-01,,"{""source"": ""simulation""}"
acct_000754,acct_000754_owner,signup,2024-02-16T15:20:00+00:00,2024-02-01,,"{""source"": ""simulation""}"
acct_000754,acct_000754_owner,first_invoice_created,2024-02-26T15:20:00+00:00,2024-02-01,,"{""source"": ""simulation""}"
acct_000754,acct_000754_owner,first_payment_received,2024-02-27T15:20:00+00:00,2024-02-01,,"{""source"": ""simulation""}"
acct_000755,acct_000755_owner,signup,2024-01-04T14:26:00+00:00,2024-01-01,,"{""source"": ""simulation""}"
acct_000755,acct_000755_owner,first_invoice_created,2024-01-10T14:26:00+00:00,2024-01-01,,"{""source"": ""simulation""}"
acct_000755,acct_000755_owner,first_payment_received,2024-01-14T14:26:00+00:00,2024-01-01,,"{""source"": ""simulation""}"
acct_000756,acct_000756_owner,signup,2024-02-20T17:40:00+00:00,2024-02-01,,"{""source"": ""simulation""}"
acct_000757,acct_000757_owner,signup,2024-08-11T13:52:00+00:00,2024-08-01,,"{""source"": ""simulation""}"
acct_000758,acct_000758_owner,signup,2024-08-11T16:49:00+00:00,2024-08-01,,"{""source"": ""simulation""}"
acct_000758,acct_000758_owner,first_invoice_created,2024-08-21T16:49:00+00:00,2024-08-01,,"{""source"": ""simulation""}"
acct_000758,acct_000758_owner,first_payment_received,2024-08-22T16:49:00+00:00,2024-08-01,,"{""source"": ""simulation""}"
acct_000759,acct_000759_owner,signup,2024-08-04T09:48:00+00:00,2024-08-01,,"{""source"": ""simulation""}"
acct_000759,acct_000759_owner,first_invoice_created,2024-08-08T09:48:00+00:00,2024-08-01,,"{""source"": ""simulation""}"
acct_000759,acct_000759_owner,first_payment_received,2024-08-12T09:48:00+00:00,2024-08-01,,"{""source"": ""simulation""}"
acct_000759,acct_000759_owner,app_integration_connected,2024-08-23T09:48:00+00:00,2024-08-01,,"{""source"": ""simulation""}"
acct_000759,acct_000759_owner,feature_activated,2024-09-14T09:48:00+00:00,2024-09-01,bank_feed_sync,"{""source"": ""simulation""}"
acct_000760,acct_000760_owner,signup,2024-06-12T18:51:00+00:00,2024-06-01,,"{""source"": ""simulation""}"
acct_000761,acct_000761_owner,signup,2024-02-02T10:31:00+00:00,2024-02-01,,"{""source"": ""simulation""}"
acct_000761,acct_000761_owner,first_invoice_created,2024-02-06T10:31:00+00:00,2024-02-01,,"{""source"": ""simulation""}"
acct_000761,acct_000761_owner,first_payment_received,2024-02-07T10:31:00+00:00,2024-02-01,,"{""source"": ""simulation""}"
acct_000761,acct_000761_owner,app_integration_connected,2024-02-22T10:31:00+00:00,2024-02-01,,"{""source"": ""simulation""}"
acct_000761,acct_000761_owner,feature_activated,2024-03-19T10:31:00+00:00,2024-03-01,bank_feed_sync,"{""source"": ""simulation""}"
acct_000762,acct_000762_owner,signup,2024-02-09T17:12:00+00:00,2024-02-01,,"{""source"": ""simulation""}"
acct_000762,acct_000762_owner,first_invoice_created,2024-02-14T17:12:00+00:00,2024-02-01,,"{""source"": ""simulation""}"
acct_000762,acct_000762_owner,first_payment_received,2024-02-15T17:12:00+00:00,2024-02-01,,"{""source"": ""simulation""}"
acct_000762,acct_000762_owner,app_integration_connected,2024-02-29T17:12:00+00:00,2024-02-01,,"{""source"": ""simulation""}"
acct_000762,acct_000762_owner,feature_activated,2024-03-19T17:12:00+00:00,2024-03-01,bank_feed_sync,"{""source"": ""simulation""}"
acct_000762,acct_000762_owner,plan_upgrade,2024-03-21T17:12:00+00:00,2024-03-01,,"{""source"": ""simulation""}"
acct_000763,acct_000763_owner,signup,2024-07-07T15:52:00+00:00,2024-07-01,,"{""source"": ""simulation""}"
acct_000763,acct_000763_owner,first_invoice_created,2024-07-10T15:52:00+00:00,2024-07-01,,"{""source"": ""simulation""}"
acct_000763,acct_000763_owner,first_payment_received,2024-07-18T15:52:00+00:00,2024-07-01,,"{""source"": ""simulation""}"
acct_000764,acct_000764_owner,signup,2024-02-25T14:02:00+00:00,2024-02-01,,"{""source"": ""simulation""}"
acct_000764,acct_000764_owner,first_invoice_created,2024-03-04T14:02:00+00:00,2024-03-01,,"{""source"": ""simulation""}"
acct_000764,acct_000764_owner,first_payment_received,2024-03-07T14:02:00+00:00,2024-03-01,,"{""source"": ""simulation""}"
acct_000764,acct_000764_owner,app_integration_connected,2024-03-22T14:02:00+00:00,2024-03-01,,"{""source"": ""simulation""}"
acct_000764,acct_000764_owner,feature_activated,2024-04-07T14:02:00+00:00,2024-04-01,bank_feed_sync,"{""source"": ""simulation""}"
acct_000765,acct_000765_owner,signup,2024-08-22T17:32:00+00:00,2024-08-01,,"{""source"": ""simulation""}"
acct_000765,acct_000765_owner,first_invoice_created,2024-08-31T17:32:00+00:00,2024-08-01,,"{""source"": ""simulation""}"
acct_000765,acct_000765_owner,first_payment_received,2024-09-01T17:32:00+00:00,2024-09-01,,"{""source"": ""simulation""}"
acct_000765,acct_000765_owner,app_integration_connected,2024-09-03T17:32:00+00:00,2024-09-01,,"{""source"": ""simulation""}"
acct_000766,acct_000766_owner,signup,2024-01-17T19:03:00+00:00,2024-01-01,,"{""source"": ""simulation""}"
acct_000766,acct_000766_owner,first_invoice_created,2024-01-27T19:03:00+00:00,2024-01-01,,"{""source"": ""simulation""}"
acct_000766,acct_000766_owner,first_payment_received,2024-01-31T19:03:00+00:00,2024-01-01,,"{""source"": ""simulation""}"
acct_000767,acct_000767_owner,signup,2024-09-25T10:44:00+00:00,2024-09-01,,"{""source"": ""simulation""}"
acct_000767,acct_000767_owner,first_invoice_created,2024-09-27T10:44:00+00:00,2024-09-01,,"{""source"": ""simulation""}"
acct_000768,acct_000768_owner,signup,2024-02-13T18:38:00+00:00,2024-02-01,,"{""source"": ""simulation""}"
acct_000768,acct_000768_owner,first_invoice_created,2024-02-21T18:38:00+00:00,2024-02-01,,"{""source"": ""simulation""}"
acct_000769,acct_000769_owner,signup,2024-07-20T19:48:00+00:00,2024-07-01,,"{""source"": ""simulation""}"
acct_000769,acct_000769_owner,first_invoice_created,2024-07-27T19:48:00+00:00,2024-07-01,,"{""source"": ""simulation""}"
acct_000769,acct_000769_owner,first_payment_received,2024-07-30T19:48:00+00:00,2024-07-01,,"{""source"": ""simulation""}"
acct_000770,acct_000770_owner,signup,2024-07-11T12:28:00+00:00,2024-07-01,,"{""source"": ""simulation""}"
acct_000771,acct_000771_owner,signup,2024-07-20T19:56:00+00:00,2024-07-01,,"{""source"": ""simulation""}"
acct_000772,acct_000772_owner,signup,2024-09-21T11:12:00+00:00,2024-09-01,,"{""source"": ""simulation""}"
acct_000772,acct_000772_owner,first_invoice_created,2024-09-30T11:12:00+00:00,2024-09-01,,"{""source"": ""simulation""}"
acct_000772,acct_000772_owner,first_payment_received,2024-09-30T11:12:00+00:00,2024-09-01,,"{""source"": ""simulation""}"
acct_000772,acct_000772_owner,app_integration_connected,2024-10-10T11:12:00+00:00,2024-10-01,,"{""source"": ""simulation""}"
acct_000772,acct_000772_owner,feature_activated,2024-10-27T11:12:00+00:00,2024-10-01,bank_feed_sync,"{""source"": ""simulation""}"
acct_000772,acct_000772_owner,plan_upgrade,2024-10-30T11:12:00+00:00,2024-10-01,,"{""source"": ""simulation""}"
acct_000773,acct_000773_owner,signup,2024-06-22T10:45:00+00:00,2024-06-01,,"{""source"": ""simulation""}"
acct_000774,acct_000774_owner,signup,2024-02-25T13:35:00+00:00,2024-02-01,,"{""source"": ""simulation""}"
acct_000774,acct_000774_owner,first_invoice_created,2024-02-27T13:35:00+00:00,2024-02-01,,"{""source"": ""simulation""}"
acct_000774,acct_000774_owner,first_payment_received,2024-03-05T13:35:00+00:00,2024-03-01,,"{""source"": ""simulation""}"
acct_000775,acct_000775_owner,signup,2024-09-10T14:51:00+00:00,2024-09-01,,"{""source"": ""simulation""}"
acct_000775,acct_000775_owner,first_invoice_created,2024-09-16T14:51:00+00:00,2024-09-01,,"{""source"": ""simulation""}"
acct_000775,acct_000775_owner,first_payment_received,2024-09-21T14:51:00+00:00,2024-09-01,,"{""source"": ""simulation""}"
acct_000775,acct_000775_owner,app_integration_connected,2024-10-07T14:51:00+00:00,2024-10-01,,"{""source"": ""simulation""}"
acct_000775,acct_000775_owner,plan_upgrade,2024-11-11T14:51:00+00:00,2024-11-01,,"{""source"": ""simulation""}"
acct_000776,acct_000776_owner,signup,2024-01-13T10:03:00+00:00,2024-01-01,,"{""source"": ""simulation""}"
acct_000776,acct_000776_owner,first_invoice_created,2024-01-22T10:03:00+00:00,2024-01-01,,"{""source"": ""simulation""}"
acct_000776,acct_000776_owner,first_payment_received,2024-01-30T10:03:00+00:00,2024-01-01,,"{""source"": ""simulation""}"
acct_000776,acct_000776_owner,app_integration_connected,2024-02-14T10:03:00+00:00,2024-02-01,,"{""source"": ""simulation""}"
acct_000777,acct_000777_owner,signup,2024-05-25T20:10:00+00:00,2024-05-01,,"{""source"": ""simulation""}"
acct_000777,acct_000777_owner,first_invoice_created,2024-05-26T20:10:00+00:00,2024-05-01,,"{""source"": ""simulation""}"
acct_000777,acct_000777_owner,first_payment_received,2024-05-30T20:10:00+00:00,2024-05-01,,"{""source"": ""simulation""}"
acct_000777,acct_000777_owner,app_integration_connected,2024-06-08T20:10:00+00:00,2024-06-01,,"{""source"": ""simulation""}"
acct_000778,acct_000778_owner,signup,2024-03-02T19:50:00+00:00,2024-03-01,,"{""source"": ""simulation""}"
acct_000778,acct_000778_owner,first_invoice_created,2024-03-09T19:50:00+00:00,2024-03-01,,"{""source"": ""simulation""}"
acct_000779,acct_000779_owner,signup,2024-09-02T13:52:00+00:00,2024-09-01,,"{""source"": ""simulation""}"
acct_000779,acct_000779_owner,first_invoice_created,2024-09-05T13:52:00+00:00,2024-09-01,,"{""source"": ""simulation""}"
acct_000780,acct_000780_owner,signup,2024-09-08T19:41:00+00:00,2024-09-01,,"{""source"": ""simulation""}"
acct_000781,acct_000781_owner,signup,2024-09-23T12:44:00+00:00,2024-09-01,,"{""source"": ""simulation""}"
acct_000781,acct_000781_owner,first_invoice_created,2024-09-25T12:44:00+00:00,2024-09-01,,"{""source"": ""simulation""}"
acct_000781,acct_000781_owner,first_payment_received,2024-09-26T12:44:00+00:00,2024-09-01,,"{""source"": ""simulation""}"
acct_000782,acct_000782_owner,signup,2024-07-14T20:43:00+00:00,2024-07-01,,"{""source"": ""simulation""}"
acct_000782,acct_000782_owner,first_invoice_created,2024-07-20T20:43:00+00:00,2024-07-01,,"{""source"": ""simulation""}"
acct_000782,acct_000782_owner,first_payment_received,2024-07-22T20:43:00+00:00,2024-07-01,,"{""source"": ""simulation""}"
acct_000782,acct_000782_owner,app_integration_connected,2024-08-07T20:43:00+00:00,2024-08-01,,"{""source"": ""simulation""}"
acct_000782,acct_000782_owner,feature_activated,2024-08-25T20:43:00+00:00,2024-08-01,bank_feed_sync,"{""source"": ""simulation""}"
acct_000783,acct_000783_owner,signup,2024-01-24T12:12:00+00:00,2024-01-01,,"{""source"": ""simulation""}"
acct_000783,acct_000783_owner,first_invoice_created,2024-01-25T12:12:00+00:00,2024-01-01,,"{""source"": ""simulation""}"
acct_000784,acct_000784_owner,signup,2024-06-25T17:34:00+00:00,2024-06-01,,"{""source"": ""simulation""}"
acct_000784,acct_000784_owner,first_invoice_created,2024-07-01T17:34:00+00:00,2024-07-01,,"{""source"": ""simulation""}"
acct_000784,acct_000784_owner,first_payment_received,2024-07-09T17:34:00+00:00,2024-07-01,,"{""source"": ""simulation""}"
acct_000784,acct_000784_owner,app_integration_connected,2024-07-19T17:34:00+00:00,2024-07-01,,"{""source"": ""simulation""}"
acct_000784,acct_000784_owner,feature_activated,2024-08-11T17:34:00+00:00,2024-08-01,bank_feed_sync,"{""source"": ""simulation""}"
acct_000784,acct_000784_owner,plan_upgrade,2024-08-30T17:34:00+00:00,2024-08-01,,"{""source"": ""simulation""}"
acct_000785,acct_000785_owner,signup,2024-05-15T10:43:00+00:00,2024-05-01,,"{""source"": ""simulation""}"
acct_000785,acct_000785_owner,first_invoice_created,2024-05-24T10:43:00+00:00,2024-05-01,,"{""source"": ""simulation""}"
acct_000785,acct_000785_owner,first_payment_received,2024-06-01T10:43:00+00:00,2024-06-01,,"{""source"": ""simulation""}"
acct_000785,acct_000785_owner,app_integration_connected,2024-06-09T10:43:00+00:00,2024-06-01,,"{""source"": ""simulation""}"
acct_000785,acct_000785_owner,feature_activated,2024-06-19T10:43:00+00:00,2024-06-01,bank_feed_sync,"{""source"": ""simulation""}"
acct_000786,acct_000786_owner,signup,2024-03-24T16:07:00+00:00,2024-03-01,,"{""source"": ""simulation""}"
acct_000786,acct_000786_owner,first_invoice_created,2024-04-01T16:07:00+00:00,2024-04-01,,"{""source"": ""simulation""}"
acct_000787,acct_000787_owner,signup,2024-07-09T16:16:00+00:00,2024-07-01,,"{""source"": ""simulation""}"
acct_000788,acct_000788_owner,signup,2024-05-01T13:29:00+00:00,2024-05-01,,"{""source"": ""simulation""}"
acct_000788,acct_000788_owner,first_invoice_created,2024-05-10T13:29:00+00:00,2024-05-01,,"{""source"": ""simulation""}"
acct_000788,acct_000788_owner,first_payment_received,2024-05-15T13:29:00+00:00,2024-05-01,,"{""source"": ""simulation""}"
acct_000788,acct_000788_owner,app_integration_connected,2024-06-01T13:29:00+00:00,2024-06-01,,"{""source"": ""simulation""}"
acct_000788,acct_000788_owner,feature_activated,2024-06-04T13:29:00+00:00,2024-06-01,bank_feed_sync,"{""source"": ""simulation""}"
acct_000789,acct_000789_owner,signup,2024-03-11T17:03:00+00:00,2024-03-01,,"{""source"": ""simulation""}"
acct_000790,acct_000790_owner,signup,2024-09-12T09:50:00+00:00,2024-09-01,,"{""source"": ""simulation""}"
acct_000790,acct_000790_owner,first_invoice_created,2024-09-20T09:50:00+00:00,2024-09-01,,"{""source"": ""simulation""}"
acct_000790,acct_000790_owner,first_payment_received,2024-09-27T09:50:00+00:00,2024-09-01,,"{""source"": ""simulation""}"
acct_000790,acct_000790_owner,app_integration_connected,2024-10-04T09:50:00+00:00,2024-10-01,,"{""source"": ""simulation""}"
acct_000790,acct_000790_owner,feature_activated,2024-10-15T09:50:00+00:00,2024-10-01,bank_feed_sync,"{""source"": ""simulation""}"
acct_000791,acct_000791_owner,signup,2024-03-17T09:50:00+00:00,2024-03-01,,"{""source"": ""simulation""}"
acct_000791,acct_000791_owner,first_invoice_created,2024-03-26T09:50:00+00:00,2024-03-01,,"{""source"": ""simulation""}"
acct_000791,acct_000791_owner,first_payment_received,2024-03-30T09:50:00+00:00,2024-03-01,,"{""source"": ""simulation""}"
acct_000791,acct_000791_owner,app_integration_connected,2024-04-17T09:50:00+00:00,2024-04-01,,"{""source"": ""simulation""}"
acct_000791,acct_000791_owner,feature_activated,2024-05-02T09:50:00+00:00,2024-05-01,bank_feed_sync,"{""source"": ""simulation""}"
acct_000792,acct_000792_owner,signup,2024-09-18T14:05:00+00:00,2024-09-01,,"{""source"": ""simulation""}"
acct_000792,acct_000792_owner,first_invoice_created,2024-09-25T14:05:00+00:00,2024-09-01,,"{""source"": ""simulation""}"
acct_000792,acct_000792_owner,first_payment_received,2024-10-02T14:05:00+00:00,2024-10-01,,"{""source"": ""simulation""}"
acct_000793,acct_000793_owner,signup,2024-04-22T13:21:00+00:00,2024-04-01,,"{""source"": ""simulation""}"
acct_000793,acct_000793_owner,first_invoice_created,2024-04-24T13:21:00+00:00,2024-04-01,,"{""source"": ""simulation""}"
acct_000793,acct_000793_owner,first_payment_received,2024-04-25T13:21:00+00:00,2024-04-01,,"{""source"": ""simulation""}"
acct_000794,acct_000794_owner,signup,2024-04-25T17:33:00+00:00,2024-04-01,,"{""source"": ""simulation""}"
acct_000794,acct_000794_owner,first_invoice_created,2024-04-30T17:33:00+00:00,2024-04-01,,"{""source"": ""simulation""}"
acct_000794,acct_000794_owner,first_payment_received,2024-05-04T17:33:00+00:00,2024-05-01,,"{""source"": ""simulation""}"
acct_000794,acct_000794_owner,app_integration_connected,2024-05-06T17:33:00+00:00,2024-05-01,,"{""source"": ""simulation""}"
acct_000794,acct_000794_owner,feature_activated,2024-05-17T17:33:00+00:00,2024-05-01,bank_feed_sync,"{""source"": ""simulation""}"
acct_000795,acct_000795_owner,signup,2024-02-22T13:28:00+00:00,2024-02-01,,"{""source"": ""simulation""}"
acct_000795,acct_000795_owner,first_invoice_created,2024-02-23T13:28:00+00:00,2024-02-01,,"{""source"": ""simulation""}"
acct_000795,acct_000795_owner,first_payment_received,2024-02-29T13:28:00+00:00,2024-02-01,,"{""source"": ""simulation""}"
acct_000795,acct_000795_owner,app_integration_connected,2024-03-19T13:28:00+00:00,2024-03-01,,"{""source"": ""simulation""}"
acct_000795,acct_000795_owner,feature_activated,2024-04-14T13:28:00+00:00,2024-04-01,bank_feed_sync,"{""source"": ""simulation""}"
acct_000796,acct_000796_owner,signup,2024-01-22T13:24:00+00:00,2024-01-01,,"{""source"": ""simulation""}"
acct_000796,acct_000796_owner,first_invoice_created,2024-02-01T13:24:00+00:00,2024-02-01,,"{""source"": ""simulation""}"
acct_000796,acct_000796_owner,first_payment_received,2024-02-01T13:24:00+00:00,2024-02-01,,"{""source"": ""simulation""}"
acct_000797,acct_000797_owner,signup,2024-05-18T19:18:00+00:00,2024-05-01,,"{""source"": ""simulation""}"
acct_000797,acct_000797_owner,first_invoice_created,2024-05-28T19:18:00+00:00,2024-05-01,,"{""source"": ""simulation""}"
acct_000797,acct_000797_owner,first_payment_received,2024-06-04T19:18:00+00:00,2024-06-01,,"{""source"": ""simulation""}"
acct_000797,acct_000797_owner,app_integration_connected,2024-06-08T19:18:00+00:00,2024-06-01,,"{""source"": ""simulation""}"
acct_000798,acct_000798_owner,signup,2024-09-17T15:31:00+00:00,2024-09-01,,"{""source"": ""simulation""}"
acct_000799,acct_000799_owner,signup,2024-04-11T16:05:00+00:00,2024-04-01,,"{""source"": ""simulation""}"
acct_000800,acct_000800_owner,signup,2024-09-18T08:40:00+00:00,2024-09-01,,"{""source"": ""simulation""}"
acct_000800,acct_000800_owner,first_invoice_created,2024-09-21T08:40:00+00:00,2024-09-01,,"{""source"": ""simulation""}"
acct_000800,acct_000800_owner,first_payment_received,2024-09-28T08:40:00+00:00,2024-09-01,,"{""source"": ""simulation""}"
acct_000801,acct_000801_owner,signup,2024-04-22T14:53:00+00:00,2024-04-01,,"{""source"": ""simulation""}"
acct_000801,acct_000801_owner,first_invoice_created,2024-04-26T14:53:00+00:00,2024-04-01,,"{""source"": ""simulation""}"
acct_000801,acct_000801_owner,first_payment_received,2024-04-27T14:53:00+00:00,2024-04-01,,"{""source"": ""simulation""}"
acct_000802,acct_000802_owner,signup,2024-09-23T19:49:00+00:00,2024-09-01,,"{""source"": ""simulation""}"
acct_000802,acct_000802_owner,first_invoice_created,2024-10-03T19:49:00+00:00,2024-10-01,,"{""source"": ""simulation""}"
acct_000802,acct_000802_owner,first_payment_received,2024-10-10T19:49:00+00:00,2024-10-01,,"{""source"": ""simulation""}"
acct_000802,acct_000802_owner,app_integration_connected,2024-10-16T19:49:00+00:00,2024-10-01,,"{""source"": ""simulation""}"
acct_000803,acct_000803_owner,signup,2024-03-01T15:45:00+00:00,2024-03-01,,"{""source"": ""simulation""}"
acct_000804,acct_000804_owner,signup,2024-02-03T08:11:00+00:00,2024-02-01,,"{""source"": ""simulation""}"
acct_000805,acct_000805_owner,signup,2024-04-09T14:24:00+00:00,2024-04-01,,"{""source"": ""simulation""}"
acct_000806,acct_000806_owner,signup,2024-07-11T08:24:00+00:00,2024-07-01,,"{""source"": ""simulation""}"
acct_000806,acct_000806_owner,first_invoice_created,2024-07-16T08:24:00+00:00,2024-07-01,,"{""source"": ""simulation""}"
acct_000807,acct_000807_owner,signup,2024-02-25T19:37:00+00:00,2024-02-01,,"{""source"": ""simulation""}"
acct_000808,acct_000808_owner,signup,2024-06-17T09:18:00+00:00,2024-06-01,,"{""source"": ""simulation""}"
acct_000808,acct_000808_owner,first_invoice_created,2024-06-27T09:18:00+00:00,2024-06-01,,"{""source"": ""simulation""}"
acct_000808,acct_000808_owner,first_payment_received,2024-06-28T09:18:00+00:00,2024-06-01,,"{""source"": ""simulation""}"
acct_000809,acct_000809_owner,signup,2024-05-25T15:24:00+00:00,2024-05-01,,"{""source"": ""simulation""}"
acct_000809,acct_000809_owner,first_invoice_created,2024-05-28T15:24:00+00:00,2024-05-01,,"{""source"": ""simulation""}"
acct_000809,acct_000809_owner,first_payment_received,2024-06-04T15:24:00+00:00,2024-06-01,,"{""source"": ""simulation""}"
acct_000809,acct_000809_owner,app_integration_connected,2024-06-23T15:24:00+00:00,2024-06-01,,"{""source"": ""simulation""}"
acct_000809,acct_000809_owner,feature_activated,2024-06-30T15:24:00+00:00,2024-06-01,bank_feed_sync,"{""source"": ""simulation""}"
acct_000810,acct_000810_owner,signup,2024-08-06T16:14:00+00:00,2024-08-01,,"{""source"": ""simulation""}"
acct_000810,acct_000810_owner,first_invoice_created,2024-08-13T16:14:00+00:00,2024-08-01,,"{""source"": ""simulation""}"
acct_000810,acct_000810_owner,first_payment_received,2024-08-20T16:14:00+00:00,2024-08-01,,"{""source"": ""simulation""}"
acct_000810,acct_000810_owner,app_integration_connected,2024-08-24T16:14:00+00:00,2024-08-01,,"{""source"": ""simulation""}"
acct_000811,acct_000811_owner,signup,2024-09-10T18:09:00+00:00,2024-09-01,,"{""source"": ""simulation""}"
acct_000811,acct_000811_owner,first_invoice_created,2024-09-12T18:09:00+00:00,2024-09-01,,"{""source"": ""simulation""}"
acct_000811,acct_000811_owner,first_payment_received,2024-09-15T18:09:00+00:00,2024-09-01,,"{""source"": ""simulation""}"
acct_000812,acct_000812_owner,signup,2024-01-18T16:09:00+00:00,2024-01-01,,"{""source"": ""simulation""}"
acct_000812,acct_000812_owner,first_invoice_created,2024-01-25T16:09:00+00:00,2024-01-01,,"{""source"": ""simulation""}"
acct_000812,acct_000812_owner,first_payment_received,2024-02-01T16:09:00+00:00,2024-02-01,,"{""source"": ""simulation""}"
acct_000812,acct_000812_owner,app_integration_connected,2024-02-14T16:09:00+00:00,2024-02-01,,"{""source"": ""simulation""}"
acct_000813,acct_000813_owner,signup,2024-01-19T17:25:00+00:00,2024-01-01,,"{""source"": ""simulation""}"
acct_000814,acct_000814_owner,signup,2024-04-24T19:57:00+00:00,2024-04-01,,"{""source"": ""simulation""}"
acct_000814,acct_000814_owner,first_invoice_created,2024-04-29T19:57:00+00:00,2024-04-01,,"{""source"": ""simulation""}"
acct_000814,acct_000814_owner,first_payment_received,2024-05-02T19:57:00+00:00,2024-05-01,,"{""source"": ""simulation""}"
acct_000814,acct_000814_owner,app_integration_connected,2024-05-08T19:57:00+00:00,2024-05-01,,"{""source"": ""simulation""}"
acct_000814,acct_000814_owner,feature_activated,2024-05-09T19:57:00+00:00,2024-05-01,bank_feed_sync,"{""source"": ""simulation""}"
acct_000815,acct_000815_owner,signup,2024-07-21T16:09:00+00:00,2024-07-01,,"{""source"": ""simulation""}"
acct_000815,acct_000815_owner,first_invoice_created,2024-07-23T16:09:00+00:00,2024-07-01,,"{""source"": ""simulation""}"
acct_000815,acct_000815_owner,first_payment_received,2024-07-27T16:09:00+00:00,2024-07-01,,"{""source"": ""simulation""}"
acct_000815,acct_000815_owner,app_integration_connected,2024-08-08T16:09:00+00:00,2024-08-01,,"{""source"": ""simulation""}"
acct_000815,acct_000815_owner,plan_upgrade,2024-10-22T16:09:00+00:00,2024-10-01,,"{""source"": ""simulation""}"
acct_000816,acct_000816_owner,signup,2024-04-20T12:12:00+00:00,2024-04-01,,"{""source"": ""simulation""}"
acct_000816,acct_000816_owner,first_invoice_created,2024-04-21T12:12:00+00:00,2024-04-01,,"{""source"": ""simulation""}"
acct_000816,acct_000816_owner,first_payment_received,2024-04-24T12:12:00+00:00,2024-04-01,,"{""source"": ""simulation""}"
acct_000817,acct_000817_owner,signup,2024-01-25T16:29:00+00:00,2024-01-01,,"{""source"": ""simulation""}"
acct_000817,acct_000817_owner,first_invoice_created,2024-01-26T16:29:00+00:00,2024-01-01,,"{""source"": ""simulation""}"
acct_000817,acct_000817_owner,first_payment_received,2024-01-28T16:29:00+00:00,2024-01-01,,"{""source"": ""simulation""}"
acct_000818,acct_000818_owner,signup,2024-02-09T09:12:00+00:00,2024-02-01,,"{""source"": ""simulation""}"
acct_000818,acct_000818_owner,first_invoice_created,2024-02-19T09:12:00+00:00,2024-02-01,,"{""source"": ""simulation""}"
acct_000818,acct_000818_owner,first_payment_received,2024-02-20T09:12:00+00:00,2024-02-01,,"{""source"": ""simulation""}"
acct_000818,acct_000818_owner,app_integration_connected,2024-03-11T09:12:00+00:00,2024-03-01,,"{""source"": ""simulation""}"
acct_000818,acct_000818_owner,feature_activated,2024-04-07T09:12:00+00:00,2024-04-01,bank_feed_sync,"{""source"": ""simulation""}"
acct_000818,acct_000818_owner,plan_upgrade,2024-05-20T09:12:00+00:00,2024-05-01,,"{""source"": ""simulation""}"
acct_000819,acct_000819_owner,signup,2024-06-05T18:41:00+00:00,2024-06-01,,"{""source"": ""simulation""}"
acct_000819,acct_000819_owner,first_invoice_created,2024-06-12T18:41:00+00:00,2024-06-01,,"{""source"": ""simulation""}"
acct_000819,acct_000819_owner,first_payment_received,2024-06-15T18:41:00+00:00,2024-06-01,,"{""source"": ""simulation""}"
acct_000820,acct_000820_owner,signup,2024-05-20T09:57:00+00:00,2024-05-01,,"{""source"": ""simulation""}"
acct_000820,acct_000820_owner,first_invoice_created,2024-05-29T09:57:00+00:00,2024-05-01,,"{""source"": ""simulation""}"
acct_000820,acct_000820_owner,first_payment_received,2024-05-29T09:57:00+00:00,2024-05-01,,"{""source"": ""simulation""}"
acct_000821,acct_000821_owner,signup,2024-08-15T13:39:00+00:00,2024-08-01,,"{""source"": ""simulation""}"
acct_000822,acct_000822_owner,signup,2024-06-11T14:10:00+00:00,2024-06-01,,"{""source"": ""simulation""}"
acct_000822,acct_000822_owner,first_invoice_created,2024-06-12T14:10:00+00:00,2024-06-01,,"{""source"": ""simulation""}"
acct_000822,acct_000822_owner,first_payment_received,2024-06-12T14:10:00+00:00,2024-06-01,,"{""source"": ""simulation""}"
acct_000822,acct_000822_owner,app_integration_connected,2024-06-15T14:10:00+00:00,2024-06-01,,"{""source"": ""simulation""}"
acct_000822,acct_000822_owner,feature_activated,2024-07-05T14:10:00+00:00,2024-07-01,bank_feed_sync,"{""source"": ""simulation""}"
acct_000822,acct_000822_owner,plan_upgrade,2024-09-01T14:10:00+00:00,2024-09-01,,"{""source"": ""simulation""}"
acct_000823,acct_000823_owner,signup,2024-04-08T19:47:00+00:00,2024-04-01,,"{""source"": ""simulation""}"
acct_000823,acct_000823_owner,first_invoice_created,2024-04-14T19:47:00+00:00,2024-04-01,,"{""source"": ""simulation""}"
acct_000823,acct_000823_owner,first_payment_received,2024-04-17T19:47:00+00:00,2024-04-01,,"{""source"": ""simulation""}"
acct_000824,acct_000824_owner,signup,2024-06-05T18:46:00+00:00,2024-06-01,,"{""source"": ""simulation""}"
acct_000824,acct_000824_owner,first_invoice_created,2024-06-10T18:46:00+00:00,2024-06-01,,"{""source"": ""simulation""}"
acct_000825,acct_000825_owner,signup,2024-08-15T13:49:00+00:00,2024-08-01,,"{""source"": ""simulation""}"
acct_000825,acct_000825_owner,first_invoice_created,2024-08-20T13:49:00+00:00,2024-08-01,,"{""source"": ""simulation""}"
acct_000825,acct_000825_owner,first_payment_received,2024-08-24T13:49:00+00:00,2024-08-01,,"{""source"": ""simulation""}"
acct_000826,acct_000826_owner,signup,2024-09-04T10:41:00+00:00,2024-09-01,,"{""source"": ""simulation""}"
acct_000826,acct_000826_owner,first_invoice_created,2024-09-13T10:41:00+00:00,2024-09-01,,"{""source"": ""simulation""}"
acct_000826,acct_000826_owner,first_payment_received,2024-09-14T10:41:00+00:00,2024-09-01,,"{""source"": ""simulation""}"
acct_000826,acct_000826_owner,app_integration_connected,2024-09-27T10:41:00+00:00,2024-09-01,,"{""source"": ""simulation""}"
acct_000827,acct_000827_owner,signup,2024-03-18T11:16:00+00:00,2024-03-01,,"{""source"": ""simulation""}"
acct_000828,acct_000828_owner,signup,2024-01-17T18:01:00+00:00,2024-01-01,,"{""source"": ""simulation""}"
acct_000828,acct_000828_owner,first_invoice_created,2024-01-25T18:01:00+00:00,2024-01-01,,"{""source"": ""simulation""}"
acct_000828,acct_000828_owner,first_payment_received,2024-01-31T18:01:00+00:00,2024-01-01,,"{""source"": ""simulation""}"
acct_000829,acct_000829_owner,signup,2024-01-18T12:34:00+00:00,2024-01-01,,"{""source"": ""simulation""}"
acct_000829,acct_000829_owner,first_invoice_created,2024-01-22T12:34:00+00:00,2024-01-01,,"{""source"": ""simulation""}"
acct_000829,acct_000829_owner,first_payment_received,2024-01-24T12:34:00+00:00,2024-01-01,,"{""source"": ""simulation""}"
acct_000829,acct_000829_owner,app_integration_connected,2024-01-29T12:34:00+00:00,2024-01-01,,"{""source"": ""simulation""}"
acct_000829,acct_000829_owner,feature_activated,2024-01-31T12:34:00+00:00,2024-01-01,bank_feed_sync,"{""source"": ""simulation""}"
acct_000830,acct_000830_owner,signup,2024-06-13T11:57:00+00:00,2024-06-01,,"{""source"": ""simulation""}"
acct_000831,acct_000831_owner,signup,2024-08-17T16:05:00+00:00,2024-08-01,,"{""source"": ""simulation""}"
acct_000832,acct_000832_owner,signup,2024-09-01T18:15:00+00:00,2024-09-01,,"{""source"": ""simulation""}"
acct_000832,acct_000832_owner,first_invoice_created,2024-09-07T18:15:00+00:00,2024-09-01,,"{""source"": ""simulation""}"
acct_000832,acct_000832_owner,first_payment_received,2024-09-12T18:15:00+00:00,2024-09-01,,"{""source"": ""simulation""}"
acct_000832,acct_000832_owner,app_integration_connected,2024-09-26T18:15:00+00:00,2024-09-01,,"{""source"": ""simulation""}"
acct_000832,acct_000832_owner,feature_activated,2024-10-01T18:15:00+00:00,2024-10-01,bank_feed_sync,"{""source"": ""simulation""}"
acct_000833,acct_000833_owner,signup,2024-08-06T10:36:00+00:00,2024-08-01,,"{""source"": ""simulation""}"
acct_000833,acct_000833_owner,first_invoice_created,2024-08-15T10:36:00+00:00,2024-08-01,,"{""source"": ""simulation""}"
acct_000833,acct_000833_owner,first_payment_received,2024-08-17T10:36:00+00:00,2024-08-01,,"{""source"": ""simulation""}"
acct_000833,acct_000833_owner,app_integration_connected,2024-09-01T10:36:00+00:00,2024-09-01,,"{""source"": ""simulation""}"
acct_000834,acct_000834_owner,signup,2024-06-02T11:48:00+00:00,2024-06-01,,"{""source"": ""simulation""}"
acct_000835,acct_000835_owner,signup,2024-02-09T13:14:00+00:00,2024-02-01,,"{""source"": ""simulation""}"
acct_000835,acct_000835_owner,first_invoice_created,2024-02-11T13:14:00+00:00,2024-02-01,,"{""source"": ""simulation""}"
acct_000835,acct_000835_owner,first_payment_received,2024-02-19T13:14:00+00:00,2024-02-01,,"{""source"": ""simulation""}"
acct_000835,acct_000835_owner,app_integration_connected,2024-03-10T13:14:00+00:00,2024-03-01,,"{""source"": ""simulation""}"
acct_000835,acct_000835_owner,plan_upgrade,2024-04-20T13:14:00+00:00,2024-04-01,,"{""source"": ""simulation""}"
acct_000836,acct_000836_owner,signup,2024-09-12T14:30:00+00:00,2024-09-01,,"{""source"": ""simulation""}"
acct_000836,acct_000836_owner,first_invoice_created,2024-09-15T14:30:00+00:00,2024-09-01,,"{""source"": ""simulation""}"
acct_000837,acct_000837_owner,signup,2024-01-21T13:06:00+00:00,2024-01-01,,"{""source"": ""simulation""}"
acct_000838,acct_000838_owner,signup,2024-09-19T10:24:00+00:00,2024-09-01,,"{""source"": ""simulation""}"
acct_000839,acct_000839_owner,signup,2024-02-17T12:24:00+00:00,2024-02-01,,"{""source"": ""simulation""}"
acct_000840,acct_000840_owner,signup,2024-06-12T15:50:00+00:00,2024-06-01,,"{""source"": ""simulation""}"
acct_000840,acct_000840_owner,first_invoice_created,2024-06-13T15:50:00+00:00,2024-06-01,,"{""source"": ""simulation""}"
acct_000840,acct_000840_owner,first_payment_received,2024-06-19T15:50:00+00:00,2024-06-01,,"{""source"": ""simulation""}"
acct_000840,acct_000840_owner,app_integration_connected,2024-06-29T15:50:00+00:00,2024-06-01,,"{""source"": ""simulation""}"
acct_000841,acct_000841_owner,signup,2024-09-05T15:10:00+00:00,2024-09-01,,"{""source"": ""simulation""}"
acct_000841,acct_000841_owner,first_invoice_created,2024-09-07T15:10:00+00:00,2024-09-01,,"{""source"": ""simulation""}"
acct_000841,acct_000841_owner,first_payment_received,2024-09-12T15:10:00+00:00,2024-09-01,,"{""source"": ""simulation""}"
acct_000841,acct_000841_owner,app_integration_connected,2024-09-19T15:10:00+00:00,2024-09-01,,"{""source"": ""simulation""}"
acct_000841,acct_000841_owner,feature_activated,2024-10-07T15:10:00+00:00,2024-10-01,bank_feed_sync,"{""source"": ""simulation""}"
acct_000841,acct_000841_owner,plan_upgrade,2024-12-07T15:10:00+00:00,2024-12-01,,"{""source"": ""simulation""}"
acct_000842,acct_000842_owner,signup,2024-09-21T12:13:00+00:00,2024-09-01,,"{""source"": ""simulation""}"
acct_000842,acct_000842_owner,first_invoice_created,2024-09-23T12:13:00+00:00,2024-09-01,,"{""source"": ""simulation""}"
acct_000842,acct_000842_owner,first_payment_received,2024-09-27T12:13:00+00:00,2024-09-01,,"{""source"": ""simulation""}"
acct_000842,acct_000842_owner,app_integration_connected,2024-09-28T12:13:00+00:00,2024-09-01,,"{""source"": ""simulation""}"
acct_000842,acct_000842_owner,feature_activated,2024-10-16T12:13:00+00:00,2024-10-01,bank_feed_sync,"{""source"": ""simulation""}"
acct_000843,acct_000843_owner,signup,2024-03-12T17:45:00+00:00,2024-03-01,,"{""source"": ""simulation""}"
acct_000843,acct_000843_owner,first_invoice_created,2024-03-19T17:45:00+00:00,2024-03-01,,"{""source"": ""simulation""}"
acct_000843,acct_000843_owner,first_payment_received,2024-03-21T17:45:00+00:00,2024-03-01,,"{""source"": ""simulation""}"
acct_000843,acct_000843_owner,app_integration_connected,2024-04-05T17:45:00+00:00,2024-04-01,,"{""source"": ""simulation""}"
acct_000844,acct_000844_owner,signup,2024-07-11T19:07:00+00:00,2024-07-01,,"{""source"": ""simulation""}"
acct_000844,acct_000844_owner,first_invoice_created,2024-07-15T19:07:00+00:00,2024-07-01,,"{""source"": ""simulation""}"
acct_000844,acct_000844_owner,first_payment_received,2024-07-16T19:07:00+00:00,2024-07-01,,"{""source"": ""simulation""}"
acct_000844,acct_000844_owner,app_integration_connected,2024-08-02T19:07:00+00:00,2024-08-01,,"{""source"": ""simulation""}"
acct_000844,acct_000844_owner,feature_activated,2024-08-16T19:07:00+00:00,2024-08-01,bank_feed_sync,"{""source"": ""simulation""}"
acct_000845,acct_000845_owner,signup,2024-08-07T17:10:00+00:00,2024-08-01,,"{""source"": ""simulation""}"
acct_000845,acct_000845_owner,first_invoice_created,2024-08-09T17:10:00+00:00,2024-08-01,,"{""source"": ""simulation""}"
acct_000846,acct_000846_owner,signup,2024-04-02T10:36:00+00:00,2024-04-01,,"{""source"": ""simulation""}"
acct_000846,acct_000846_owner,first_invoice_created,2024-04-06T10:36:00+00:00,2024-04-01,,"{""source"": ""simulation""}"
acct_000846,acct_000846_owner,first_payment_received,2024-04-10T10:36:00+00:00,2024-04-01,,"{""source"": ""simulation""}"
acct_000846,acct_000846_owner,app_integration_connected,2024-04-25T10:36:00+00:00,2024-04-01,,"{""source"": ""simulation""}"
acct_000846,acct_000846_owner,feature_activated,2024-05-04T10:36:00+00:00,2024-05-01,bank_feed_sync,"{""source"": ""simulation""}"
acct_000847,acct_000847_owner,signup,2024-09-02T17:09:00+00:00,2024-09-01,,"{""source"": ""simulation""}"
acct_000847,acct_000847_owner,first_invoice_created,2024-09-09T17:09:00+00:00,2024-09-01,,"{""source"": ""simulation""}"
acct_000847,acct_000847_owner,first_payment_received,2024-09-11T17:09:00+00:00,2024-09-01,,"{""source"": ""simulation""}"
acct_000848,acct_000848_owner,signup,2024-05-06T16:25:00+00:00,2024-05-01,,"{""source"": ""simulation""}"
acct_000849,acct_000849_owner,signup,2024-02-07T15:38:00+00:00,2024-02-01,,"{""source"": ""simulation""}"
acct_000849,acct_000849_owner,first_invoice_created,2024-02-12T15:38:00+00:00,2024-02-01,,"{""source"": ""simulation""}"
acct_000849,acct_000849_owner,first_payment_received,2024-02-15T15:38:00+00:00,2024-02-01,,"{""source"": ""simulation""}"
acct_000849,acct_000849_owner,app_integration_connected,2024-02-16T15:38:00+00:00,2024-02-01,,"{""source"": ""simulation""}"
acct_000850,acct_000850_owner,signup,2024-03-08T14:38:00+00:00,2024-03-01,,"{""source"": ""simulation""}"
acct_000851,acct_000851_owner,signup,2024-09-09T10:46:00+00:00,2024-09-01,,"{""source"": ""simulation""}"
acct_000851,acct_000851_owner,first_invoice_created,2024-09-19T10:46:00+00:00,2024-09-01,,"{""source"": ""simulation""}"
acct_000851,acct_000851_owner,first_payment_received,2024-09-24T10:46:00+00:00,2024-09-01,,"{""source"": ""simulation""}"
acct_000852,acct_000852_owner,signup,2024-02-08T14:24:00+00:00,2024-02-01,,"{""source"": ""simulation""}"
acct_000852,acct_000852_owner,first_invoice_created,2024-02-17T14:24:00+00:00,2024-02-01,,"{""source"": ""simulation""}"
acct_000852,acct_000852_owner,first_payment_received,2024-02-21T14:24:00+00:00,2024-02-01,,"{""source"": ""simulation""}"
acct_000852,acct_000852_owner,app_integration_connected,2024-03-04T14:24:00+00:00,2024-03-01,,"{""source"": ""simulation""}"
acct_000852,acct_000852_owner,feature_activated,2024-03-17T14:24:00+00:00,2024-03-01,bank_feed_sync,"{""source"": ""simulation""}"
acct_000852,acct_000852_owner,plan_upgrade,2024-04-25T14:24:00+00:00,2024-04-01,,"{""source"": ""simulation""}"
acct_000853,acct_000853_owner,signup,2024-01-07T16:55:00+00:00,2024-01-01,,"{""source"": ""simulation""}"
acct_000853,acct_000853_owner,first_invoice_created,2024-01-11T16:55:00+00:00,2024-01-01,,"{""source"": ""simulation""}"
acct_000853,acct_000853_owner,first_payment_received,2024-01-13T16:55:00+00:00,2024-01-01,,"{""source"": ""simulation""}"
acct_000853,acct_000853_owner,app_integration_connected,2024-01-28T16:55:00+00:00,2024-01-01,,"{""source"": ""simulation""}"
acct_000853,acct_000853_owner,feature_activated,2024-02-19T16:55:00+00:00,2024-02-01,bank_feed_sync,"{""source"": ""simulation""}"
acct_000854,acct_000854_owner,signup,2024-02-06T15:57:00+00:00,2024-02-01,,"{""source"": ""simulation""}"
acct_000854,acct_000854_owner,first_invoice_created,2024-02-09T15:57:00+00:00,2024-02-01,,"{""source"": ""simulation""}"
acct_000854,acct_000854_owner,first_payment_received,2024-02-15T15:57:00+00:00,2024-02-01,,"{""source"": ""simulation""}"
acct_000854,acct_000854_owner,app_integration_connected,2024-03-05T15:57:00+00:00,2024-03-01,,"{""source"": ""simulation""}"
acct_000854,acct_000854_owner,plan_upgrade,2024-05-25T15:57:00+00:00,2024-05-01,,"{""source"": ""simulation""}"
acct_000855,acct_000855_owner,signup,2024-02-16T18:08:00+00:00,2024-02-01,,"{""source"": ""simulation""}"
acct_000855,acct_000855_owner,first_invoice_created,2024-02-24T18:08:00+00:00,2024-02-01,,"{""source"": ""simulation""}"
acct_000856,acct_000856_owner,signup,2024-09-14T13:55:00+00:00,2024-09-01,,"{""source"": ""simulation""}"
acct_000856,acct_000856_owner,first_invoice_created,2024-09-22T13:55:00+00:00,2024-09-01,,"{""source"": ""simulation""}"
acct_000856,acct_000856_owner,first_payment_received,2024-09-29T13:55:00+00:00,2024-09-01,,"{""source"": ""simulation""}"
acct_000857,acct_000857_owner,signup,2024-04-16T20:49:00+00:00,2024-04-01,,"{""source"": ""simulation""}"
acct_000857,acct_000857_owner,first_invoice_created,2024-04-24T20:49:00+00:00,2024-04-01,,"{""source"": ""simulation""}"
acct_000857,acct_000857_owner,first_payment_received,2024-04-30T20:49:00+00:00,2024-04-01,,"{""source"": ""simulation""}"
acct_000857,acct_000857_owner,app_integration_connected,2024-05-03T20:49:00+00:00,2024-05-01,,"{""source"": ""simulation""}"
acct_000857,acct_000857_owner,plan_upgrade,2024-05-23T20:49:00+00:00,2024-05-01,,"{""source"": ""simulation""}"
acct_000858,acct_000858_owner,signup,2024-02-14T10:16:00+00:00,2024-02-01,,"{""source"": ""simulation""}"
acct_000859,acct_000859_owner,signup,2024-02-10T17:56:00+00:00,2024-02-01,,"{""source"": ""simulation""}"
acct_000859,acct_000859_owner,first_invoice_created,2024-02-11T17:56:00+00:00,2024-02-01,,"{""source"": ""simulation""}"
acct_000859,acct_000859_owner,first_payment_received,2024-02-15T17:56:00+00:00,2024-02-01,,"{""source"": ""simulation""}"
acct_000859,acct_000859_owner,app_integration_connected,2024-02-25T17:56:00+00:00,2024-02-01,,"{""source"": ""simulation""}"
acct_000859,acct_000859_owner,plan_upgrade,2024-05-08T17:56:00+00:00,2024-05-01,,"{""source"": ""simulation""}"
acct_000860,acct_000860_owner,signup,2024-04-01T19:47:00+00:00,2024-04-01,,"{""source"": ""simulation""}"
acct_000860,acct_000860_owner,first_invoice_created,2024-04-04T19:47:00+00:00,2024-04-01,,"{""source"": ""simulation""}"
acct_000860,acct_000860_owner,first_payment_received,2024-04-11T19:47:00+00:00,2024-04-01,,"{""source"": ""simulation""}"
acct_000860,acct_000860_owner,app_integration_connected,2024-04-22T19:47:00+00:00,2024-04-01,,"{""source"": ""simulation""}"
acct_000861,acct_000861_owner,signup,2024-09-01T14:41:00+00:00,2024-09-01,,"{""source"": ""simulation""}"
acct_000861,acct_000861_owner,first_invoice_created,2024-09-03T14:41:00+00:00,2024-09-01,,"{""source"": ""simulation""}"
acct_000861,acct_000861_owner,first_payment_received,2024-09-09T14:41:00+00:00,2024-09-01,,"{""source"": ""simulation""}"
acct_000862,acct_000862_owner,signup,2024-07-12T09:09:00+00:00,2024-07-01,,"{""source"": ""simulation""}"
acct_000862,acct_000862_owner,first_invoice_created,2024-07-18T09:09:00+00:00,2024-07-01,,"{""source"": ""simulation""}"
acct_000862,acct_000862_owner,first_payment_received,2024-07-20T09:09:00+00:00,2024-07-01,,"{""source"": ""simulation""}"
acct_000863,acct_000863_owner,signup,2024-05-18T14:36:00+00:00,2024-05-01,,"{""source"": ""simulation""}"
acct_000863,acct_000863_owner,first_invoice_created,2024-05-19T14:36:00+00:00,2024-05-01,,"{""source"": ""simulation""}"
acct_000864,acct_000864_owner,signup,2024-07-25T11:26:00+00:00,2024-07-01,,"{""source"": ""simulation""}"
acct_000865,acct_000865_owner,signup,2024-06-18T16:30:00+00:00,2024-06-01,,"{""source"": ""simulation""}"
acct_000865,acct_000865_owner,first_invoice_created,2024-06-22T16:30:00+00:00,2024-06-01,,"{""source"": ""simulation""}"
acct_000865,acct_000865_owner,first_payment_received,2024-06-24T16:30:00+00:00,2024-06-01,,"{""source"": ""simulation""}"
acct_000866,acct_000866_owner,signup,2024-06-25T19:25:00+00:00,2024-06-01,,"{""source"": ""simulation""}"
acct_000866,acct_000866_owner,first_invoice_created,2024-07-01T19:25:00+00:00,2024-07-01,,"{""source"": ""simulation""}"
acct_000867,acct_000867_owner,signup,2024-04-15T20:44:00+00:00,2024-04-01,,"{""source"": ""simulation""}"
acct_000868,acct_000868_owner,signup,2024-04-17T14:50:00+00:00,2024-04-01,,"{""source"": ""simulation""}"
acct_000868,acct_000868_owner,first_invoice_created,2024-04-25T14:50:00+00:00,2024-04-01,,"{""source"": ""simulation""}"
acct_000868,acct_000868_owner,first_payment_received,2024-04-29T14:50:00+00:00,2024-04-01,,"{""source"": ""simulation""}"
acct_000869,acct_000869_owner,signup,2024-03-13T18:00:00+00:00,2024-03-01,,"{""source"": ""simulation""}"
acct_000869,acct_000869_owner,first_invoice_created,2024-03-23T18:00:00+00:00,2024-03-01,,"{""source"": ""simulation""}"
acct_000869,acct_000869_owner,first_payment_received,2024-03-29T18:00:00+00:00,2024-03-01,,"{""source"": ""simulation""}"
acct_000870,acct_000870_owner,signup,2024-08-20T14:05:00+00:00,2024-08-01,,"{""source"": ""simulation""}"
acct_000870,acct_000870_owner,first_invoice_created,2024-08-25T14:05:00+00:00,2024-08-01,,"{""source"": ""simulation""}"
acct_000870,acct_000870_owner,first_payment_received,2024-09-02T14:05:00+00:00,2024-09-01,,"{""source"": ""simulation""}"
acct_000870,acct_000870_owner,app_integration_connected,2024-09-10T14:05:00+00:00,2024-09-01,,"{""source"": ""simulation""}"
acct_000870,acct_000870_owner,feature_activated,2024-09-11T14:05:00+00:00,2024-09-01,bank_feed_sync,"{""source"": ""simulation""}"
acct_000871,acct_000871_owner,signup,2024-04-12T09:38:00+00:00,2024-04-01,,"{""source"": ""simulation""}"
acct_000872,acct_000872_owner,signup,2024-07-20T18:33:00+00:00,2024-07-01,,"{""source"": ""simulation""}"
acct_000872,acct_000872_owner,first_invoice_created,2024-07-23T18:33:00+00:00,2024-07-01,,"{""source"": ""simulation""}"
acct_000872,acct_000872_owner,first_payment_received,2024-07-24T18:33:00+00:00,2024-07-01,,"{""source"": ""simulation""}"
acct_000872,acct_000872_owner,app_integration_connected,2024-08-09T18:33:00+00:00,2024-08-01,,"{""source"": ""simulation""}"
acct_000873,acct_000873_owner,signup,2024-03-21T15:28:00+00:00,2024-03-01,,"{""source"": ""simulation""}"
acct_000873,acct_000873_owner,first_invoice_created,2024-03-27T15:28:00+00:00,2024-03-01,,"{""source"": ""simulation""}"
acct_000873,acct_000873_owner,first_payment_received,2024-03-31T15:28:00+00:00,2024-03-01,,"{""source"": ""simulation""}"
acct_000873,acct_000873_owner,app_integration_connected,2024-04-19T15:28:00+00:00,2024-04-01,,"{""source"": ""simulation""}"
acct_000874,acct_000874_owner,signup,2024-09-10T11:02:00+00:00,2024-09-01,,"{""source"": ""simulation""}"
acct_000874,acct_000874_owner,first_invoice_created,2024-09-17T11:02:00+00:00,2024-09-01,,"{""source"": ""simulation""}"
acct_000874,acct_000874_owner,first_payment_received,2024-09-17T11:02:00+00:00,2024-09-01,,"{""source"": ""simulation""}"
acct_000875,acct_000875_owner,signup,2024-01-12T11:41:00+00:00,2024-01-01,,"{""source"": ""simulation""}"
acct_000875,acct_000875_owner,first_invoice_created,2024-01-21T11:41:00+00:00,2024-01-01,,"{""source"": ""simulation""}"
acct_000875,acct_000875_owner,first_payment_received,2024-01-28T11:41:00+00:00,2024-01-01,,"{""source"": ""simulation""}"
acct_000875,acct_000875_owner,app_integration_connected,2024-01-29T11:41:00+00:00,2024-01-01,,"{""source"": ""simulation""}"
acct_000875,acct_000875_owner,plan_upgrade,2024-04-11T11:41:00+00:00,2024-04-01,,"{""source"": ""simulation""}"
acct_000876,acct_000876_owner,signup,2024-02-09T20:25:00+00:00,2024-02-01,,"{""source"": ""simulation""}"
acct_000876,acct_000876_owner,first_invoice_created,2024-02-10T20:25:00+00:00,2024-02-01,,"{""source"": ""simulation""}"
acct_000876,acct_000876_owner,first_payment_received,2024-02-13T20:25:00+00:00,2024-02-01,,"{""source"": ""simulation""}"
acct_000876,acct_000876_owner,app_integration_connected,2024-02-28T20:25:00+00:00,2024-02-01,,"{""source"": ""simulation""}"
acct_000876,acct_000876_owner,plan_upgrade,2024-05-20T20:25:00+00:00,2024-05-01,,"{""source"": ""simulation""}"
acct_000877,acct_000877_owner,signup,2024-07-19T11:33:00+00:00,2024-07-01,,"{""source"": ""simulation""}"
acct_000877,acct_000877_owner,first_invoice_created,2024-07-29T11:33:00+00:00,2024-07-01,,"{""source"": ""simulation""}"
acct_000877,acct_000877_owner,first_payment_received,2024-08-05T11:33:00+00:00,2024-08-01,,"{""source"": ""simulation""}"
acct_000878,acct_000878_owner,signup,2024-02-18T12:46:00+00:00,2024-02-01,,"{""source"": ""simulation""}"
acct_000879,acct_000879_owner,signup,2024-05-08T17:12:00+00:00,2024-05-01,,"{""source"": ""simulation""}"
acct_000879,acct_000879_owner,first_invoice_created,2024-05-18T17:12:00+00:00,2024-05-01,,"{""source"": ""simulation""}"
acct_000879,acct_000879_owner,first_payment_received,2024-05-25T17:12:00+00:00,2024-05-01,,"{""source"": ""simulation""}"
acct_000879,acct_000879_owner,app_integration_connected,2024-06-12T17:12:00+00:00,2024-06-01,,"{""source"": ""simulation""}"
acct_000879,acct_000879_owner,feature_activated,2024-07-09T17:12:00+00:00,2024-07-01,bank_feed_sync,"{""source"": ""simulation""}"
acct_000880,acct_000880_owner,signup,2024-01-09T10:26:00+00:00,2024-01-01,,"{""source"": ""simulation""}"
acct_000880,acct_000880_owner,first_invoice_created,2024-01-11T10:26:00+00:00,2024-01-01,,"{""source"": ""simulation""}"
acct_000880,acct_000880_owner,first_payment_received,2024-01-17T10:26:00+00:00,2024-01-01,,"{""source"": ""simulation""}"
acct_000881,acct_000881_owner,signup,2024-09-10T13:07:00+00:00,2024-09-01,,"{""source"": ""simulation""}"
acct_000881,acct_000881_owner,first_invoice_created,2024-09-15T13:07:00+00:00,2024-09-01,,"{""source"": ""simulation""}"
acct_000881,acct_000881_owner,first_payment_received,2024-09-23T13:07:00+00:00,2024-09-01,,"{""source"": ""simulation""}"
acct_000881,acct_000881_owner,app_integration_connected,2024-10-02T13:07:00+00:00,2024-10-01,,"{""source"": ""simulation""}"
acct_000881,acct_000881_owner,feature_activated,2024-10-08T13:07:00+00:00,2024-10-01,bank_feed_sync,"{""source"": ""simulation""}"
acct_000881,acct_000881_owner,plan_upgrade,2024-12-08T13:07:00+00:00,2024-12-01,,"{""source"": ""simulation""}"
acct_000882,acct_000882_owner,signup,2024-08-13T17:30:00+00:00,2024-08-01,,"{""source"": ""simulation""}"
acct_000882,acct_000882_owner,first_invoice_created,2024-08-16T17:30:00+00:00,2024-08-01,,"{""source"": ""simulation""}"
acct_000882,acct_000882_owner,first_payment_received,2024-08-17T17:30:00+00:00,2024-08-01,,"{""source"": ""simulation""}"
acct_000883,acct_000883_owner,signup,2024-08-22T15:57:00+00:00,2024-08-01,,"{""source"": ""simulation""}"
acct_000883,acct_000883_owner,first_invoice_created,2024-08-25T15:57:00+00:00,2024-08-01,,"{""source"": ""simulation""}"
acct_000884,acct_000884_owner,signup,2024-02-09T09:24:00+00:00,2024-02-01,,"{""source"": ""simulation""}"
acct_000884,acct_000884_owner,first_invoice_created,2024-02-15T09:24:00+00:00,2024-02-01,,"{""source"": ""simulation""}"
acct_000885,acct_000885_owner,signup,2024-06-14T13:33:00+00:00,2024-06-01,,"{""source"": ""simulation""}"
acct_000885,acct_000885_owner,first_invoice_created,2024-06-15T13:33:00+00:00,2024-06-01,,"{""source"": ""simulation""}"
acct_000885,acct_000885_owner,first_payment_received,2024-06-16T13:33:00+00:00,2024-06-01,,"{""source"": ""simulation""}"
acct_000886,acct_000886_owner,signup,2024-04-10T09:25:00+00:00,2024-04-01,,"{""source"": ""simulation""}"
acct_000886,acct_000886_owner,first_invoice_created,2024-04-11T09:25:00+00:00,2024-04-01,,"{""source"": ""simulation""}"
acct_000886,acct_000886_owner,first_payment_received,2024-04-17T09:25:00+00:00,2024-04-01,,"{""source"": ""simulation""}"
acct_000886,acct_000886_owner,app_integration_connected,2024-05-06T09:25:00+00:00,2024-05-01,,"{""source"": ""simulation""}"
acct_000886,acct_000886_owner,feature_activated,2024-05-15T09:25:00+00:00,2024-05-01,bank_feed_sync,"{""source"": ""simulation""}"
acct_000887,acct_000887_owner,signup,2024-09-06T15:20:00+00:00,2024-09-01,,"{""source"": ""simulation""}"
acct_000887,acct_000887_owner,first_invoice_created,2024-09-11T15:20:00+00:00,2024-09-01,,"{""source"": ""simulation""}"
acct_000887,acct_000887_owner,first_payment_received,2024-09-16T15:20:00+00:00,2024-09-01,,"{""source"": ""simulation""}"
acct_000887,acct_000887_owner,app_integration_connected,2024-09-23T15:20:00+00:00,2024-09-01,,"{""source"": ""simulation""}"
acct_000887,acct_000887_owner,feature_activated,2024-10-20T15:20:00+00:00,2024-10-01,bank_feed_sync,"{""source"": ""simulation""}"
acct_000888,acct_000888_owner,signup,2024-05-06T19:43:00+00:00,2024-05-01,,"{""source"": ""simulation""}"
acct_000888,acct_000888_owner,first_invoice_created,2024-05-12T19:43:00+00:00,2024-05-01,,"{""source"": ""simulation""}"
acct_000889,acct_000889_owner,signup,2024-04-08T19:15:00+00:00,2024-04-01,,"{""source"": ""simulation""}"
acct_000889,acct_000889_owner,first_invoice_created,2024-04-15T19:15:00+00:00,2024-04-01,,"{""source"": ""simulation""}"
acct_000889,acct_000889_owner,first_payment_received,2024-04-17T19:15:00+00:00,2024-04-01,,"{""source"": ""simulation""}"
acct_000889,acct_000889_owner,app_integration_connected,2024-05-02T19:15:00+00:00,2024-05-01,,"{""source"": ""simulation""}"
acct_000889,acct_000889_owner,plan_upgrade,2024-05-22T19:15:00+00:00,2024-05-01,,"{""source"": ""simulation""}"
acct_000889,acct_000889_owner,feature_activated,2024-05-26T19:15:00+00:00,2024-05-01,bank_feed_sync,"{""source"": ""simulation""}"
acct_000890,acct_000890_owner,signup,2024-04-07T11:53:00+00:00,2024-04-01,,"{""source"": ""simulation""}"
acct_000890,acct_000890_owner,first_invoice_created,2024-04-14T11:53:00+00:00,2024-04-01,,"{""source"": ""simulation""}"
acct_000890,acct_000890_owner,first_payment_received,2024-04-14T11:53:00+00:00,2024-04-01,,"{""source"": ""simulation""}"
acct_000890,acct_000890_owner,app_integration_connected,2024-05-03T11:53:00+00:00,2024-05-01,,"{""source"": ""simulation""}"
acct_000890,acct_000890_owner,feature_activated,2024-05-29T11:53:00+00:00,2024-05-01,bank_feed_sync,"{""source"": ""simulation""}"
acct_000891,acct_000891_owner,signup,2024-02-04T09:43:00+00:00,2024-02-01,,"{""source"": ""simulation""}"
acct_000891,acct_000891_owner,first_invoice_created,2024-02-08T09:43:00+00:00,2024-02-01,,"{""source"": ""simulation""}"
acct_000891,acct_000891_owner,first_payment_received,2024-02-15T09:43:00+00:00,2024-02-01,,"{""source"": ""simulation""}"
acct_000891,acct_000891_owner,app_integration_connected,2024-02-16T09:43:00+00:00,2024-02-01,,"{""source"": ""simulation""}"
acct_000892,acct_000892_owner,signup,2024-09-02T15:23:00+00:00,2024-09-01,,"{""source"": ""simulation""}"
acct_000892,acct_000892_owner,first_invoice_created,2024-09-08T15:23:00+00:00,2024-09-01,,"{""source"": ""simulation""}"
acct_000892,acct_000892_owner,first_payment_received,2024-09-14T15:23:00+00:00,2024-09-01,,"{""source"": ""simulation""}"
acct_000892,acct_000892_owner,app_integration_connected,2024-10-04T15:23:00+00:00,2024-10-01,,"{""source"": ""simulation""}"
acct_000892,acct_000892_owner,plan_upgrade,2024-12-27T15:23:00+00:00,2024-12-01,,"{""source"": ""simulation""}"
acct_000893,acct_000893_owner,signup,2024-05-16T10:48:00+00:00,2024-05-01,,"{""source"": ""simulation""}"
acct_000893,acct_000893_owner,first_invoice_created,2024-05-20T10:48:00+00:00,2024-05-01,,"{""source"": ""simulation""}"
acct_000894,acct_000894_owner,signup,2024-04-25T17:08:00+00:00,2024-04-01,,"{""source"": ""simulation""}"
acct_000894,acct_000894_owner,first_invoice_created,2024-05-03T17:08:00+00:00,2024-05-01,,"{""source"": ""simulation""}"
acct_000895,acct_000895_owner,signup,2024-08-18T08:32:00+00:00,2024-08-01,,"{""source"": ""simulation""}"
acct_000895,acct_000895_owner,first_invoice_created,2024-08-22T08:32:00+00:00,2024-08-01,,"{""source"": ""simulation""}"
acct_000895,acct_000895_owner,first_payment_received,2024-08-27T08:32:00+00:00,2024-08-01,,"{""source"": ""simulation""}"
acct_000895,acct_000895_owner,app_integration_connected,2024-09-09T08:32:00+00:00,2024-09-01,,"{""source"": ""simulation""}"
acct_000895,acct_000895_owner,feature_activated,2024-09-24T08:32:00+00:00,2024-09-01,bank_feed_sync,"{""source"": ""simulation""}"
acct_000896,acct_000896_owner,signup,2024-03-15T09:44:00+00:00,2024-03-01,,"{""source"": ""simulation""}"
acct_000897,acct_000897_owner,signup,2024-01-01T18:13:00+00:00,2024-01-01,,"{""source"": ""simulation""}"
acct_000897,acct_000897_owner,first_invoice_created,2024-01-10T18:13:00+00:00,2024-01-01,,"{""source"": ""simulation""}"
acct_000897,acct_000897_owner,first_payment_received,2024-01-13T18:13:00+00:00,2024-01-01,,"{""source"": ""simulation""}"
acct_000897,acct_000897_owner,app_integration_connected,2024-01-17T18:13:00+00:00,2024-01-01,,"{""source"": ""simulation""}"
acct_000897,acct_000897_owner,plan_upgrade,2024-02-26T18:13:00+00:00,2024-02-01,,"{""source"": ""simulation""}"
acct_000898,acct_000898_owner,signup,2024-06-12T17:55:00+00:00,2024-06-01,,"{""source"": ""simulation""}"
acct_000898,acct_000898_owner,first_invoice_created,2024-06-16T17:55:00+00:00,2024-06-01,,"{""source"": ""simulation""}"
acct_000898,acct_000898_owner,first_payment_received,2024-06-24T17:55:00+00:00,2024-06-01,,"{""source"": ""simulation""}"
acct_000899,acct_000899_owner,signup,2024-09-09T11:17:00+00:00,2024-09-01,,"{""source"": ""simulation""}"
acct_000899,acct_000899_owner,first_invoice_created,2024-09-16T11:17:00+00:00,2024-09-01,,"{""source"": ""simulation""}"
acct_000899,acct_000899_owner,first_payment_received,2024-09-19T11:17:00+00:00,2024-09-01,,"{""source"": ""simulation""}"
acct_000899,acct_000899_owner,app_integration_connected,2024-09-28T11:17:00+00:00,2024-09-01,,"{""source"": ""simulation""}"
acct_000899,acct_000899_owner,feature_activated,2024-10-02T11:17:00+00:00,2024-10-01,bank_feed_sync,"{""source"": ""simulation""}"
acct_000899,acct_000899_owner,plan_upgrade,2024-11-13T11:17:00+00:00,2024-11-01,,"{""source"": ""simulation""}"
acct_000900,acct_000900_owner,signup,2024-06-06T15:27:00+00:00,2024-06-01,,"{""source"": ""simulation""}"
acct_000900,acct_000900_owner,first_invoice_created,2024-06-07T15:27:00+00:00,2024-06-01,,"{""source"": ""simulation""}"
acct_000900,acct_000900_owner,first_payment_received,2024-06-11T15:27:00+00:00,2024-06-01,,"{""source"": ""simulation""}"
acct_000900,acct_000900_owner,app_integration_connected,2024-06-21T15:27:00+00:00,2024-06-01,,"{""source"": ""simulation""}"
acct_000900,acct_000900_owner,feature_activated,2024-06-24T15:27:00+00:00,2024-06-01,bank_feed_sync,"{""source"": ""simulation""}"
acct_000901,acct_000901_owner,signup,2024-06-12T14:17:00+00:00,2024-06-01,,"{""source"": ""simulation""}"
acct_000901,acct_000901_owner,first_invoice_created,2024-06-21T14:17:00+00:00,2024-06-01,,"{""source"": ""simulation""}"
acct_000901,acct_000901_owner,first_payment_received,2024-06-27T14:17:00+00:00,2024-06-01,,"{""source"": ""simulation""}"
acct_000902,acct_000902_owner,signup,2024-03-19T18:14:00+00:00,2024-03-01,,"{""source"": ""simulation""}"
acct_000902,acct_000902_owner,first_invoice_created,2024-03-28T18:14:00+00:00,2024-03-01,,"{""source"": ""simulation""}"
acct_000902,acct_000902_owner,first_payment_received,2024-03-28T18:14:00+00:00,2024-03-01,,"{""source"": ""simulation""}"
acct_000902,acct_000902_owner,app_integration_connected,2024-04-17T18:14:00+00:00,2024-04-01,,"{""source"": ""simulation""}"
acct_000902,acct_000902_owner,feature_activated,2024-05-06T18:14:00+00:00,2024-05-01,bank_feed_sync,"{""source"": ""simulation""}"
acct_000903,acct_000903_owner,signup,2024-04-18T14:54:00+00:00,2024-04-01,,"{""source"": ""simulation""}"
acct_000903,acct_000903_owner,first_invoice_created,2024-04-23T14:54:00+00:00,2024-04-01,,"{""source"": ""simulation""}"
acct_000903,acct_000903_owner,first_payment_received,2024-04-30T14:54:00+00:00,2024-04-01,,"{""source"": ""simulation""}"
acct_000904,acct_000904_owner,signup,2024-03-24T10:30:00+00:00,2024-03-01,,"{""source"": ""simulation""}"
acct_000904,acct_000904_owner,first_invoice_created,2024-03-30T10:30:00+00:00,2024-03-01,,"{""source"": ""simulation""}"
acct_000904,acct_000904_owner,first_payment_received,2024-04-06T10:30:00+00:00,2024-04-01,,"{""source"": ""simulation""}"
acct_000904,acct_000904_owner,app_integration_connected,2024-04-24T10:30:00+00:00,2024-04-01,,"{""source"": ""simulation""}"
acct_000904,acct_000904_owner,feature_activated,2024-05-08T10:30:00+00:00,2024-05-01,bank_feed_sync,"{""source"": ""simulation""}"
acct_000904,acct_000904_owner,plan_upgrade,2024-06-19T10:30:00+00:00,2024-06-01,,"{""source"": ""simulation""}"
acct_000905,acct_000905_owner,signup,2024-07-16T10:57:00+00:00,2024-07-01,,"{""source"": ""simulation""}"
acct_000905,acct_000905_owner,first_invoice_created,2024-07-18T10:57:00+00:00,2024-07-01,,"{""source"": ""simulation""}"
acct_000905,acct_000905_owner,first_payment_received,2024-07-20T10:57:00+00:00,2024-07-01,,"{""source"": ""simulation""}"
acct_000906,acct_000906_owner,signup,2024-05-09T16:54:00+00:00,2024-05-01,,"{""source"": ""simulation""}"
acct_000906,acct_000906_owner,first_invoice_created,2024-05-14T16:54:00+00:00,2024-05-01,,"{""source"": ""simulation""}"
acct_000906,acct_000906_owner,first_payment_received,2024-05-15T16:54:00+00:00,2024-05-01,,"{""source"": ""simulation""}"
acct_000906,acct_000906_owner,app_integration_connected,2024-05-24T16:54:00+00:00,2024-05-01,,"{""source"": ""simulation""}"
acct_000906,acct_000906_owner,feature_activated,2024-06-02T16:54:00+00:00,2024-06-01,bank_feed_sync,"{""source"": ""simulation""}"
acct_000907,acct_000907_owner,signup,2024-02-23T10:03:00+00:00,2024-02-01,,"{""source"": ""simulation""}"
acct_000907,acct_000907_owner,first_invoice_created,2024-03-01T10:03:00+00:00,2024-03-01,,"{""source"": ""simulation""}"
acct_000907,acct_000907_owner,first_payment_received,2024-03-09T10:03:00+00:00,2024-03-01,,"{""source"": ""simulation""}"
acct_000907,acct_000907_owner,app_integration_connected,2024-03-10T10:03:00+00:00,2024-03-01,,"{""source"": ""simulation""}"
acct_000908,acct_000908_owner,signup,2024-08-21T09:28:00+00:00,2024-08-01,,"{""source"": ""simulation""}"
acct_000909,acct_000909_owner,signup,2024-06-12T16:35:00+00:00,2024-06-01,,"{""source"": ""simulation""}"
acct_000910,acct_000910_owner,signup,2024-01-14T09:22:00+00:00,2024-01-01,,"{""source"": ""simulation""}"
acct_000910,acct_000910_owner,first_invoice_created,2024-01-17T09:22:00+00:00,2024-01-01,,"{""source"": ""simulation""}"
acct_000910,acct_000910_owner,first_payment_received,2024-01-24T09:22:00+00:00,2024-01-01,,"{""source"": ""simulation""}"
acct_000910,acct_000910_owner,app_integration_connected,2024-02-06T09:22:00+00:00,2024-02-01,,"{""source"": ""simulation""}"
acct_000910,acct_000910_owner,feature_activated,2024-02-13T09:22:00+00:00,2024-02-01,bank_feed_sync,"{""source"": ""simulation""}"
acct_000911,acct_000911_owner,signup,2024-05-12T13:43:00+00:00,2024-05-01,,"{""source"": ""simulation""}"
acct_000911,acct_000911_owner,first_invoice_created,2024-05-21T13:43:00+00:00,2024-05-01,,"{""source"": ""simulation""}"
acct_000912,acct_000912_owner,signup,2024-02-13T17:18:00+00:00,2024-02-01,,"{""source"": ""simulation""}"
acct_000912,acct_000912_owner,first_invoice_created,2024-02-18T17:18:00+00:00,2024-02-01,,"{""source"": ""simulation""}"
acct_000912,acct_000912_owner,first_payment_received,2024-02-18T17:18:00+00:00,2024-02-01,,"{""source"": ""simulation""}"
acct_000913,acct_000913_owner,signup,2024-03-21T20:59:00+00:00,2024-03-01,,"{""source"": ""simulation""}"
acct_000913,acct_000913_owner,first_invoice_created,2024-03-26T20:59:00+00:00,2024-03-01,,"{""source"": ""simulation""}"
acct_000913,acct_000913_owner,first_payment_received,2024-04-02T20:59:00+00:00,2024-04-01,,"{""source"": ""simulation""}"
acct_000914,acct_000914_owner,signup,2024-07-03T09:10:00+00:00,2024-07-01,,"{""source"": ""simulation""}"
acct_000914,acct_000914_owner,first_invoice_created,2024-07-05T09:10:00+00:00,2024-07-01,,"{""source"": ""simulation""}"
acct_000914,acct_000914_owner,first_payment_received,2024-07-05T09:10:00+00:00,2024-07-01,,"{""source"": ""simulation""}"
acct_000914,acct_000914_owner,app_integration_connected,2024-07-17T09:10:00+00:00,2024-07-01,,"{""source"": ""simulation""}"
acct_000915,acct_000915_owner,signup,2024-06-11T18:18:00+00:00,2024-06-01,,"{""source"": ""simulation""}"
acct_000915,acct_000915_owner,first_invoice_created,2024-06-16T18:18:00+00:00,2024-06-01,,"{""source"": ""simulation""}"
acct_000915,acct_000915_owner,first_payment_received,2024-06-16T18:18:00+00:00,2024-06-01,,"{""source"": ""simulation""}"
acct_000915,acct_000915_owner,app_integration_connected,2024-06-17T18:18:00+00:00,2024-06-01,,"{""source"": ""simulation""}"
acct_000916,acct_000916_owner,signup,2024-05-15T20:55:00+00:00,2024-05-01,,"{""source"": ""simulation""}"
acct_000916,acct_000916_owner,first_invoice_created,2024-05-22T20:55:00+00:00,2024-05-01,,"{""source"": ""simulation""}"
acct_000916,acct_000916_owner,first_payment_received,2024-05-29T20:55:00+00:00,2024-05-01,,"{""source"": ""simulation""}"
acct_000916,acct_000916_owner,app_integration_connected,2024-06-08T20:55:00+00:00,2024-06-01,,"{""source"": ""simulation""}"
acct_000916,acct_000916_owner,feature_activated,2024-06-16T20:55:00+00:00,2024-06-01,bank_feed_sync,"{""source"": ""simulation""}"
acct_000916,acct_000916_owner,plan_upgrade,2024-07-26T20:55:00+00:00,2024-07-01,,"{""source"": ""simulation""}"
acct_000917,acct_000917_owner,signup,2024-07-06T10:54:00+00:00,2024-07-01,,"{""source"": ""simulation""}"
acct_000918,acct_000918_owner,signup,2024-04-22T12:47:00+00:00,2024-04-01,,"{""source"": ""simulation""}"
acct_000918,acct_000918_owner,first_invoice_created,2024-05-02T12:47:00+00:00,2024-05-01,,"{""source"": ""simulation""}"
acct_000918,acct_000918_owner,first_payment_received,2024-05-02T12:47:00+00:00,2024-05-01,,"{""source"": ""simulation""}"
acct_000918,acct_000918_owner,app_integration_connected,2024-05-16T12:47:00+00:00,2024-05-01,,"{""source"": ""simulation""}"
acct_000918,acct_000918_owner,feature_activated,2024-05-21T12:47:00+00:00,2024-05-01,bank_feed_sync,"{""source"": ""simulation""}"
acct_000919,acct_000919_owner,signup,2024-03-13T09:06:00+00:00,2024-03-01,,"{""source"": ""simulation""}"
acct_000919,acct_000919_owner,first_invoice_created,2024-03-14T09:06:00+00:00,2024-03-01,,"{""source"": ""simulation""}"
acct_000920,acct_000920_owner,signup,2024-09-02T08:49:00+00:00,2024-09-01,,"{""source"": ""simulation""}"
acct_000920,acct_000920_owner,first_invoice_created,2024-09-12T08:49:00+00:00,2024-09-01,,"{""source"": ""simulation""}"
acct_000920,acct_000920_owner,first_payment_received,2024-09-12T08:49:00+00:00,2024-09-01,,"{""source"": ""simulation""}"
acct_000920,acct_000920_owner,app_integration_connected,2024-09-23T08:49:00+00:00,2024-09-01,,"{""source"": ""simulation""}"
acct_000921,acct_000921_owner,signup,2024-02-09T17:09:00+00:00,2024-02-01,,"{""source"": ""simulation""}"
acct_000921,acct_000921_owner,first_invoice_created,2024-02-11T17:09:00+00:00,2024-02-01,,"{""source"": ""simulation""}"
acct_000921,acct_000921_owner,first_payment_received,2024-02-17T17:09:00+00:00,2024-02-01,,"{""source"": ""simulation""}"
acct_000921,acct_000921_owner,app_integration_connected,2024-03-06T17:09:00+00:00,2024-03-01,,"{""source"": ""simulation""}"
acct_000921,acct_000921_owner,feature_activated,2024-04-05T17:09:00+00:00,2024-04-01,bank_feed_sync,"{""source"": ""simulation""}"
acct_000922,acct_000922_owner,signup,2024-05-08T11:47:00+00:00,2024-05-01,,"{""source"": ""simulation""}"
acct_000922,acct_000922_owner,first_invoice_created,2024-05-16T11:47:00+00:00,2024-05-01,,"{""source"": ""simulation""}"
acct_000922,acct_000922_owner,first_payment_received,2024-05-18T11:47:00+00:00,2024-05-01,,"{""source"": ""simulation""}"
acct_000922,acct_000922_owner,app_integration_connected,2024-05-25T11:47:00+00:00,2024-05-01,,"{""source"": ""simulation""}"
acct_000922,acct_000922_owner,feature_activated,2024-06-07T11:47:00+00:00,2024-06-01,bank_feed_sync,"{""source"": ""simulation""}"
acct_000923,acct_000923_owner,signup,2024-03-05T16:53:00+00:00,2024-03-01,,"{""source"": ""simulation""}"
acct_000923,acct_000923_owner,first_invoice_created,2024-03-15T16:53:00+00:00,2024-03-01,,"{""source"": ""simulation""}"
acct_000923,acct_000923_owner,first_payment_received,2024-03-22T16:53:00+00:00,2024-03-01,,"{""source"": ""simulation""}"
acct_000924,acct_000924_owner,signup,2024-01-22T13:55:00+00:00,2024-01-01,,"{""source"": ""simulation""}"
acct_000925,acct_000925_owner,signup,2024-08-18T12:35:00+00:00,2024-08-01,,"{""source"": ""simulation""}"
acct_000925,acct_000925_owner,first_invoice_created,2024-08-27T12:35:00+00:00,2024-08-01,,"{""source"": ""simulation""}"
acct_000925,acct_000925_owner,first_payment_received,2024-08-30T12:35:00+00:00,2024-08-01,,"{""source"": ""simulation""}"
acct_000926,acct_000926_owner,signup,2024-09-06T17:38:00+00:00,2024-09-01,,"{""source"": ""simulation""}"
acct_000926,acct_000926_owner,first_invoice_created,2024-09-15T17:38:00+00:00,2024-09-01,,"{""source"": ""simulation""}"
acct_000927,acct_000927_owner,signup,2024-09-21T18:34:00+00:00,2024-09-01,,"{""source"": ""simulation""}"
acct_000927,acct_000927_owner,first_invoice_created,2024-09-28T18:34:00+00:00,2024-09-01,,"{""source"": ""simulation""}"
acct_000927,acct_000927_owner,first_payment_received,2024-10-06T18:34:00+00:00,2024-10-01,,"{""source"": ""simulation""}"
acct_000927,acct_000927_owner,app_integration_connected,2024-10-17T18:34:00+00:00,2024-10-01,,"{""source"": ""simulation""}"
acct_000927,acct_000927_owner,plan_upgrade,2024-12-10T18:34:00+00:00,2024-12-01,,"{""source"": ""simulation""}"
acct_000928,acct_000928_owner,signup,2024-08-18T11:51:00+00:00,2024-08-01,,"{""source"": ""simulation""}"
acct_000928,acct_000928_owner,first_invoice_created,2024-08-23T11:51:00+00:00,2024-08-01,,"{""source"": ""simulation""}"
acct_000929,acct_000929_owner,signup,2024-05-12T14:16:00+00:00,2024-05-01,,"{""source"": ""simulation""}"
acct_000929,acct_000929_owner,first_invoice_created,2024-05-20T14:16:00+00:00,2024-05-01,,"{""source"": ""simulation""}"
acct_000929,acct_000929_owner,first_payment_received,2024-05-25T14:16:00+00:00,2024-05-01,,"{""source"": ""simulation""}"
acct_000929,acct_000929_owner,app_integration_connected,2024-06-06T14:16:00+00:00,2024-06-01,,"{""source"": ""simulation""}"
acct_000929,acct_000929_owner,feature_activated,2024-06-10T14:16:00+00:00,2024-06-01,bank_feed_sync,"{""source"": ""simulation""}"
acct_000930,acct_000930_owner,signup,2024-01-01T16:52:00+00:00,2024-01-01,,"{""source"": ""simulation""}"
acct_000930,acct_000930_owner,first_invoice_created,2024-01-06T16:52:00+00:00,2024-01-01,,"{""source"": ""simulation""}"
acct_000930,acct_000930_owner,first_payment_received,2024-01-10T16:52:00+00:00,2024-01-01,,"{""source"": ""simulation""}"
acct_000931,acct_000931_owner,signup,2024-05-16T16:00:00+00:00,2024-05-01,,"{""source"": ""simulation""}"
acct_000931,acct_000931_owner,first_invoice_created,2024-05-17T16:00:00+00:00,2024-05-01,,"{""source"": ""simulation""}"
acct_000931,acct_000931_owner,first_payment_received,2024-05-24T16:00:00+00:00,2024-05-01,,"{""source"": ""simulation""}"
acct_000931,acct_000931_owner,app_integration_connected,2024-05-27T16:00:00+00:00,2024-05-01,,"{""source"": ""simulation""}"
acct_000932,acct_000932_owner,signup,2024-05-01T20:27:00+00:00,2024-05-01,,"{""source"": ""simulation""}"
acct_000932,acct_000932_owner,first_invoice_created,2024-05-07T20:27:00+00:00,2024-05-01,,"{""source"": ""simulation""}"
acct_000932,acct_000932_owner,first_payment_received,2024-05-14T20:27:00+00:00,2024-05-01,,"{""source"": ""simulation""}"
acct_000932,acct_000932_owner,app_integration_connected,2024-06-02T20:27:00+00:00,2024-06-01,,"{""source"": ""simulation""}"
acct_000932,acct_000932_owner,feature_activated,2024-06-19T20:27:00+00:00,2024-06-01,bank_feed_sync,"{""source"": ""simulation""}"
acct_000932,acct_000932_owner,plan_upgrade,2024-08-13T20:27:00+00:00,2024-08-01,,"{""source"": ""simulation""}"
acct_000933,acct_000933_owner,signup,2024-01-18T13:12:00+00:00,2024-01-01,,"{""source"": ""simulation""}"
acct_000934,acct_000934_owner,signup,2024-07-08T10:45:00+00:00,2024-07-01,,"{""source"": ""simulation""}"
acct_000934,acct_000934_owner,first_invoice_created,2024-07-12T10:45:00+00:00,2024-07-01,,"{""source"": ""simulation""}"
acct_000935,acct_000935_owner,signup,2024-04-09T09:27:00+00:00,2024-04-01,,"{""source"": ""simulation""}"
acct_000935,acct_000935_owner,first_invoice_created,2024-04-19T09:27:00+00:00,2024-04-01,,"{""source"": ""simulation""}"
acct_000935,acct_000935_owner,first_payment_received,2024-04-22T09:27:00+00:00,2024-04-01,,"{""source"": ""simulation""}"
acct_000935,acct_000935_owner,app_integration_connected,2024-04-27T09:27:00+00:00,2024-04-01,,"{""source"": ""simulation""}"
acct_000935,acct_000935_owner,plan_upgrade,2024-06-15T09:27:00+00:00,2024-06-01,,"{""source"": ""simulation""}"
acct_000936,acct_000936_owner,signup,2024-05-21T19:34:00+00:00,2024-05-01,,"{""source"": ""simulation""}"
acct_000936,acct_000936_owner,first_invoice_created,2024-05-31T19:34:00+00:00,2024-05-01,,"{""source"": ""simulation""}"
acct_000937,acct_000937_owner,signup,2024-04-03T10:08:00+00:00,2024-04-01,,"{""source"": ""simulation""}"
acct_000937,acct_000937_owner,first_invoice_created,2024-04-07T10:08:00+00:00,2024-04-01,,"{""source"": ""simulation""}"
acct_000938,acct_000938_owner,signup,2024-08-20T15:17:00+00:00,2024-08-01,,"{""source"": ""simulation""}"
acct_000938,acct_000938_owner,first_invoice_created,2024-08-21T15:17:00+00:00,2024-08-01,,"{""source"": ""simulation""}"
acct_000938,acct_000938_owner,first_payment_received,2024-08-26T15:17:00+00:00,2024-08-01,,"{""source"": ""simulation""}"
acct_000939,acct_000939_owner,signup,2024-06-01T10:03:00+00:00,2024-06-01,,"{""source"": ""simulation""}"
acct_000939,acct_000939_owner,first_invoice_created,2024-06-02T10:03:00+00:00,2024-06-01,,"{""source"": ""simulation""}"
acct_000939,acct_000939_owner,first_payment_received,2024-06-05T10:03:00+00:00,2024-06-01,,"{""source"": ""simulation""}"
acct_000940,acct_000940_owner,signup,2024-02-10T12:08:00+00:00,2024-02-01,,"{""source"": ""simulation""}"
acct_000940,acct_000940_owner,first_invoice_created,2024-02-11T12:08:00+00:00,2024-02-01,,"{""source"": ""simulation""}"
acct_000940,acct_000940_owner,first_payment_received,2024-02-14T12:08:00+00:00,2024-02-01,,"{""source"": ""simulation""}"
acct_000941,acct_000941_owner,signup,2024-04-03T10:00:00+00:00,2024-04-01,,"{""source"": ""simulation""}"
acct_000941,acct_000941_owner,first_invoice_created,2024-04-08T10:00:00+00:00,2024-04-01,,"{""source"": ""simulation""}"
acct_000941,acct_000941_owner,first_payment_received,2024-04-08T10:00:00+00:00,2024-04-01,,"{""source"": ""simulation""}"
acct_000941,acct_000941_owner,app_integration_connected,2024-04-24T10:00:00+00:00,2024-04-01,,"{""source"": ""simulation""}"
acct_000941,acct_000941_owner,plan_upgrade,2024-07-05T10:00:00+00:00,2024-07-01,,"{""source"": ""simulation""}"
acct_000942,acct_000942_owner,signup,2024-06-14T12:50:00+00:00,2024-06-01,,"{""source"": ""simulation""}"
acct_000942,acct_000942_owner,first_invoice_created,2024-06-24T12:50:00+00:00,2024-06-01,,"{""source"": ""simulation""}"
acct_000942,acct_000942_owner,first_payment_received,2024-06-27T12:50:00+00:00,2024-06-01,,"{""source"": ""simulation""}"
acct_000943,acct_000943_owner,signup,2024-08-23T20:02:00+00:00,2024-08-01,,"{""source"": ""simulation""}"
acct_000943,acct_000943_owner,first_invoice_created,2024-08-30T20:02:00+00:00,2024-08-01,,"{""source"": ""simulation""}"
acct_000943,acct_000943_owner,first_payment_received,2024-08-30T20:02:00+00:00,2024-08-01,,"{""source"": ""simulation""}"
acct_000944,acct_000944_owner,signup,2024-03-02T12:49:00+00:00,2024-03-01,,"{""source"": ""simulation""}"
acct_000944,acct_000944_owner,first_invoice_created,2024-03-05T12:49:00+00:00,2024-03-01,,"{""source"": ""simulation""}"
acct_000944,acct_000944_owner,first_payment_received,2024-03-11T12:49:00+00:00,2024-03-01,,"{""source"": ""simulation""}"
acct_000944,acct_000944_owner,app_integration_connected,2024-03-22T12:49:00+00:00,2024-03-01,,"{""source"": ""simulation""}"
acct_000944,acct_000944_owner,feature_activated,2024-03-29T12:49:00+00:00,2024-03-01,bank_feed_sync,"{""source"": ""simulation""}"
acct_000944,acct_000944_owner,plan_upgrade,2024-06-09T12:49:00+00:00,2024-06-01,,"{""source"": ""simulation""}"
acct_000945,acct_000945_owner,signup,2024-09-16T10:12:00+00:00,2024-09-01,,"{""source"": ""simulation""}"
acct_000946,acct_000946_owner,signup,2024-01-04T20:45:00+00:00,2024-01-01,,"{""source"": ""simulation""}"
acct_000946,acct_000946_owner,first_invoice_created,2024-01-13T20:45:00+00:00,2024-01-01,,"{""source"": ""simulation""}"
acct_000946,acct_000946_owner,first_payment_received,2024-01-20T20:45:00+00:00,2024-01-01,,"{""source"": ""simulation""}"
acct_000947,acct_000947_owner,signup,2024-08-08T19:02:00+00:00,2024-08-01,,"{""source"": ""simulation""}"
acct_000947,acct_000947_owner,first_invoice_created,2024-08-18T19:02:00+00:00,2024-08-01,,"{""source"": ""simulation""}"
acct_000947,acct_000947_owner,first_payment_received,2024-08-20T19:02:00+00:00,2024-08-01,,"{""source"": ""simulation""}"
acct_000948,acct_000948_owner,signup,2024-02-17T18:13:00+00:00,2024-02-01,,"{""source"": ""simulation""}"
acct_000948,acct_000948_owner,first_invoice_created,2024-02-23T18:13:00+00:00,2024-02-01,,"{""source"": ""simulation""}"
acct_000948,acct_000948_owner,first_payment_received,2024-02-24T18:13:00+00:00,2024-02-01,,"{""source"": ""simulation""}"
acct_000948,acct_000948_owner,app_integration_connected,2024-03-05T18:13:00+00:00,2024-03-01,,"{""source"": ""simulation""}"
acct_000949,acct_000949_owner,signup,2024-05-11T10:40:00+00:00,2024-05-01,,"{""source"": ""simulation""}"
acct_000949,acct_000949_owner,first_invoice_created,2024-05-19T10:40:00+00:00,2024-05-01,,"{""source"": ""simulation""}"
acct_000949,acct_000949_owner,first_payment_received,2024-05-27T10:40:00+00:00,2024-05-01,,"{""source"": ""simulation""}"
acct_000949,acct_000949_owner,app_integration_connected,2024-06-02T10:40:00+00:00,2024-06-01,,"{""source"": ""simulation""}"
acct_000950,acct_000950_owner,signup,2024-05-16T18:19:00+00:00,2024-05-01,,"{""source"": ""simulation""}"
acct_000951,acct_000951_owner,signup,2024-01-22T11:07:00+00:00,2024-01-01,,"{""source"": ""simulation""}"
acct_000951,acct_000951_owner,first_invoice_created,2024-01-24T11:07:00+00:00,2024-01-01,,"{""source"": ""simulation""}"
acct_000951,acct_000951_owner,first_payment_received,2024-01-29T11:07:00+00:00,2024-01-01,,"{""source"": ""simulation""}"
acct_000951,acct_000951_owner,app_integration_connected,2024-02-09T11:07:00+00:00,2024-02-01,,"{""source"": ""simulation""}"
acct_000951,acct_000951_owner,feature_activated,2024-03-06T11:07:00+00:00,2024-03-01,bank_feed_sync,"{""source"": ""simulation""}"
acct_000951,acct_000951_owner,plan_upgrade,2024-04-03T11:07:00+00:00,2024-04-01,,"{""source"": ""simulation""}"
acct_000952,acct_000952_owner,signup,2024-06-01T10:50:00+00:00,2024-06-01,,"{""source"": ""simulation""}"
acct_000952,acct_000952_owner,first_invoice_created,2024-06-10T10:50:00+00:00,2024-06-01,,"{""source"": ""simulation""}"
acct_000952,acct_000952_owner,first_payment_received,2024-06-13T10:50:00+00:00,2024-06-01,,"{""source"": ""simulation""}"
acct_000953,acct_000953_owner,signup,2024-07-08T08:02:00+00:00,2024-07-01,,"{""source"": ""simulation""}"
acct_000953,acct_000953_owner,first_invoice_created,2024-07-15T08:02:00+00:00,2024-07-01,,"{""source"": ""simulation""}"
acct_000953,acct_000953_owner,first_payment_received,2024-07-17T08:02:00+00:00,2024-07-01,,"{""source"": ""simulation""}"
acct_000953,acct_000953_owner,app_integration_connected,2024-08-02T08:02:00+00:00,2024-08-01,,"{""source"": ""simulation""}"
acct_000953,acct_000953_owner,feature_activated,2024-08-11T08:02:00+00:00,2024-08-01,bank_feed_sync,"{""source"": ""simulation""}"
acct_000953,acct_000953_owner,plan_upgrade,2024-08-18T08:02:00+00:00,2024-08-01,,"{""source"": ""simulation""}"
acct_000954,acct_000954_owner,signup,2024-06-25T09:15:00+00:00,2024-06-01,,"{""source"": ""simulation""}"
acct_000954,acct_000954_owner,first_invoice_created,2024-06-27T09:15:00+00:00,2024-06-01,,"{""source"": ""simulation""}"
acct_000954,acct_000954_owner,first_payment_received,2024-07-01T09:15:00+00:00,2024-07-01,,"{""source"": ""simulation""}"
acct_000955,acct_000955_owner,signup,2024-02-22T17:21:00+00:00,2024-02-01,,"{""source"": ""simulation""}"
acct_000956,acct_000956_owner,signup,2024-06-21T10:44:00+00:00,2024-06-01,,"{""source"": ""simulation""}"
acct_000956,acct_000956_owner,first_invoice_created,2024-06-29T10:44:00+00:00,2024-06-01,,"{""source"": ""simulation""}"
acct_000956,acct_000956_owner,first_payment_received,2024-07-01T10:44:00+00:00,2024-07-01,,"{""source"": ""simulation""}"
acct_000956,acct_000956_owner,app_integration_connected,2024-07-07T10:44:00+00:00,2024-07-01,,"{""source"": ""simulation""}"
acct_000956,acct_000956_owner,feature_activated,2024-07-30T10:44:00+00:00,2024-07-01,bank_feed_sync,"{""source"": ""simulation""}"
acct_000957,acct_000957_owner,signup,2024-08-08T13:35:00+00:00,2024-08-01,,"{""source"": ""simulation""}"
acct_000957,acct_000957_owner,first_invoice_created,2024-08-12T13:35:00+00:00,2024-08-01,,"{""source"": ""simulation""}"
acct_000957,acct_000957_owner,first_payment_received,2024-08-12T13:35:00+00:00,2024-08-01,,"{""source"": ""simulation""}"
acct_000957,acct_000957_owner,app_integration_connected,2024-08-18T13:35:00+00:00,2024-08-01,,"{""source"": ""simulation""}"
acct_000958,acct_000958_owner,signup,2024-04-01T19:24:00+00:00,2024-04-01,,"{""source"": ""simulation""}"
acct_000958,acct_000958_owner,first_invoice_created,2024-04-09T19:24:00+00:00,2024-04-01,,"{""source"": ""simulation""}"
acct_000959,acct_000959_owner,signup,2024-05-02T15:45:00+00:00,2024-05-01,,"{""source"": ""simulation""}"
acct_000959,acct_000959_owner,first_invoice_created,2024-05-04T15:45:00+00:00,2024-05-01,,"{""source"": ""simulation""}"
acct_000959,acct_000959_owner,first_payment_received,2024-05-06T15:45:00+00:00,2024-05-01,,"{""source"": ""simulation""}"
acct_000959,acct_000959_owner,app_integration_connected,2024-05-17T15:45:00+00:00,2024-05-01,,"{""source"": ""simulation""}"
acct_000959,acct_000959_owner,feature_activated,2024-05-29T15:45:00+00:00,2024-05-01,bank_feed_sync,"{""source"": ""simulation""}"
acct_000960,acct_000960_owner,signup,2024-09-23T15:12:00+00:00,2024-09-01,,"{""source"": ""simulation""}"
acct_000960,acct_000960_owner,first_invoice_created,2024-09-28T15:12:00+00:00,2024-09-01,,"{""source"": ""simulation""}"
acct_000960,acct_000960_owner,first_payment_received,2024-09-28T15:12:00+00:00,2024-09-01,,"{""source"": ""simulation""}"
acct_000960,acct_000960_owner,app_integration_connected,2024-10-02T15:12:00+00:00,2024-10-01,,"{""source"": ""simulation""}"
acct_000960,acct_000960_owner,feature_activated,2024-10-14T15:12:00+00:00,2024-10-01,bank_feed_sync,"{""source"": ""simulation""}"
acct_000961,acct_000961_owner,signup,2024-06-24T15:17:00+00:00,2024-06-01,,"{""source"": ""simulation""}"
acct_000961,acct_000961_owner,first_invoice_created,2024-06-25T15:17:00+00:00,2024-06-01,,"{""source"": ""simulation""}"
acct_000962,acct_000962_owner,signup,2024-09-05T15:18:00+00:00,2024-09-01,,"{""source"": ""simulation""}"
acct_000963,acct_000963_owner,signup,2024-08-01T20:40:00+00:00,2024-08-01,,"{""source"": ""simulation""}"
acct_000963,acct_000963_owner,first_invoice_created,2024-08-04T20:40:00+00:00,2024-08-01,,"{""source"": ""simulation""}"
acct_000963,acct_000963_owner,first_payment_received,2024-08-04T20:40:00+00:00,2024-08-01,,"{""source"": ""simulation""}"
acct_000963,acct_000963_owner,app_integration_connected,2024-08-17T20:40:00+00:00,2024-08-01,,"{""source"": ""simulation""}"
acct_000964,acct_000964_owner,signup,2024-01-20T13:49:00+00:00,2024-01-01,,"{""source"": ""simulation""}"
acct_000965,acct_000965_owner,signup,2024-02-22T16:52:00+00:00,2024-02-01,,"{""source"": ""simulation""}"
acct_000965,acct_000965_owner,first_invoice_created,2024-02-28T16:52:00+00:00,2024-02-01,,"{""source"": ""simulation""}"
acct_000965,acct_000965_owner,first_payment_received,2024-03-04T16:52:00+00:00,2024-03-01,,"{""source"": ""simulation""}"
acct_000965,acct_000965_owner,app_integration_connected,2024-03-23T16:52:00+00:00,2024-03-01,,"{""source"": ""simulation""}"
acct_000966,acct_000966_owner,signup,2024-09-22T15:49:00+00:00,2024-09-01,,"{""source"": ""simulation""}"
acct_000967,acct_000967_owner,signup,2024-06-14T18:20:00+00:00,2024-06-01,,"{""source"": ""simulation""}"
acct_000967,acct_000967_owner,first_invoice_created,2024-06-15T18:20:00+00:00,2024-06-01,,"{""source"": ""simulation""}"
acct_000967,acct_000967_owner,first_payment_received,2024-06-23T18:20:00+00:00,2024-06-01,,"{""source"": ""simulation""}"
acct_000968,acct_000968_owner,signup,2024-09-22T09:02:00+00:00,2024-09-01,,"{""source"": ""simulation""}"
acct_000968,acct_000968_owner,first_invoice_created,2024-09-25T09:02:00+00:00,2024-09-01,,"{""source"": ""simulation""}"
acct_000968,acct_000968_owner,first_payment_received,2024-09-27T09:02:00+00:00,2024-09-01,,"{""source"": ""simulation""}"
acct_000968,acct_000968_owner,app_integration_connected,2024-10-16T09:02:00+00:00,2024-10-01,,"{""source"": ""simulation""}"
acct_000968,acct_000968_owner,feature_activated,2024-11-10T09:02:00+00:00,2024-11-01,bank_feed_sync,"{""source"": ""simulation""}"
acct_000969,acct_000969_owner,signup,2024-01-07T09:31:00+00:00,2024-01-01,,"{""source"": ""simulation""}"
acct_000969,acct_000969_owner,first_invoice_created,2024-01-15T09:31:00+00:00,2024-01-01,,"{""source"": ""simulation""}"
acct_000969,acct_000969_owner,first_payment_received,2024-01-15T09:31:00+00:00,2024-01-01,,"{""source"": ""simulation""}"
acct_000970,acct_000970_owner,signup,2024-01-19T18:53:00+00:00,2024-01-01,,"{""source"": ""simulation""}"
acct_000970,acct_000970_owner,first_invoice_created,2024-01-20T18:53:00+00:00,2024-01-01,,"{""source"": ""simulation""}"
acct_000970,acct_000970_owner,first_payment_received,2024-01-25T18:53:00+00:00,2024-01-01,,"{""source"": ""simulation""}"
acct_000970,acct_000970_owner,app_integration_connected,2024-02-06T18:53:00+00:00,2024-02-01,,"{""source"": ""simulation""}"
acct_000970,acct_000970_owner,feature_activated,2024-02-13T18:53:00+00:00,2024-02-01,bank_feed_sync,"{""source"": ""simulation""}"
acct_000970,acct_000970_owner,plan_upgrade,2024-03-11T18:53:00+00:00,2024-03-01,,"{""source"": ""simulation""}"
acct_000971,acct_000971_owner,signup,2024-09-20T19:37:00+00:00,2024-09-01,,"{""source"": ""simulation""}"
acct_000971,acct_000971_owner,first_invoice_created,2024-09-24T19:37:00+00:00,2024-09-01,,"{""source"": ""simulation""}"
acct_000971,acct_000971_owner,first_payment_received,2024-09-28T19:37:00+00:00,2024-09-01,,"{""source"": ""simulation""}"
acct_000971,acct_000971_owner,app_integration_connected,2024-10-04T19:37:00+00:00,2024-10-01,,"{""source"": ""simulation""}"
acct_000971,acct_000971_owner,feature_activated,2024-10-05T19:37:00+00:00,2024-10-01,bank_feed_sync,"{""source"": ""simulation""}"
acct_000972,acct_000972_owner,signup,2024-06-08T17:45:00+00:00,2024-06-01,,"{""source"": ""simulation""}"
acct_000972,acct_000972_owner,first_invoice_created,2024-06-16T17:45:00+00:00,2024-06-01,,"{""source"": ""simulation""}"
acct_000972,acct_000972_owner,first_payment_received,2024-06-16T17:45:00+00:00,2024-06-01,,"{""source"": ""simulation""}"
acct_000972,acct_000972_owner,app_integration_connected,2024-07-04T17:45:00+00:00,2024-07-01,,"{""source"": ""simulation""}"
acct_000973,acct_000973_owner,signup,2024-04-21T15:59:00+00:00,2024-04-01,,"{""source"": ""simulation""}"
acct_000973,acct_000973_owner,first_invoice_created,2024-04-23T15:59:00+00:00,2024-04-01,,"{""source"": ""simulation""}"
acct_000974,acct_000974_owner,signup,2024-01-12T16:47:00+00:00,2024-01-01,,"{""source"": ""simulation""}"
acct_000974,acct_000974_owner,first_invoice_created,2024-01-21T16:47:00+00:00,2024-01-01,,"{""source"": ""simulation""}"
acct_000974,acct_000974_owner,first_payment_received,2024-01-29T16:47:00+00:00,2024-01-01,,"{""source"": ""simulation""}"
acct_000974,acct_000974_owner,app_integration_connected,2024-01-31T16:47:00+00:00,2024-01-01,,"{""source"": ""simulation""}"
acct_000974,acct_000974_owner,feature_activated,2024-02-19T16:47:00+00:00,2024-02-01,bank_feed_sync,"{""source"": ""simulation""}"
acct_000974,acct_000974_owner,plan_upgrade,2024-04-21T16:47:00+00:00,2024-04-01,,"{""source"": ""simulation""}"
acct_000975,acct_000975_owner,signup,2024-01-20T12:33:00+00:00,2024-01-01,,"{""source"": ""simulation""}"
acct_000975,acct_000975_owner,first_invoice_created,2024-01-29T12:33:00+00:00,2024-01-01,,"{""source"": ""simulation""}"
acct_000975,acct_000975_owner,first_payment_received,2024-02-01T12:33:00+00:00,2024-02-01,,"{""source"": ""simulation""}"
acct_000975,acct_000975_owner,app_integration_connected,2024-02-18T12:33:00+00:00,2024-02-01,,"{""source"": ""simulation""}"
acct_000975,acct_000975_owner,feature_activated,2024-03-19T12:33:00+00:00,2024-03-01,bank_feed_sync,"{""source"": ""simulation""}"
acct_000975,acct_000975_owner,plan_upgrade,2024-04-23T12:33:00+00:00,2024-04-01,,"{""source"": ""simulation""}"
acct_000976,acct_000976_owner,signup,2024-05-03T11:33:00+00:00,2024-05-01,,"{""source"": ""simulation""}"
acct_000976,acct_000976_owner,first_invoice_created,2024-05-08T11:33:00+00:00,2024-05-01,,"{""source"": ""simulation""}"
acct_000976,acct_000976_owner,first_payment_received,2024-05-09T11:33:00+00:00,2024-05-01,,"{""source"": ""simulation""}"
acct_000976,acct_000976_owner,app_integration_connected,2024-05-23T11:33:00+00:00,2024-05-01,,"{""source"": ""simulation""}"
acct_000977,acct_000977_owner,signup,2024-04-18T14:12:00+00:00,2024-04-01,,"{""source"": ""simulation""}"
acct_000977,acct_000977_owner,first_invoice_created,2024-04-25T14:12:00+00:00,2024-04-01,,"{""source"": ""simulation""}"
acct_000977,acct_000977_owner,first_payment_received,2024-04-25T14:12:00+00:00,2024-04-01,,"{""source"": ""simulation""}"
acct_000978,acct_000978_owner,signup,2024-03-18T19:35:00+00:00,2024-03-01,,"{""source"": ""simulation""}"
acct_000978,acct_000978_owner,first_invoice_created,2024-03-25T19:35:00+00:00,2024-03-01,,"{""source"": ""simulation""}"
acct_000978,acct_000978_owner,first_payment_received,2024-03-26T19:35:00+00:00,2024-03-01,,"{""source"": ""simulation""}"
acct_000978,acct_000978_owner,app_integration_connected,2024-04-03T19:35:00+00:00,2024-04-01,,"{""source"": ""simulation""}"
acct_000978,acct_000978_owner,plan_upgrade,2024-05-03T19:35:00+00:00,2024-05-01,,"{""source"": ""simulation""}"
acct_000979,acct_000979_owner,signup,2024-06-22T15:44:00+00:00,2024-06-01,,"{""source"": ""simulation""}"
acct_000979,acct_000979_owner,first_invoice_created,2024-06-28T15:44:00+00:00,2024-06-01,,"{""source"": ""simulation""}"
acct_000979,acct_000979_owner,first_payment_received,2024-06-29T15:44:00+00:00,2024-06-01,,"{""source"": ""simulation""}"
acct_000979,acct_000979_owner,app_integration_connected,2024-07-06T15:44:00+00:00,2024-07-01,,"{""source"": ""simulation""}"
acct_000979,acct_000979_owner,plan_upgrade,2024-08-20T15:44:00+00:00,2024-08-01,,"{""source"": ""simulation""}"
acct_000980,acct_000980_owner,signup,2024-03-06T16:25:00+00:00,2024-03-01,,"{""source"": ""simulation""}"
acct_000980,acct_000980_owner,first_invoice_created,2024-03-09T16:25:00+00:00,2024-03-01,,"{""source"": ""simulation""}"
acct_000980,acct_000980_owner,first_payment_received,2024-03-12T16:25:00+00:00,2024-03-01,,"{""source"": ""simulation""}"
acct_000980,acct_000980_owner,app_integration_connected,2024-04-01T16:25:00+00:00,2024-04-01,,"{""source"": ""simulation""}"
acct_000980,acct_000980_owner,feature_activated,2024-04-24T16:25:00+00:00,2024-04-01,bank_feed_sync,"{""source"": ""simulation""}"
acct_000980,acct_000980_owner,plan_upgrade,2024-06-10T16:25:00+00:00,2024-06-01,,"{""source"": ""simulation""}"
acct_000981,acct_000981_owner,signup,2024-09-20T15:59:00+00:00,2024-09-01,,"{""source"": ""simulation""}"
acct_000981,acct_000981_owner,first_invoice_created,2024-09-26T15:59:00+00:00,2024-09-01,,"{""source"": ""simulation""}"
acct_000981,acct_000981_owner,first_payment_received,2024-09-28T15:59:00+00:00,2024-09-01,,"{""source"": ""simulation""}"
acct_000981,acct_000981_owner,app_integration_connected,2024-10-03T15:59:00+00:00,2024-10-01,,"{""source"": ""simulation""}"
acct_000981,acct_000981_owner,feature_activated,2024-10-21T15:59:00+00:00,2024-10-01,bank_feed_sync,"{""source"": ""simulation""}"
acct_000982,acct_000982_owner,signup,2024-09-11T13:26:00+00:00,2024-09-01,,"{""source"": ""simulation""}"
acct_000982,acct_000982_owner,first_invoice_created,2024-09-19T13:26:00+00:00,2024-09-01,,"{""source"": ""simulation""}"
acct_000983,acct_000983_owner,signup,2024-04-19T16:13:00+00:00,2024-04-01,,"{""source"": ""simulation""}"
acct_000984,acct_000984_owner,signup,2024-06-15T15:25:00+00:00,2024-06-01,,"{""source"": ""simulation""}"
acct_000984,acct_000984_owner,first_invoice_created,2024-06-19T15:25:00+00:00,2024-06-01,,"{""source"": ""simulation""}"
acct_000985,acct_000985_owner,signup,2024-05-20T08:33:00+00:00,2024-05-01,,"{""source"": ""simulation""}"
acct_000985,acct_000985_owner,first_invoice_created,2024-05-27T08:33:00+00:00,2024-05-01,,"{""source"": ""simulation""}"
acct_000985,acct_000985_owner,first_payment_received,2024-06-03T08:33:00+00:00,2024-06-01,,"{""source"": ""simulation""}"
acct_000986,acct_000986_owner,signup,2024-01-10T11:13:00+00:00,2024-01-01,,"{""source"": ""simulation""}"
acct_000986,acct_000986_owner,first_invoice_created,2024-01-19T11:13:00+00:00,2024-01-01,,"{""source"": ""simulation""}"
acct_000986,acct_000986_owner,first_payment_received,2024-01-20T11:13:00+00:00,2024-01-01,,"{""source"": ""simulation""}"
acct_000986,acct_000986_owner,app_integration_connected,2024-01-24T11:13:00+00:00,2024-01-01,,"{""source"": ""simulation""}"
acct_000986,acct_000986_owner,feature_activated,2024-01-28T11:13:00+00:00,2024-01-01,bank_feed_sync,"{""source"": ""simulation""}"
acct_000987,acct_000987_owner,signup,2024-05-18T16:35:00+00:00,2024-05-01,,"{""source"": ""simulation""}"
acct_000987,acct_000987_owner,first_invoice_created,2024-05-23T16:35:00+00:00,2024-05-01,,"{""source"": ""simulation""}"
acct_000987,acct_000987_owner,first_payment_received,2024-05-30T16:35:00+00:00,2024-05-01,,"{""source"": ""simulation""}"
acct_000987,acct_000987_owner,app_integration_connected,2024-06-04T16:35:00+00:00,2024-06-01,,"{""source"": ""simulation""}"
acct_000987,acct_000987_owner,feature_activated,2024-06-29T16:35:00+00:00,2024-06-01,bank_feed_sync,"{""source"": ""simulation""}"
acct_000988,acct_000988_owner,signup,2024-01-15T13:09:00+00:00,2024-01-01,,"{""source"": ""simulation""}"
acct_000988,acct_000988_owner,first_invoice_created,2024-01-22T13:09:00+00:00,2024-01-01,,"{""source"": ""simulation""}"
acct_000988,acct_000988_owner,first_payment_received,2024-01-23T13:09:00+00:00,2024-01-01,,"{""source"": ""simulation""}"
acct_000988,acct_000988_owner,app_integration_connected,2024-02-04T13:09:00+00:00,2024-02-01,,"{""source"": ""simulation""}"
acct_000988,acct_000988_owner,feature_activated,2024-03-04T13:09:00+00:00,2024-03-01,bank_feed_sync,"{""source"": ""simulation""}"
acct_000989,acct_000989_owner,signup,2024-06-19T11:14:00+00:00,2024-06-01,,"{""source"": ""simulation""}"
acct_000989,acct_000989_owner,first_invoice_created,2024-06-27T11:14:00+00:00,2024-06-01,,"{""source"": ""simulation""}"
acct_000989,acct_000989_owner,first_payment_received,2024-07-03T11:14:00+00:00,2024-07-01,,"{""source"": ""simulation""}"
acct_000989,acct_000989_owner,app_integration_connected,2024-07-04T11:14:00+00:00,2024-07-01,,"{""source"": ""simulation""}"
acct_000989,acct_000989_owner,feature_activated,2024-07-11T11:14:00+00:00,2024-07-01,bank_feed_sync,"{""source"": ""simulation""}"
acct_000989,acct_000989_owner,plan_upgrade,2024-07-29T11:14:00+00:00,2024-07-01,,"{""source"": ""simulation""}"
acct_000990,acct_000990_owner,signup,2024-02-19T14:36:00+00:00,2024-02-01,,"{""source"": ""simulation""}"
acct_000990,acct_000990_owner,first_invoice_created,2024-02-29T14:36:00+00:00,2024-02-01,,"{""source"": ""simulation""}"
acct_000990,acct_000990_owner,first_payment_received,2024-02-29T14:36:00+00:00,2024-02-01,,"{""source"": ""simulation""}"
acct_000990,acct_000990_owner,app_integration_connected,2024-03-14T14:36:00+00:00,2024-03-01,,"{""source"": ""simulation""}"
acct_000990,acct_000990_owner,feature_activated,2024-03-22T14:36:00+00:00,2024-03-01,bank_feed_sync,"{""source"": ""simulation""}"
acct_000991,acct_000991_owner,signup,2024-06-16T10:31:00+00:00,2024-06-01,,"{""source"": ""simulation""}"
acct_000991,acct_000991_owner,first_invoice_created,2024-06-23T10:31:00+00:00,2024-06-01,,"{""source"": ""simulation""}"
acct_000992,acct_000992_owner,signup,2024-01-24T20:36:00+00:00,2024-01-01,,"{""source"": ""simulation""}"
acct_000992,acct_000992_owner,first_invoice_created,2024-02-03T20:36:00+00:00,2024-02-01,,"{""source"": ""simulation""}"
acct_000992,acct_000992_owner,first_payment_received,2024-02-07T20:36:00+00:00,2024-02-01,,"{""source"": ""simulation""}"
acct_000992,acct_000992_owner,app_integration_connected,2024-02-13T20:36:00+00:00,2024-02-01,,"{""source"": ""simulation""}"
acct_000993,acct_000993_owner,signup,2024-01-25T13:22:00+00:00,2024-01-01,,"{""source"": ""simulation""}"
acct_000993,acct_000993_owner,first_invoice_created,2024-02-03T13:22:00+00:00,2024-02-01,,"{""source"": ""simulation""}"
acct_000993,acct_000993_owner,first_payment_received,2024-02-09T13:22:00+00:00,2024-02-01,,"{""source"": ""simulation""}"
acct_000993,acct_000993_owner,app_integration_connected,2024-02-22T13:22:00+00:00,2024-02-01,,"{""source"": ""simulation""}"
acct_000993,acct_000993_owner,feature_activated,2024-03-15T13:22:00+00:00,2024-03-01,bank_feed_sync,"{""source"": ""simulation""}"
acct_000994,acct_000994_owner,signup,2024-02-25T11:47:00+00:00,2024-02-01,,"{""source"": ""simulation""}"
acct_000995,acct_000995_owner,signup,2024-01-10T16:02:00+00:00,2024-01-01,,"{""source"": ""simulation""}"
acct_000996,acct_000996_owner,signup,2024-06-17T19:14:00+00:00,2024-06-01,,"{""source"": ""simulation""}"
acct_000996,acct_000996_owner,first_invoice_created,2024-06-22T19:14:00+00:00,2024-06-01,,"{""source"": ""simulation""}"
acct_000997,acct_000997_owner,signup,2024-07-15T20:38:00+00:00,2024-07-01,,"{""source"": ""simulation""}"
acct_000997,acct_000997_owner,first_invoice_created,2024-07-24T20:38:00+00:00,2024-07-01,,"{""source"": ""simulation""}"
acct_000997,acct_000997_owner,first_payment_received,2024-07-31T20:38:00+00:00,2024-07-01,,"{""source"": ""simulation""}"
acct_000998,acct_000998_owner,signup,2024-07-10T20:25:00+00:00,2024-07-01,,"{""source"": ""simulation""}"
acct_000999,acct_000999_owner,signup,2024-06-03T15:36:00+00:00,2024-06-01,,"{""source"": ""simulation""}"
acct_000999,acct_000999_owner,first_invoice_created,2024-06-08T15:36:00+00:00,2024-06-01,,"{""source"": ""simulation""}"
acct_000999,acct_000999_owner,first_payment_received,2024-06-11T15:36:00+00:00,2024-06-01,,"{""source"": ""simulation""}"
acct_000999,acct_000999_owner,app_integration_connected,2024-06-23T15:36:00+00:00,2024-06-01,,"{""source"": ""simulation""}"
acct_000999,acct_000999_owner,feature_activated,2024-07-19T15:36:00+00:00,2024-07-01,bank_feed_sync,"{""source"": ""simulation""}"
acct_001000,acct_001000_owner,signup,2024-05-03T14:32:00+00:00,2024-05-01,,"{""source"": ""simulation""}"
acct_001000,acct_001000_owner,first_invoice_created,2024-05-13T14:32:00+00:00,2024-05-01,,"{""source"": ""simulation""}"
acct_001000,acct_001000_owner,first_payment_received,2024-05-13T14:32:00+00:00,2024-05-01,,"{""source"": ""simulation""}"
acct_001000,acct_001000_owner,app_integration_connected,2024-05-16T14:32:00+00:00,2024-05-01,,"{""source"": ""simulation""}"
acct_001000,acct_001000_owner,plan_upgrade,2024-06-05T14:32:00+00:00,2024-06-01,,"{""source"": ""simulation""}"
acct_001000,acct_001000_owner,feature_activated,2024-06-08T14:32:00+00:00,2024-06-01,bank_feed_sync,"{""source"": ""simulation""}"
acct_001001,acct_001001_owner,signup,2024-03-16T16:12:00+00:00,2024-03-01,,"{""source"": ""simulation""}"
acct_001001,acct_001001_owner,first_invoice_created,2024-03-21T16:12:00+00:00,2024-03-01,,"{""source"": ""simulation""}"
acct_001001,acct_001001_owner,first_payment_received,2024-03-23T16:12:00+00:00,2024-03-01,,"{""source"": ""simulation""}"
acct_001001,acct_001001_owner,app_integration_connected,2024-03-26T16:12:00+00:00,2024-03-01,,"{""source"": ""simulation""}"
acct_001001,acct_001001_owner,feature_activated,2024-03-29T16:12:00+00:00,2024-03-01,bank_feed_sync,"{""source"": ""simulation""}"
acct_001002,acct_001002_owner,signup,2024-04-18T17:47:00+00:00,2024-04-01,,"{""source"": ""simulation""}"
acct_001002,acct_001002_owner,first_invoice_created,2024-04-28T17:47:00+00:00,2024-04-01,,"{""source"": ""simulation""}"
acct_001002,acct_001002_owner,first_payment_received,2024-05-04T17:47:00+00:00,2024-05-01,,"{""source"": ""simulation""}"
acct_001003,acct_001003_owner,signup,2024-02-09T20:27:00+00:00,2024-02-01,,"{""source"": ""simulation""}"
acct_001004,acct_001004_owner,signup,2024-02-22T14:27:00+00:00,2024-02-01,,"{""source"": ""simulation""}"
acct_001005,acct_001005_owner,signup,2024-04-11T13:38:00+00:00,2024-04-01,,"{""source"": ""simulation""}"
acct_001005,acct_001005_owner,first_invoice_created,2024-04-14T13:38:00+00:00,2024-04-01,,"{""source"": ""simulation""}"
acct_001005,acct_001005_owner,first_payment_received,2024-04-21T13:38:00+00:00,2024-04-01,,"{""source"": ""simulation""}"
acct_001005,acct_001005_owner,app_integration_connected,2024-04-26T13:38:00+00:00,2024-04-01,,"{""source"": ""simulation""}"
acct_001005,acct_001005_owner,feature_activated,2024-05-19T13:38:00+00:00,2024-05-01,bank_feed_sync,"{""source"": ""simulation""}"
acct_001006,acct_001006_owner,signup,2024-03-12T17:52:00+00:00,2024-03-01,,"{""source"": ""simulation""}"
acct_001007,acct_001007_owner,signup,2024-08-02T11:12:00+00:00,2024-08-01,,"{""source"": ""simulation""}"
acct_001007,acct_001007_owner,first_invoice_created,2024-08-11T11:12:00+00:00,2024-08-01,,"{""source"": ""simulation""}"
acct_001007,acct_001007_owner,first_payment_received,2024-08-11T11:12:00+00:00,2024-08-01,,"{""source"": ""simulation""}"
acct_001007,acct_001007_owner,app_integration_connected,2024-08-30T11:12:00+00:00,2024-08-01,,"{""source"": ""simulation""}"
acct_001008,acct_001008_owner,signup,2024-02-04T19:03:00+00:00,2024-02-01,,"{""source"": ""simulation""}"
acct_001008,acct_001008_owner,first_invoice_created,2024-02-09T19:03:00+00:00,2024-02-01,,"{""source"": ""simulation""}"
acct_001009,acct_001009_owner,signup,2024-05-01T13:44:00+00:00,2024-05-01,,"{""source"": ""simulation""}"
acct_001009,acct_001009_owner,first_invoice_created,2024-05-02T13:44:00+00:00,2024-05-01,,"{""source"": ""simulation""}"
acct_001009,acct_001009_owner,first_payment_received,2024-05-10T13:44:00+00:00,2024-05-01,,"{""source"": ""simulation""}"
acct_001010,acct_001010_owner,signup,2024-08-16T08:21:00+00:00,2024-08-01,,"{""source"": ""simulation""}"
acct_001011,acct_001011_owner,signup,2024-04-18T16:48:00+00:00,2024-04-01,,"{""source"": ""simulation""}"
acct_001011,acct_001011_owner,first_invoice_created,2024-04-26T16:48:00+00:00,2024-04-01,,"{""source"": ""simulation""}"
acct_001011,acct_001011_owner,first_payment_received,2024-04-28T16:48:00+00:00,2024-04-01,,"{""source"": ""simulation""}"
acct_001012,acct_001012_owner,signup,2024-03-23T19:42:00+00:00,2024-03-01,,"{""source"": ""simulation""}"
acct_001012,acct_001012_owner,first_invoice_created,2024-04-02T19:42:00+00:00,2024-04-01,,"{""source"": ""simulation""}"
acct_001013,acct_001013_owner,signup,2024-09-02T12:10:00+00:00,2024-09-01,,"{""source"": ""simulation""}"
acct_001013,acct_001013_owner,first_invoice_created,2024-09-05T12:10:00+00:00,2024-09-01,,"{""source"": ""simulation""}"
acct_001013,acct_001013_owner,first_payment_received,2024-09-07T12:10:00+00:00,2024-09-01,,"{""source"": ""simulation""}"
acct_001013,acct_001013_owner,app_integration_connected,2024-09-18T12:10:00+00:00,2024-09-01,,"{""source"": ""simulation""}"
acct_001013,acct_001013_owner,feature_activated,2024-10-04T12:10:00+00:00,2024-10-01,bank_feed_sync,"{""source"": ""simulation""}"
acct_001014,acct_001014_owner,signup,2024-04-23T17:17:00+00:00,2024-04-01,,"{""source"": ""simulation""}"
acct_001015,acct_001015_owner,signup,2024-01-03T14:42:00+00:00,2024-01-01,,"{""source"": ""simulation""}"
acct_001016,acct_001016_owner,signup,2024-02-01T12:55:00+00:00,2024-02-01,,"{""source"": ""simulation""}"
acct_001017,acct_001017_owner,signup,2024-07-17T19:06:00+00:00,2024-07-01,,"{""source"": ""simulation""}"
acct_001017,acct_001017_owner,first_invoice_created,2024-07-18T19:06:00+00:00,2024-07-01,,"{""source"": ""simulation""}"
acct_001017,acct_001017_owner,first_payment_received,2024-07-23T19:06:00+00:00,2024-07-01,,"{""source"": ""simulation""}"
acct_001017,acct_001017_owner,app_integration_connected,2024-08-04T19:06:00+00:00,2024-08-01,,"{""source"": ""simulation""}"
acct_001018,acct_001018_owner,signup,2024-09-03T10:12:00+00:00,2024-09-01,,"{""source"": ""simulation""}"
acct_001019,acct_001019_owner,signup,2024-01-08T16:19:00+00:00,2024-01-01,,"{""source"": ""simulation""}"
acct_001020,acct_001020_owner,signup,2024-07-24T10:01:00+00:00,2024-07-01,,"{""source"": ""simulation""}"
acct_001020,acct_001020_owner,first_invoice_created,2024-07-26T10:01:00+00:00,2024-07-01,,"{""source"": ""simulation""}"
acct_001020,acct_001020_owner,first_payment_received,2024-08-02T10:01:00+00:00,2024-08-01,,"{""source"": ""simulation""}"
acct_001021,acct_001021_owner,signup,2024-06-21T12:15:00+00:00,2024-06-01,,"{""source"": ""simulation""}"
acct_001022,acct_001022_owner,signup,2024-05-13T08:35:00+00:00,2024-05-01,,"{""source"": ""simulation""}"
acct_001022,acct_001022_owner,first_invoice_created,2024-05-22T08:35:00+00:00,2024-05-01,,"{""source"": ""simulation""}"
acct_001022,acct_001022_owner,first_payment_received,2024-05-30T08:35:00+00:00,2024-05-01,,"{""source"": ""simulation""}"
acct_001022,acct_001022_owner,app_integration_connected,2024-06-14T08:35:00+00:00,2024-06-01,,"{""source"": ""simulation""}"
acct_001023,acct_001023_owner,signup,2024-03-11T14:42:00+00:00,2024-03-01,,"{""source"": ""simulation""}"
acct_001023,acct_001023_owner,first_invoice_created,2024-03-21T14:42:00+00:00,2024-03-01,,"{""source"": ""simulation""}"
acct_001023,acct_001023_owner,first_payment_received,2024-03-24T14:42:00+00:00,2024-03-01,,"{""source"": ""simulation""}"
acct_001023,acct_001023_owner,app_integration_connected,2024-04-04T14:42:00+00:00,2024-04-01,,"{""source"": ""simulation""}"
acct_001024,acct_001024_owner,signup,2024-07-17T18:39:00+00:00,2024-07-01,,"{""source"": ""simulation""}"
acct_001024,acct_001024_owner,first_invoice_created,2024-07-24T18:39:00+00:00,2024-07-01,,"{""source"": ""simulation""}"
acct_001024,acct_001024_owner,first_payment_received,2024-07-25T18:39:00+00:00,2024-07-01,,"{""source"": ""simulation""}"
acct_001024,acct_001024_owner,app_integration_connected,2024-08-08T18:39:00+00:00,2024-08-01,,"{""source"": ""simulation""}"
acct_001024,acct_001024_owner,feature_activated,2024-08-20T18:39:00+00:00,2024-08-01,bank_feed_sync,"{""source"": ""simulation""}"
acct_001025,acct_001025_owner,signup,2024-04-19T10:27:00+00:00,2024-04-01,,"{""source"": ""simulation""}"
acct_001026,acct_001026_owner,signup,2024-08-18T10:13:00+00:00,2024-08-01,,"{""source"": ""simulation""}"
acct_001026,acct_001026_owner,first_invoice_created,2024-08-24T10:13:00+00:00,2024-08-01,,"{""source"": ""simulation""}"
acct_001026,acct_001026_owner,first_payment_received,2024-08-24T10:13:00+00:00,2024-08-01,,"{""source"": ""simulation""}"
acct_001027,acct_001027_owner,signup,2024-03-10T19:45:00+00:00,2024-03-01,,"{""source"": ""simulation""}"
acct_001027,acct_001027_owner,first_invoice_created,2024-03-16T19:45:00+00:00,2024-03-01,,"{""source"": ""simulation""}"
acct_001028,acct_001028_owner,signup,2024-03-21T17:58:00+00:00,2024-03-01,,"{""source"": ""simulation""}"
acct_001028,acct_001028_owner,first_invoice_created,2024-03-24T17:58:00+00:00,2024-03-01,,"{""source"": ""simulation""}"
acct_001028,acct_001028_owner,first_payment_received,2024-03-30T17:58:00+00:00,2024-03-01,,"{""source"": ""simulation""}"
acct_001029,acct_001029_owner,signup,2024-02-18T16:46:00+00:00,2024-02-01,,"{""source"": ""simulation""}"
acct_001029,acct_001029_owner,first_invoice_created,2024-02-23T16:46:00+00:00,2024-02-01,,"{""source"": ""simulation""}"
acct_001029,acct_001029_owner,first_payment_received,2024-02-28T16:46:00+00:00,2024-02-01,,"{""source"": ""simulation""}"
acct_001030,acct_001030_owner,signup,2024-06-05T19:01:00+00:00,2024-06-01,,"{""source"": ""simulation""}"
acct_001030,acct_001030_owner,first_invoice_created,2024-06-11T19:01:00+00:00,2024-06-01,,"{""source"": ""simulation""}"
acct_001030,acct_001030_owner,first_payment_received,2024-06-19T19:01:00+00:00,2024-06-01,,"{""source"": ""simulation""}"
acct_001030,acct_001030_owner,app_integration_connected,2024-07-04T19:01:00+00:00,2024-07-01,,"{""source"": ""simulation""}"
acct_001030,acct_001030_owner,feature_activated,2024-07-13T19:01:00+00:00,2024-07-01,bank_feed_sync,"{""source"": ""simulation""}"
acct_001031,acct_001031_owner,signup,2024-07-10T15:47:00+00:00,2024-07-01,,"{""source"": ""simulation""}"
acct_001031,acct_001031_owner,first_invoice_created,2024-07-15T15:47:00+00:00,2024-07-01,,"{""source"": ""simulation""}"
acct_001031,acct_001031_owner,first_payment_received,2024-07-20T15:47:00+00:00,2024-07-01,,"{""source"": ""simulation""}"
acct_001031,acct_001031_owner,app_integration_connected,2024-07-25T15:47:00+00:00,2024-07-01,,"{""source"": ""simulation""}"
acct_001031,acct_001031_owner,feature_activated,2024-08-24T15:47:00+00:00,2024-08-01,bank_feed_sync,"{""source"": ""simulation""}"
acct_001032,acct_001032_owner,signup,2024-04-04T10:11:00+00:00,2024-04-01,,"{""source"": ""simulation""}"
acct_001032,acct_001032_owner,first_invoice_created,2024-04-07T10:11:00+00:00,2024-04-01,,"{""source"": ""simulation""}"
acct_001033,acct_001033_owner,signup,2024-04-20T11:14:00+00:00,2024-04-01,,"{""source"": ""simulation""}"
acct_001033,acct_001033_owner,first_invoice_created,2024-04-27T11:14:00+00:00,2024-04-01,,"{""source"": ""simulation""}"
acct_001033,acct_001033_owner,first_payment_received,2024-05-01T11:14:00+00:00,2024-05-01,,"{""source"": ""simulation""}"
acct_001034,acct_001034_owner,signup,2024-02-23T20:30:00+00:00,2024-02-01,,"{""source"": ""simulation""}"
acct_001034,acct_001034_owner,first_invoice_created,2024-03-01T20:30:00+00:00,2024-03-01,,"{""source"": ""simulation""}"
acct_001034,acct_001034_owner,first_payment_received,2024-03-01T20:30:00+00:00,2024-03-01,,"{""source"": ""simulation""}"
acct_001034,acct_001034_owner,app_integration_connected,2024-03-03T20:30:00+00:00,2024-03-01,,"{""source"": ""simulation""}"
acct_001035,acct_001035_owner,signup,2024-06-06T14:31:00+00:00,2024-06-01,,"{""source"": ""simulation""}"
acct_001035,acct_001035_owner,first_invoice_created,2024-06-08T14:31:00+00:00,2024-06-01,,"{""source"": ""simulation""}"
acct_001035,acct_001035_owner,first_payment_received,2024-06-08T14:31:00+00:00,2024-06-01,,"{""source"": ""simulation""}"
acct_001036,acct_001036_owner,signup,2024-03-07T11:02:00+00:00,2024-03-01,,"{""source"": ""simulation""}"
acct_001037,acct_001037_owner,signup,2024-05-14T11:47:00+00:00,2024-05-01,,"{""source"": ""simulation""}"
acct_001037,acct_001037_owner,first_invoice_created,2024-05-20T11:47:00+00:00,2024-05-01,,"{""source"": ""simulation""}"
acct_001037,acct_001037_owner,first_payment_received,2024-05-25T11:47:00+00:00,2024-05-01,,"{""source"": ""simulation""}"
acct_001037,acct_001037_owner,app_integration_connected,2024-06-04T11:47:00+00:00,2024-06-01,,"{""source"": ""simulation""}"
acct_001038,acct_001038_owner,signup,2024-02-06T15:55:00+00:00,2024-02-01,,"{""source"": ""simulation""}"
acct_001039,acct_001039_owner,signup,2024-08-08T14:25:00+00:00,2024-08-01,,"{""source"": ""simulation""}"
acct_001039,acct_001039_owner,first_invoice_created,2024-08-11T14:25:00+00:00,2024-08-01,,"{""source"": ""simulation""}"
acct_001040,acct_001040_owner,signup,2024-06-13T17:47:00+00:00,2024-06-01,,"{""source"": ""simulation""}"
acct_001041,acct_001041_owner,signup,2024-08-15T08:56:00+00:00,2024-08-01,,"{""source"": ""simulation""}"
acct_001042,acct_001042_owner,signup,2024-01-18T14:33:00+00:00,2024-01-01,,"{""source"": ""simulation""}"
acct_001042,acct_001042_owner,first_invoice_created,2024-01-19T14:33:00+00:00,2024-01-01,,"{""source"": ""simulation""}"
acct_001043,acct_001043_owner,signup,2024-05-15T14:56:00+00:00,2024-05-01,,"{""source"": ""simulation""}"
acct_001043,acct_001043_owner,first_invoice_created,2024-05-21T14:56:00+00:00,2024-05-01,,"{""source"": ""simulation""}"
acct_001043,acct_001043_owner,first_payment_received,2024-05-21T14:56:00+00:00,2024-05-01,,"{""source"": ""simulation""}"
acct_001044,acct_001044_owner,signup,2024-08-06T14:18:00+00:00,2024-08-01,,"{""source"": ""simulation""}"
acct_001044,acct_001044_owner,first_invoice_created,2024-08-10T14:18:00+00:00,2024-08-01,,"{""source"": ""simulation""}"
acct_001044,acct_001044_owner,first_payment_received,2024-08-17T14:18:00+00:00,2024-08-01,,"{""source"": ""simulation""}"
acct_001045,acct_001045_owner,signup,2024-08-21T15:05:00+00:00,2024-08-01,,"{""source"": ""simulation""}"
acct_001045,acct_001045_owner,first_invoice_created,2024-08-31T15:05:00+00:00,2024-08-01,,"{""source"": ""simulation""}"
acct_001045,acct_001045_owner,first_payment_received,2024-09-08T15:05:00+00:00,2024-09-01,,"{""source"": ""simulation""}"
acct_001045,acct_001045_owner,app_integration_connected,2024-09-24T15:05:00+00:00,2024-09-01,,"{""source"": ""simulation""}"
acct_001045,acct_001045_owner,feature_activated,2024-10-05T15:05:00+00:00,2024-10-01,bank_feed_sync,"{""source"": ""simulation""}"
acct_001046,acct_001046_owner,signup,2024-09-05T14:26:00+00:00,2024-09-01,,"{""source"": ""simulation""}"
acct_001046,acct_001046_owner,first_invoice_created,2024-09-06T14:26:00+00:00,2024-09-01,,"{""source"": ""simulation""}"
acct_001046,acct_001046_owner,first_payment_received,2024-09-13T14:26:00+00:00,2024-09-01,,"{""source"": ""simulation""}"
acct_001046,acct_001046_owner,app_integration_connected,2024-10-02T14:26:00+00:00,2024-10-01,,"{""source"": ""simulation""}"
acct_001046,acct_001046_owner,plan_upgrade,2024-12-20T14:26:00+00:00,2024-12-01,,"{""source"": ""simulation""}"
acct_001047,acct_001047_owner,signup,2024-01-06T15:37:00+00:00,2024-01-01,,"{""source"": ""simulation""}"
acct_001047,acct_001047_owner,first_invoice_created,2024-01-14T15:37:00+00:00,2024-01-01,,"{""source"": ""simulation""}"
acct_001047,acct_001047_owner,first_payment_received,2024-01-20T15:37:00+00:00,2024-01-01,,"{""source"": ""simulation""}"
acct_001047,acct_001047_owner,app_integration_connected,2024-02-01T15:37:00+00:00,2024-02-01,,"{""source"": ""simulation""}"
acct_001047,acct_001047_owner,feature_activated,2024-03-01T15:37:00+00:00,2024-03-01,bank_feed_sync,"{""source"": ""simulation""}"
acct_001048,acct_001048_owner,signup,2024-02-09T13:44:00+00:00,2024-02-01,,"{""source"": ""simulation""}"
acct_001049,acct_001049_owner,signup,2024-02-04T19:28:00+00:00,2024-02-01,,"{""source"": ""simulation""}"
acct_001049,acct_001049_owner,first_invoice_created,2024-02-12T19:28:00+00:00,2024-02-01,,"{""source"": ""simulation""}"
acct_001050,acct_001050_owner,signup,2024-09-23T14:46:00+00:00,2024-09-01,,"{""source"": ""simulation""}"
acct_001050,acct_001050_owner,first_invoice_created,2024-09-30T14:46:00+00:00,2024-09-01,,"{""source"": ""simulation""}"
acct_001051,acct_001051_owner,signup,2024-09-13T08:49:00+00:00,2024-09-01,,"{""source"": ""simulation""}"
acct_001051,acct_001051_owner,first_invoice_created,2024-09-14T08:49:00+00:00,2024-09-01,,"{""source"": ""simulation""}"
acct_001051,acct_001051_owner,first_payment_received,2024-09-17T08:49:00+00:00,2024-09-01,,"{""source"": ""simulation""}"
acct_001051,acct_001051_owner,app_integration_connected,2024-10-06T08:49:00+00:00,2024-10-01,,"{""source"": ""simulation""}"
acct_001051,acct_001051_owner,plan_upgrade,2024-12-16T08:49:00+00:00,2024-12-01,,"{""source"": ""simulation""}"
acct_001052,acct_001052_owner,signup,2024-03-06T10:11:00+00:00,2024-03-01,,"{""source"": ""simulation""}"
acct_001052,acct_001052_owner,first_invoice_created,2024-03-08T10:11:00+00:00,2024-03-01,,"{""source"": ""simulation""}"
acct_001052,acct_001052_owner,first_payment_received,2024-03-10T10:11:00+00:00,2024-03-01,,"{""source"": ""simulation""}"
acct_001053,acct_001053_owner,signup,2024-05-10T19:49:00+00:00,2024-05-01,,"{""source"": ""simulation""}"
acct_001053,acct_001053_owner,first_invoice_created,2024-05-13T19:49:00+00:00,2024-05-01,,"{""source"": ""simulation""}"
acct_001053,acct_001053_owner,first_payment_received,2024-05-15T19:49:00+00:00,2024-05-01,,"{""source"": ""simulation""}"
acct_001053,acct_001053_owner,app_integration_connected,2024-06-04T19:49:00+00:00,2024-06-01,,"{""source"": ""simulation""}"
acct_001054,acct_001054_owner,signup,2024-03-04T10:12:00+00:00,2024-03-01,,"{""source"": ""simulation""}"
acct_001055,acct_001055_owner,signup,2024-01-15T15:54:00+00:00,2024-01-01,,"{""source"": ""simulation""}"
acct_001055,acct_001055_owner,first_invoice_created,2024-01-19T15:54:00+00:00,2024-01-01,,"{""source"": ""simulation""}"
acct_001056,acct_001056_owner,signup,2024-08-08T11:37:00+00:00,2024-08-01,,"{""source"": ""simulation""}"
acct_001056,acct_001056_owner,first_invoice_created,2024-08-13T11:37:00+00:00,2024-08-01,,"{""source"": ""simulation""}"
acct_001056,acct_001056_owner,first_payment_received,2024-08-15T11:37:00+00:00,2024-08-01,,"{""source"": ""simulation""}"
acct_001057,acct_001057_owner,signup,2024-07-15T09:38:00+00:00,2024-07-01,,"{""source"": ""simulation""}"
acct_001057,acct_001057_owner,first_invoice_created,2024-07-25T09:38:00+00:00,2024-07-01,,"{""source"": ""simulation""}"
acct_001057,acct_001057_owner,first_payment_received,2024-08-01T09:38:00+00:00,2024-08-01,,"{""source"": ""simulation""}"
acct_001057,acct_001057_owner,app_integration_connected,2024-08-10T09:38:00+00:00,2024-08-01,,"{""source"": ""simulation""}"
acct_001057,acct_001057_owner,feature_activated,2024-08-12T09:38:00+00:00,2024-08-01,bank_feed_sync,"{""source"": ""simulation""}"
acct_001057,acct_001057_owner,plan_upgrade,2024-10-08T09:38:00+00:00,2024-10-01,,"{""source"": ""simulation""}"
acct_001058,acct_001058_owner,signup,2024-09-09T17:40:00+00:00,2024-09-01,,"{""source"": ""simulation""}"
acct_001058,acct_001058_owner,first_invoice_created,2024-09-12T17:40:00+00:00,2024-09-01,,"{""source"": ""simulation""}"
acct_001059,acct_001059_owner,signup,2024-03-05T08:41:00+00:00,2024-03-01,,"{""source"": ""simulation""}"
acct_001059,acct_001059_owner,first_invoice_created,2024-03-11T08:41:00+00:00,2024-03-01,,"{""source"": ""simulation""}"
acct_001059,acct_001059_owner,first_payment_received,2024-03-14T08:41:00+00:00,2024-03-01,,"{""source"": ""simulation""}"
acct_001060,acct_001060_owner,signup,2024-03-02T18:36:00+00:00,2024-03-01,,"{""source"": ""simulation""}"
acct_001060,acct_001060_owner,first_invoice_created,2024-03-12T18:36:00+00:00,2024-03-01,,"{""source"": ""simulation""}"
acct_001060,acct_001060_owner,first_payment_received,2024-03-19T18:36:00+00:00,2024-03-01,,"{""source"": ""simulation""}"
acct_001060,acct_001060_owner,app_integration_connected,2024-04-05T18:36:00+00:00,2024-04-01,,"{""source"": ""simulation""}"
acct_001060,acct_001060_owner,feature_activated,2024-05-01T18:36:00+00:00,2024-05-01,bank_feed_sync,"{""source"": ""simulation""}"
acct_001060,acct_001060_owner,plan_upgrade,2024-06-15T18:36:00+00:00,2024-06-01,,"{""source"": ""simulation""}"
acct_001061,acct_001061_owner,signup,2024-02-02T09:26:00+00:00,2024-02-01,,"{""source"": ""simulation""}"
acct_001061,acct_001061_owner,first_invoice_created,2024-02-10T09:26:00+00:00,2024-02-01,,"{""source"": ""simulation""}"
acct_001061,acct_001061_owner,first_payment_received,2024-02-18T09:26:00+00:00,2024-02-01,,"{""source"": ""simulation""}"
acct_001062,acct_001062_owner,signup,2024-05-20T18:44:00+00:00,2024-05-01,,"{""source"": ""simulation""}"
acct_001063,acct_001063_owner,signup,2024-06-02T09:49:00+00:00,2024-06-01,,"{""source"": ""simulation""}"
acct_001063,acct_001063_owner,first_invoice_created,2024-06-10T09:49:00+00:00,2024-06-01,,"{""source"": ""simulation""}"
acct_001064,acct_001064_owner,signup,2024-06-13T09:48:00+00:00,2024-06-01,,"{""source"": ""simulation""}"
acct_001064,acct_001064_owner,first_invoice_created,2024-06-21T09:48:00+00:00,2024-06-01,,"{""source"": ""simulation""}"
acct_001065,acct_001065_owner,signup,2024-05-16T10:07:00+00:00,2024-05-01,,"{""source"": ""simulation""}"
acct_001065,acct_001065_owner,first_invoice_created,2024-05-22T10:07:00+00:00,2024-05-01,,"{""source"": ""simulation""}"
acct_001066,acct_001066_owner,signup,2024-09-14T16:13:00+00:00,2024-09-01,,"{""source"": ""simulation""}"
acct_001067,acct_001067_owner,signup,2024-02-19T19:40:00+00:00,2024-02-01,,"{""source"": ""simulation""}"
acct_001067,acct_001067_owner,first_invoice_created,2024-02-29T19:40:00+00:00,2024-02-01,,"{""source"": ""simulation""}"
acct_001067,acct_001067_owner,first_payment_received,2024-02-29T19:40:00+00:00,2024-02-01,,"{""source"": ""simulation""}"
acct_001068,acct_001068_owner,signup,2024-05-14T17:54:00+00:00,2024-05-01,,"{""source"": ""simulation""}"
acct_001068,acct_001068_owner,first_invoice_created,2024-05-17T17:54:00+00:00,2024-05-01,,"{""source"": ""simulation""}"
acct_001068,acct_001068_owner,first_payment_received,2024-05-23T17:54:00+00:00,2024-05-01,,"{""source"": ""simulation""}"
acct_001068,acct_001068_owner,app_integration_connected,2024-05-29T17:54:00+00:00,2024-05-01,,"{""source"": ""simulation""}"
acct_001069,acct_001069_owner,signup,2024-09-19T17:22:00+00:00,2024-09-01,,"{""source"": ""simulation""}"
acct_001069,acct_001069_owner,first_invoice_created,2024-09-25T17:22:00+00:00,2024-09-01,,"{""source"": ""simulation""}"
acct_001069,acct_001069_owner,first_payment_received,2024-09-25T17:22:00+00:00,2024-09-01,,"{""source"": ""simulation""}"
acct_001069,acct_001069_owner,app_integration_connected,2024-09-27T17:22:00+00:00,2024-09-01,,"{""source"": ""simulation""}"
acct_001069,acct_001069_owner,plan_upgrade,2024-12-18T17:22:00+00:00,2024-12-01,,"{""source"": ""simulation""}"
acct_001070,acct_001070_owner,signup,2024-09-24T18:31:00+00:00,2024-09-01,,"{""source"": ""simulation""}"
acct_001071,acct_001071_owner,signup,2024-04-23T12:12:00+00:00,2024-04-01,,"{""source"": ""simulation""}"
acct_001071,acct_001071_owner,first_invoice_created,2024-04-28T12:12:00+00:00,2024-04-01,,"{""source"": ""simulation""}"
acct_001071,acct_001071_owner,first_payment_received,2024-05-03T12:12:00+00:00,2024-05-01,,"{""source"": ""simulation""}"
acct_001072,acct_001072_owner,signup,2024-01-15T18:50:00+00:00,2024-01-01,,"{""source"": ""simulation""}"
acct_001072,acct_001072_owner,first_invoice_created,2024-01-23T18:50:00+00:00,2024-01-01,,"{""source"": ""simulation""}"
acct_001072,acct_001072_owner,first_payment_received,2024-01-24T18:50:00+00:00,2024-01-01,,"{""source"": ""simulation""}"
acct_001073,acct_001073_owner,signup,2024-07-14T08:21:00+00:00,2024-07-01,,"{""source"": ""simulation""}"
acct_001074,acct_001074_owner,signup,2024-01-21T11:44:00+00:00,2024-01-01,,"{""source"": ""simulation""}"
acct_001074,acct_001074_owner,first_invoice_created,2024-01-23T11:44:00+00:00,2024-01-01,,"{""source"": ""simulation""}"
acct_001074,acct_001074_owner,first_payment_received,2024-01-31T11:44:00+00:00,2024-01-01,,"{""source"": ""simulation""}"
acct_001075,acct_001075_owner,signup,2024-02-10T12:32:00+00:00,2024-02-01,,"{""source"": ""simulation""}"
acct_001075,acct_001075_owner,first_invoice_created,2024-02-14T12:32:00+00:00,2024-02-01,,"{""source"": ""simulation""}"
acct_001075,acct_001075_owner,first_payment_received,2024-02-15T12:32:00+00:00,2024-02-01,,"{""source"": ""simulation""}"
acct_001076,acct_001076_owner,signup,2024-02-22T13:21:00+00:00,2024-02-01,,"{""source"": ""simulation""}"
acct_001076,acct_001076_owner,first_invoice_created,2024-03-02T13:21:00+00:00,2024-03-01,,"{""source"": ""simulation""}"
acct_001076,acct_001076_owner,first_payment_received,2024-03-06T13:21:00+00:00,2024-03-01,,"{""source"": ""simulation""}"
acct_001076,acct_001076_owner,app_integration_connected,2024-03-15T13:21:00+00:00,2024-03-01,,"{""source"": ""simulation""}"
acct_001076,acct_001076_owner,plan_upgrade,2024-05-20T13:21:00+00:00,2024-05-01,,"{""source"": ""simulation""}"
acct_001077,acct_001077_owner,signup,2024-03-07T13:53:00+00:00,2024-03-01,,"{""source"": ""simulation""}"
acct_001077,acct_001077_owner,first_invoice_created,2024-03-15T13:53:00+00:00,2024-03-01,,"{""source"": ""simulation""}"
acct_001078,acct_001078_owner,signup,2024-08-02T18:08:00+00:00,2024-08-01,,"{""source"": ""simulation""}"
acct_001078,acct_001078_owner,first_invoice_created,2024-08-12T18:08:00+00:00,2024-08-01,,"{""source"": ""simulation""}"
acct_001078,acct_001078_owner,first_payment_received,2024-08-16T18:08:00+00:00,2024-08-01,,"{""source"": ""simulation""}"
acct_001078,acct_001078_owner,app_integration_connected,2024-08-17T18:08:00+00:00,2024-08-01,,"{""source"": ""simulation""}"
acct_001079,acct_001079_owner,signup,2024-08-18T13:29:00+00:00,2024-08-01,,"{""source"": ""simulation""}"
acct_001079,acct_001079_owner,first_invoice_created,2024-08-28T13:29:00+00:00,2024-08-01,,"{""source"": ""simulation""}"
acct_001079,acct_001079_owner,first_payment_received,2024-09-05T13:29:00+00:00,2024-09-01,,"{""source"": ""simulation""}"
acct_001079,acct_001079_owner,app_integration_connected,2024-09-17T13:29:00+00:00,2024-09-01,,"{""source"": ""simulation""}"
acct_001079,acct_001079_owner,feature_activated,2024-10-03T13:29:00+00:00,2024-10-01,bank_feed_sync,"{""source"": ""simulation""}"
acct_001080,acct_001080_owner,signup,2024-09-10T17:46:00+00:00,2024-09-01,,"{""source"": ""simulation""}"
acct_001081,acct_001081_owner,signup,2024-04-19T18:21:00+00:00,2024-04-01,,"{""source"": ""simulation""}"
acct_001081,acct_001081_owner,first_invoice_created,2024-04-23T18:21:00+00:00,2024-04-01,,"{""source"": ""simulation""}"
acct_001081,acct_001081_owner,first_payment_received,2024-04-26T18:21:00+00:00,2024-04-01,,"{""source"": ""simulation""}"
acct_001081,acct_001081_owner,app_integration_connected,2024-05-11T18:21:00+00:00,2024-05-01,,"{""source"": ""simulation""}"
acct_001081,acct_001081_owner,feature_activated,2024-05-12T18:21:00+00:00,2024-05-01,bank_feed_sync,"{""source"": ""simulation""}"
acct_001082,acct_001082_owner,signup,2024-03-09T08:21:00+00:00,2024-03-01,,"{""source"": ""simulation""}"
acct_001082,acct_001082_owner,first_invoice_created,2024-03-18T08:21:00+00:00,2024-03-01,,"{""source"": ""simulation""}"
acct_001082,acct_001082_owner,first_payment_received,2024-03-20T08:21:00+00:00,2024-03-01,,"{""source"": ""simulation""}"
acct_001083,acct_001083_owner,signup,2024-07-06T17:07:00+00:00,2024-07-01,,"{""source"": ""simulation""}"
acct_001083,acct_001083_owner,first_invoice_created,2024-07-08T17:07:00+00:00,2024-07-01,,"{""source"": ""simulation""}"
acct_001083,acct_001083_owner,first_payment_received,2024-07-16T17:07:00+00:00,2024-07-01,,"{""source"": ""simulation""}"
acct_001083,acct_001083_owner,app_integration_connected,2024-08-01T17:07:00+00:00,2024-08-01,,"{""source"": ""simulation""}"
acct_001083,acct_001083_owner,feature_activated,2024-08-12T17:07:00+00:00,2024-08-01,bank_feed_sync,"{""source"": ""simulation""}"
acct_001084,acct_001084_owner,signup,2024-01-09T14:05:00+00:00,2024-01-01,,"{""source"": ""simulation""}"
acct_001084,acct_001084_owner,first_invoice_created,2024-01-10T14:05:00+00:00,2024-01-01,,"{""source"": ""simulation""}"
acct_001084,acct_001084_owner,first_payment_received,2024-01-11T14:05:00+00:00,2024-01-01,,"{""source"": ""simulation""}"
acct_001084,acct_001084_owner,app_integration_connected,2024-01-27T14:05:00+00:00,2024-01-01,,"{""source"": ""simulation""}"
acct_001084,acct_001084_owner,feature_activated,2024-02-19T14:05:00+00:00,2024-02-01,bank_feed_sync,"{""source"": ""simulation""}"
acct_001085,acct_001085_owner,signup,2024-06-15T12:13:00+00:00,2024-06-01,,"{""source"": ""simulation""}"
acct_001086,acct_001086_owner,signup,2024-02-12T20:02:00+00:00,2024-02-01,,"{""source"": ""simulation""}"
acct_001086,acct_001086_owner,first_invoice_created,2024-02-14T20:02:00+00:00,2024-02-01,,"{""source"": ""simulation""}"
acct_001087,acct_001087_owner,signup,2024-08-17T08:51:00+00:00,2024-08-01,,"{""source"": ""simulation""}"
acct_001087,acct_001087_owner,first_invoice_created,2024-08-18T08:51:00+00:00,2024-08-01,,"{""source"": ""simulation""}"
acct_001087,acct_001087_owner,first_payment_received,2024-08-19T08:51:00+00:00,2024-08-01,,"{""source"": ""simulation""}"
acct_001087,acct_001087_owner,app_integration_connected,2024-08-26T08:51:00+00:00,2024-08-01,,"{""source"": ""simulation""}"
acct_001087,acct_001087_owner,feature_activated,2024-09-04T08:51:00+00:00,2024-09-01,bank_feed_sync,"{""source"": ""simulation""}"
acct_001087,acct_001087_owner,plan_upgrade,2024-11-14T08:51:00+00:00,2024-11-01,,"{""source"": ""simulation""}"
acct_001088,acct_001088_owner,signup,2024-04-11T15:46:00+00:00,2024-04-01,,"{""source"": ""simulation""}"
acct_001088,acct_001088_owner,first_invoice_created,2024-04-21T15:46:00+00:00,2024-04-01,,"{""source"": ""simulation""}"
acct_001088,acct_001088_owner,first_payment_received,2024-04-27T15:46:00+00:00,2024-04-01,,"{""source"": ""simulation""}"
acct_001088,acct_001088_owner,app_integration_connected,2024-05-12T15:46:00+00:00,2024-05-01,,"{""source"": ""simulation""}"
acct_001089,acct_001089_owner,signup,2024-03-25T09:52:00+00:00,2024-03-01,,"{""source"": ""simulation""}"
acct_001089,acct_001089_owner,first_invoice_created,2024-03-28T09:52:00+00:00,2024-03-01,,"{""source"": ""simulation""}"
acct_001089,acct_001089_owner,first_payment_received,2024-04-03T09:52:00+00:00,2024-04-01,,"{""source"": ""simulation""}"
acct_001089,acct_001089_owner,app_integration_connected,2024-04-17T09:52:00+00:00,2024-04-01,,"{""source"": ""simulation""}"
acct_001089,acct_001089_owner,feature_activated,2024-04-19T09:52:00+00:00,2024-04-01,bank_feed_sync,"{""source"": ""simulation""}"
acct_001089,acct_001089_owner,plan_upgrade,2024-05-17T09:52:00+00:00,2024-05-01,,"{""source"": ""simulation""}"
acct_001090,acct_001090_owner,signup,2024-01-15T14:45:00+00:00,2024-01-01,,"{""source"": ""simulation""}"
acct_001090,acct_001090_owner,first_invoice_created,2024-01-19T14:45:00+00:00,2024-01-01,,"{""source"": ""simulation""}"
acct_001090,acct_001090_owner,first_payment_received,2024-01-23T14:45:00+00:00,2024-01-01,,"{""source"": ""simulation""}"
acct_001090,acct_001090_owner,app_integration_connected,2024-01-30T14:45:00+00:00,2024-01-01,,"{""source"": ""simulation""}"
acct_001090,acct_001090_owner,feature_activated,2024-02-03T14:45:00+00:00,2024-02-01,bank_feed_sync,"{""source"": ""simulation""}"
acct_001091,acct_001091_owner,signup,2024-05-02T18:54:00+00:00,2024-05-01,,"{""source"": ""simulation""}"
acct_001091,acct_001091_owner,first_invoice_created,2024-05-03T18:54:00+00:00,2024-05-01,,"{""source"": ""simulation""}"
acct_001091,acct_001091_owner,first_payment_received,2024-05-06T18:54:00+00:00,2024-05-01,,"{""source"": ""simulation""}"
acct_001092,acct_001092_owner,signup,2024-08-02T09:33:00+00:00,2024-08-01,,"{""source"": ""simulation""}"
acct_001092,acct_001092_owner,first_invoice_created,2024-08-04T09:33:00+00:00,2024-08-01,,"{""source"": ""simulation""}"
acct_001092,acct_001092_owner,first_payment_received,2024-08-05T09:33:00+00:00,2024-08-01,,"{""source"": ""simulation""}"
acct_001092,acct_001092_owner,app_integration_connected,2024-08-18T09:33:00+00:00,2024-08-01,,"{""source"": ""simulation""}"
acct_001092,acct_001092_owner,feature_activated,2024-09-11T09:33:00+00:00,2024-09-01,bank_feed_sync,"{""source"": ""simulation""}"
acct_001093,acct_001093_owner,signup,2024-05-21T11:20:00+00:00,2024-05-01,,"{""source"": ""simulation""}"
acct_001093,acct_001093_owner,first_invoice_created,2024-05-28T11:20:00+00:00,2024-05-01,,"{""source"": ""simulation""}"
acct_001093,acct_001093_owner,first_payment_received,2024-06-01T11:20:00+00:00,2024-06-01,,"{""source"": ""simulation""}"
acct_001093,acct_001093_owner,app_integration_connected,2024-06-15T11:20:00+00:00,2024-06-01,,"{""source"": ""simulation""}"
acct_001094,acct_001094_owner,signup,2024-05-09T16:20:00+00:00,2024-05-01,,"{""source"": ""simulation""}"
acct_001094,acct_001094_owner,first_invoice_created,2024-05-17T16:20:00+00:00,2024-05-01,,"{""source"": ""simulation""}"
acct_001094,acct_001094_owner,first_payment_received,2024-05-22T16:20:00+00:00,2024-05-01,,"{""source"": ""simulation""}"
acct_001094,acct_001094_owner,app_integration_connected,2024-06-11T16:20:00+00:00,2024-06-01,,"{""source"": ""simulation""}"
acct_001094,acct_001094_owner,feature_activated,2024-06-30T16:20:00+00:00,2024-06-01,bank_feed_sync,"{""source"": ""simulation""}"
acct_001095,acct_001095_owner,signup,2024-05-05T10:17:00+00:00,2024-05-01,,"{""source"": ""simulation""}"
acct_001096,acct_001096_owner,signup,2024-09-17T09:13:00+00:00,2024-09-01,,"{""source"": ""simulation""}"
acct_001096,acct_001096_owner,first_invoice_created,2024-09-26T09:13:00+00:00,2024-09-01,,"{""source"": ""simulation""}"
acct_001096,acct_001096_owner,first_payment_received,2024-09-30T09:13:00+00:00,2024-09-01,,"{""source"": ""simulation""}"
acct_001096,acct_001096_owner,app_integration_connected,2024-10-10T09:13:00+00:00,2024-10-01,,"{""source"": ""simulation""}"
acct_001096,acct_001096_owner,feature_activated,2024-10-29T09:13:00+00:00,2024-10-01,bank_feed_sync,"{""source"": ""simulation""}"
acct_001097,acct_001097_owner,signup,2024-05-05T19:51:00+00:00,2024-05-01,,"{""source"": ""simulation""}"
acct_001097,acct_001097_owner,first_invoice_created,2024-05-06T19:51:00+00:00,2024-05-01,,"{""source"": ""simulation""}"
acct_001098,acct_001098_owner,signup,2024-03-03T12:39:00+00:00,2024-03-01,,"{""source"": ""simulation""}"
acct_001098,acct_001098_owner,first_invoice_created,2024-03-07T12:39:00+00:00,2024-03-01,,"{""source"": ""simulation""}"
acct_001099,acct_001099_owner,signup,2024-01-05T08:30:00+00:00,2024-01-01,,"{""source"": ""simulation""}"
acct_001099,acct_001099_owner,first_invoice_created,2024-01-10T08:30:00+00:00,2024-01-01,,"{""source"": ""simulation""}"
acct_001099,acct_001099_owner,first_payment_received,2024-01-18T08:30:00+00:00,2024-01-01,,"{""source"": ""simulation""}"
acct_001099,acct_001099_owner,app_integration_connected,2024-02-01T08:30:00+00:00,2024-02-01,,"{""source"": ""simulation""}"
acct_001099,acct_001099_owner,feature_activated,2024-02-23T08:30:00+00:00,2024-02-01,bank_feed_sync,"{""source"": ""simulation""}"
acct_001099,acct_001099_owner,plan_upgrade,2024-05-01T08:30:00+00:00,2024-05-01,,"{""source"": ""simulation""}"
acct_001100,acct_001100_owner,signup,2024-07-02T09:27:00+00:00,2024-07-01,,"{""source"": ""simulation""}"
acct_001100,acct_001100_owner,first_invoice_created,2024-07-08T09:27:00+00:00,2024-07-01,,"{""source"": ""simulation""}"
acct_001100,acct_001100_owner,first_payment_received,2024-07-08T09:27:00+00:00,2024-07-01,,"{""source"": ""simulation""}"
acct_001101,acct_001101_owner,signup,2024-08-20T13:19:00+00:00,2024-08-01,,"{""source"": ""simulation""}"
acct_001101,acct_001101_owner,first_invoice_created,2024-08-29T13:19:00+00:00,2024-08-01,,"{""source"": ""simulation""}"
acct_001102,acct_001102_owner,signup,2024-09-03T20:48:00+00:00,2024-09-01,,"{""source"": ""simulation""}"
acct_001102,acct_001102_owner,first_invoice_created,2024-09-05T20:48:00+00:00,2024-09-01,,"{""source"": ""simulation""}"
acct_001102,acct_001102_owner,first_payment_received,2024-09-09T20:48:00+00:00,2024-09-01,,"{""source"": ""simulation""}"
acct_001102,acct_001102_owner,app_integration_connected,2024-09-28T20:48:00+00:00,2024-09-01,,"{""source"": ""simulation""}"
acct_001103,acct_001103_owner,signup,2024-02-23T15:06:00+00:00,2024-02-01,,"{""source"": ""simulation""}"
acct_001103,acct_001103_owner,first_invoice_created,2024-02-24T15:06:00+00:00,2024-02-01,,"{""source"": ""simulation""}"
acct_001104,acct_001104_owner,signup,2024-08-16T11:14:00+00:00,2024-08-01,,"{""source"": ""simulation""}"
acct_001104,acct_001104_owner,first_invoice_created,2024-08-23T11:14:00+00:00,2024-08-01,,"{""source"": ""simulation""}"
acct_001105,acct_001105_owner,signup,2024-06-13T10:44:00+00:00,2024-06-01,,"{""source"": ""simulation""}"
acct_001105,acct_001105_owner,first_invoice_created,2024-06-16T10:44:00+00:00,2024-06-01,,"{""source"": ""simulation""}"
acct_001105,acct_001105_owner,first_payment_received,2024-06-24T10:44:00+00:00,2024-06-01,,"{""source"": ""simulation""}"
acct_001105,acct_001105_owner,app_integration_connected,2024-06-30T10:44:00+00:00,2024-06-01,,"{""source"": ""simulation""}"
acct_001106,acct_001106_owner,signup,2024-08-16T08:04:00+00:00,2024-08-01,,"{""source"": ""simulation""}"
acct_001106,acct_001106_owner,first_invoice_created,2024-08-26T08:04:00+00:00,2024-08-01,,"{""source"": ""simulation""}"
acct_001107,acct_001107_owner,signup,2024-06-16T15:54:00+00:00,2024-06-01,,"{""source"": ""simulation""}"
acct_001107,acct_001107_owner,first_invoice_created,2024-06-23T15:54:00+00:00,2024-06-01,,"{""source"": ""simulation""}"
acct_001107,acct_001107_owner,first_payment_received,2024-06-27T15:54:00+00:00,2024-06-01,,"{""source"": ""simulation""}"
acct_001108,acct_001108_owner,signup,2024-06-20T17:08:00+00:00,2024-06-01,,"{""source"": ""simulation""}"
acct_001108,acct_001108_owner,first_invoice_created,2024-06-21T17:08:00+00:00,2024-06-01,,"{""source"": ""simulation""}"
acct_001108,acct_001108_owner,first_payment_received,2024-06-29T17:08:00+00:00,2024-06-01,,"{""source"": ""simulation""}"
acct_001109,acct_001109_owner,signup,2024-02-11T16:41:00+00:00,2024-02-01,,"{""source"": ""simulation""}"
acct_001110,acct_001110_owner,signup,2024-09-15T14:37:00+00:00,2024-09-01,,"{""source"": ""simulation""}"
acct_001110,acct_001110_owner,first_invoice_created,2024-09-21T14:37:00+00:00,2024-09-01,,"{""source"": ""simulation""}"
acct_001110,acct_001110_owner,first_payment_received,2024-09-22T14:37:00+00:00,2024-09-01,,"{""source"": ""simulation""}"
acct_001110,acct_001110_owner,app_integration_connected,2024-10-05T14:37:00+00:00,2024-10-01,,"{""source"": ""simulation""}"
acct_001110,acct_001110_owner,feature_activated,2024-10-27T14:37:00+00:00,2024-10-01,bank_feed_sync,"{""source"": ""simulation""}"
acct_001111,acct_001111_owner,signup,2024-04-18T10:30:00+00:00,2024-04-01,,"{""source"": ""simulation""}"
acct_001111,acct_001111_owner,first_invoice_created,2024-04-24T10:30:00+00:00,2024-04-01,,"{""source"": ""simulation""}"
acct_001111,acct_001111_owner,first_payment_received,2024-05-02T10:30:00+00:00,2024-05-01,,"{""source"": ""simulation""}"
acct_001111,acct_001111_owner,app_integration_connected,2024-05-06T10:30:00+00:00,2024-05-01,,"{""source"": ""simulation""}"
acct_001112,acct_001112_owner,signup,2024-06-07T19:37:00+00:00,2024-06-01,,"{""source"": ""simulation""}"
acct_001112,acct_001112_owner,first_invoice_created,2024-06-17T19:37:00+00:00,2024-06-01,,"{""source"": ""simulation""}"
acct_001112,acct_001112_owner,first_payment_received,2024-06-22T19:37:00+00:00,2024-06-01,,"{""source"": ""simulation""}"
acct_001112,acct_001112_owner,app_integration_connected,2024-07-12T19:37:00+00:00,2024-07-01,,"{""source"": ""simulation""}"
acct_001112,acct_001112_owner,feature_activated,2024-07-25T19:37:00+00:00,2024-07-01,bank_feed_sync,"{""source"": ""simulation""}"
acct_001113,acct_001113_owner,signup,2024-06-18T19:15:00+00:00,2024-06-01,,"{""source"": ""simulation""}"
acct_001113,acct_001113_owner,first_invoice_created,2024-06-24T19:15:00+00:00,2024-06-01,,"{""source"": ""simulation""}"
acct_001113,acct_001113_owner,first_payment_received,2024-06-29T19:15:00+00:00,2024-06-01,,"{""source"": ""simulation""}"
acct_001114,acct_001114_owner,signup,2024-08-04T17:38:00+00:00,2024-08-01,,"{""source"": ""simulation""}"
acct_001114,acct_001114_owner,first_invoice_created,2024-08-12T17:38:00+00:00,2024-08-01,,"{""source"": ""simulation""}"
acct_001114,acct_001114_owner,first_payment_received,2024-08-14T17:38:00+00:00,2024-08-01,,"{""source"": ""simulation""}"
acct_001115,acct_001115_owner,signup,2024-09-04T15:11:00+00:00,2024-09-01,,"{""source"": ""simulation""}"
acct_001115,acct_001115_owner,first_invoice_created,2024-09-05T15:11:00+00:00,2024-09-01,,"{""source"": ""simulation""}"
acct_001115,acct_001115_owner,first_payment_received,2024-09-05T15:11:00+00:00,2024-09-01,,"{""source"": ""simulation""}"
acct_001115,acct_001115_owner,app_integration_connected,2024-09-20T15:11:00+00:00,2024-09-01,,"{""source"": ""simulation""}"
acct_001116,acct_001116_owner,signup,2024-02-20T09:43:00+00:00,2024-02-01,,"{""source"": ""simulation""}"
acct_001116,acct_001116_owner,first_invoice_created,2024-02-23T09:43:00+00:00,2024-02-01,,"{""source"": ""simulation""}"
acct_001116,acct_001116_owner,first_payment_received,2024-02-26T09:43:00+00:00,2024-02-01,,"{""source"": ""simulation""}"
acct_001117,acct_001117_owner,signup,2024-08-21T18:03:00+00:00,2024-08-01,,"{""source"": ""simulation""}"
acct_001117,acct_001117_owner,first_invoice_created,2024-08-27T18:03:00+00:00,2024-08-01,,"{""source"": ""simulation""}"
acct_001117,acct_001117_owner,first_payment_received,2024-08-29T18:03:00+00:00,2024-08-01,,"{""source"": ""simulation""}"
acct_001118,acct_001118_owner,signup,2024-03-19T20:40:00+00:00,2024-03-01,,"{""source"": ""simulation""}"
acct_001118,acct_001118_owner,first_invoice_created,2024-03-28T20:40:00+00:00,2024-03-01,,"{""source"": ""simulation""}"
acct_001118,acct_001118_owner,first_payment_received,2024-03-29T20:40:00+00:00,2024-03-01,,"{""source"": ""simulation""}"
acct_001119,acct_001119_owner,signup,2024-03-15T16:18:00+00:00,2024-03-01,,"{""source"": ""simulation""}"
acct_001119,acct_001119_owner,first_invoice_created,2024-03-24T16:18:00+00:00,2024-03-01,,"{""source"": ""simulation""}"
acct_001119,acct_001119_owner,first_payment_received,2024-03-30T16:18:00+00:00,2024-03-01,,"{""source"": ""simulation""}"
acct_001119,acct_001119_owner,app_integration_connected,2024-04-10T16:18:00+00:00,2024-04-01,,"{""source"": ""simulation""}"
acct_001119,acct_001119_owner,feature_activated,2024-04-24T16:18:00+00:00,2024-04-01,bank_feed_sync,"{""source"": ""simulation""}"
acct_001120,acct_001120_owner,signup,2024-04-07T18:56:00+00:00,2024-04-01,,"{""source"": ""simulation""}"
acct_001120,acct_001120_owner,first_invoice_created,2024-04-17T18:56:00+00:00,2024-04-01,,"{""source"": ""simulation""}"
acct_001120,acct_001120_owner,first_payment_received,2024-04-22T18:56:00+00:00,2024-04-01,,"{""source"": ""simulation""}"
acct_001120,acct_001120_owner,app_integration_connected,2024-04-29T18:56:00+00:00,2024-04-01,,"{""source"": ""simulation""}"
acct_001120,acct_001120_owner,plan_upgrade,2024-05-16T18:56:00+00:00,2024-05-01,,"{""source"": ""simulation""}"
acct_001120,acct_001120_owner,feature_activated,2024-05-26T18:56:00+00:00,2024-05-01,bank_feed_sync,"{""source"": ""simulation""}"
acct_001121,acct_001121_owner,signup,2024-05-14T19:58:00+00:00,2024-05-01,,"{""source"": ""simulation""}"
acct_001121,acct_001121_owner,first_invoice_created,2024-05-16T19:58:00+00:00,2024-05-01,,"{""source"": ""simulation""}"
acct_001121,acct_001121_owner,first_payment_received,2024-05-22T19:58:00+00:00,2024-05-01,,"{""source"": ""simulation""}"
acct_001122,acct_001122_owner,signup,2024-01-20T16:25:00+00:00,2024-01-01,,"{""source"": ""simulation""}"
acct_001122,acct_001122_owner,first_invoice_created,2024-01-24T16:25:00+00:00,2024-01-01,,"{""source"": ""simulation""}"
acct_001122,acct_001122_owner,first_payment_received,2024-01-27T16:25:00+00:00,2024-01-01,,"{""source"": ""simulation""}"
acct_001123,acct_001123_owner,signup,2024-01-12T16:03:00+00:00,2024-01-01,,"{""source"": ""simulation""}"
acct_001123,acct_001123_owner,first_invoice_created,2024-01-14T16:03:00+00:00,2024-01-01,,"{""source"": ""simulation""}"
acct_001124,acct_001124_owner,signup,2024-02-10T08:15:00+00:00,2024-02-01,,"{""source"": ""simulation""}"
acct_001125,acct_001125_owner,signup,2024-06-23T14:25:00+00:00,2024-06-01,,"{""source"": ""simulation""}"
acct_001125,acct_001125_owner,first_invoice_created,2024-06-24T14:25:00+00:00,2024-06-01,,"{""source"": ""simulation""}"
acct_001125,acct_001125_owner,first_payment_received,2024-06-27T14:25:00+00:00,2024-06-01,,"{""source"": ""simulation""}"
acct_001126,acct_001126_owner,signup,2024-09-07T18:11:00+00:00,2024-09-01,,"{""source"": ""simulation""}"
acct_001126,acct_001126_owner,first_invoice_created,2024-09-10T18:11:00+00:00,2024-09-01,,"{""source"": ""simulation""}"
acct_001126,acct_001126_owner,first_payment_received,2024-09-18T18:11:00+00:00,2024-09-01,,"{""source"": ""simulation""}"
acct_001127,acct_001127_owner,signup,2024-04-18T14:53:00+00:00,2024-04-01,,"{""source"": ""simulation""}"
acct_001127,acct_001127_owner,first_invoice_created,2024-04-28T14:53:00+00:00,2024-04-01,,"{""source"": ""simulation""}"
acct_001127,acct_001127_owner,first_payment_received,2024-05-02T14:53:00+00:00,2024-05-01,,"{""source"": ""simulation""}"
acct_001128,acct_001128_owner,signup,2024-03-10T18:08:00+00:00,2024-03-01,,"{""source"": ""simulation""}"
acct_001128,acct_001128_owner,first_invoice_created,2024-03-18T18:08:00+00:00,2024-03-01,,"{""source"": ""simulation""}"
acct_001128,acct_001128_owner,first_payment_received,2024-03-22T18:08:00+00:00,2024-03-01,,"{""source"": ""simulation""}"
acct_001129,acct_001129_owner,signup,2024-02-21T08:09:00+00:00,2024-02-01,,"{""source"": ""simulation""}"
acct_001129,acct_001129_owner,first_invoice_created,2024-02-23T08:09:00+00:00,2024-02-01,,"{""source"": ""simulation""}"
acct_001130,acct_001130_owner,signup,2024-03-03T10:41:00+00:00,2024-03-01,,"{""source"": ""simulation""}"
acct_001130,acct_001130_owner,first_invoice_created,2024-03-11T10:41:00+00:00,2024-03-01,,"{""source"": ""simulation""}"
acct_001131,acct_001131_owner,signup,2024-07-20T10:29:00+00:00,2024-07-01,,"{""source"": ""simulation""}"
acct_001131,acct_001131_owner,first_invoice_created,2024-07-27T10:29:00+00:00,2024-07-01,,"{""source"": ""simulation""}"
acct_001131,acct_001131_owner,first_payment_received,2024-07-30T10:29:00+00:00,2024-07-01,,"{""source"": ""simulation""}"
acct_001131,acct_001131_owner,app_integration_connected,2024-08-09T10:29:00+00:00,2024-08-01,,"{""source"": ""simulation""}"
acct_001132,acct_001132_owner,signup,2024-07-12T11:11:00+00:00,2024-07-01,,"{""source"": ""simulation""}"
acct_001133,acct_001133_owner,signup,2024-08-24T11:45:00+00:00,2024-08-01,,"{""source"": ""simulation""}"
acct_001133,acct_001133_owner,first_invoice_created,2024-08-30T11:45:00+00:00,2024-08-01,,"{""source"": ""simulation""}"
acct_001133,acct_001133_owner,first_payment_received,2024-09-01T11:45:00+00:00,2024-09-01,,"{""source"": ""simulation""}"
acct_001134,acct_001134_owner,signup,2024-09-19T13:02:00+00:00,2024-09-01,,"{""source"": ""simulation""}"
acct_001134,acct_001134_owner,first_invoice_created,2024-09-23T13:02:00+00:00,2024-09-01,,"{""source"": ""simulation""}"
acct_001134,acct_001134_owner,first_payment_received,2024-09-29T13:02:00+00:00,2024-09-01,,"{""source"": ""simulation""}"
acct_001135,acct_001135_owner,signup,2024-06-04T17:30:00+00:00,2024-06-01,,"{""source"": ""simulation""}"
acct_001136,acct_001136_owner,signup,2024-09-25T20:17:00+00:00,2024-09-01,,"{""source"": ""simulation""}"
acct_001136,acct_001136_owner,first_invoice_created,2024-09-29T20:17:00+00:00,2024-09-01,,"{""source"": ""simulation""}"
acct_001136,acct_001136_owner,first_payment_received,2024-10-01T20:17:00+00:00,2024-10-01,,"{""source"": ""simulation""}"
acct_001137,acct_001137_owner,signup,2024-09-20T09:15:00+00:00,2024-09-01,,"{""source"": ""simulation""}"
acct_001137,acct_001137_owner,first_invoice_created,2024-09-28T09:15:00+00:00,2024-09-01,,"{""source"": ""simulation""}"
acct_001137,acct_001137_owner,first_payment_received,2024-10-05T09:15:00+00:00,2024-10-01,,"{""source"": ""simulation""}"
acct_001137,acct_001137_owner,app_integration_connected,2024-10-16T09:15:00+00:00,2024-10-01,,"{""source"": ""simulation""}"
acct_001137,acct_001137_owner,feature_activated,2024-10-18T09:15:00+00:00,2024-10-01,bank_feed_sync,"{""source"": ""simulation""}"
acct_001137,acct_001137_owner,plan_upgrade,2024-11-10T09:15:00+00:00,2024-11-01,,"{""source"": ""simulation""}"
acct_001138,acct_001138_owner,signup,2024-09-19T12:39:00+00:00,2024-09-01,,"{""source"": ""simulation""}"
acct_001138,acct_001138_owner,first_invoice_created,2024-09-25T12:39:00+00:00,2024-09-01,,"{""source"": ""simulation""}"
acct_001138,acct_001138_owner,first_payment_received,2024-09-27T12:39:00+00:00,2024-09-01,,"{""source"": ""simulation""}"
acct_001138,acct_001138_owner,app_integration_connected,2024-10-05T12:39:00+00:00,2024-10-01,,"{""source"": ""simulation""}"
acct_001138,acct_001138_owner,plan_upgrade,2024-11-23T12:39:00+00:00,2024-11-01,,"{""source"": ""simulation""}"
acct_001139,acct_001139_owner,signup,2024-09-25T08:30:00+00:00,2024-09-01,,"{""source"": ""simulation""}"
acct_001139,acct_001139_owner,first_invoice_created,2024-09-29T08:30:00+00:00,2024-09-01,,"{""source"": ""simulation""}"
acct_001139,acct_001139_owner,first_payment_received,2024-10-06T08:30:00+00:00,2024-10-01,,"{""source"": ""simulation""}"
acct_001139,acct_001139_owner,app_integration_connected,2024-10-15T08:30:00+00:00,2024-10-01,,"{""source"": ""simulation""}"
acct_001139,acct_001139_owner,feature_activated,2024-11-02T08:30:00+00:00,2024-11-01,bank_feed_sync,"{""source"": ""simulation""}"
acct_001140,acct_001140_owner,signup,2024-06-14T13:51:00+00:00,2024-06-01,,"{""source"": ""simulation""}"
acct_001140,acct_001140_owner,first_invoice_created,2024-06-22T13:51:00+00:00,2024-06-01,,"{""source"": ""simulation""}"
acct_001140,acct_001140_owner,first_payment_received,2024-06-28T13:51:00+00:00,2024-06-01,,"{""source"": ""simulation""}"
acct_001140,acct_001140_owner,app_integration_connected,2024-07-09T13:51:00+00:00,2024-07-01,,"{""source"": ""simulation""}"
acct_001141,acct_001141_owner,signup,2024-03-02T19:59:00+00:00,2024-03-01,,"{""source"": ""simulation""}"
acct_001141,acct_001141_owner,first_invoice_created,2024-03-05T19:59:00+00:00,2024-03-01,,"{""source"": ""simulation""}"
acct_001141,acct_001141_owner,first_payment_received,2024-03-12T19:59:00+00:00,2024-03-01,,"{""source"": ""simulation""}"
acct_001142,acct_001142_owner,signup,2024-01-21T15:37:00+00:00,2024-01-01,,"{""source"": ""simulation""}"
acct_001143,acct_001143_owner,signup,2024-05-24T17:01:00+00:00,2024-05-01,,"{""source"": ""simulation""}"
acct_001144,acct_001144_owner,signup,2024-02-05T16:04:00+00:00,2024-02-01,,"{""source"": ""simulation""}"
acct_001144,acct_001144_owner,first_invoice_created,2024-02-06T16:04:00+00:00,2024-02-01,,"{""source"": ""simulation""}"
acct_001145,acct_001145_owner,signup,2024-03-20T12:17:00+00:00,2024-03-01,,"{""source"": ""simulation""}"
acct_001145,acct_001145_owner,first_invoice_created,2024-03-25T12:17:00+00:00,2024-03-01,,"{""source"": ""simulation""}"
acct_001145,acct_001145_owner,first_payment_received,2024-04-02T12:17:00+00:00,2024-04-01,,"{""source"": ""simulation""}"
acct_001145,acct_001145_owner,app_integration_connected,2024-04-22T12:17:00+00:00,2024-04-01,,"{""source"": ""simulation""}"
acct_001145,acct_001145_owner,feature_activated,2024-05-07T12:17:00+00:00,2024-05-01,bank_feed_sync,"{""source"": ""simulation""}"
acct_001145,acct_001145_owner,plan_upgrade,2024-05-07T12:17:00+00:00,2024-05-01,,"{""source"": ""simulation""}"
acct_001146,acct_001146_owner,signup,2024-02-20T10:58:00+00:00,2024-02-01,,"{""source"": ""simulation""}"
acct_001146,acct_001146_owner,first_invoice_created,2024-02-26T10:58:00+00:00,2024-02-01,,"{""source"": ""simulation""}"
acct_001147,acct_001147_owner,signup,2024-06-06T12:50:00+00:00,2024-06-01,,"{""source"": ""simulation""}"
acct_001147,acct_001147_owner,first_invoice_created,2024-06-16T12:50:00+00:00,2024-06-01,,"{""source"": ""simulation""}"
acct_001147,acct_001147_owner,first_payment_received,2024-06-17T12:50:00+00:00,2024-06-01,,"{""source"": ""simulation""}"
acct_001147,acct_001147_owner,app_integration_connected,2024-06-20T12:50:00+00:00,2024-06-01,,"{""source"": ""simulation""}"
acct_001148,acct_001148_owner,signup,2024-03-17T08:21:00+00:00,2024-03-01,,"{""source"": ""simulation""}"
acct_001148,acct_001148_owner,first_invoice_created,2024-03-26T08:21:00+00:00,2024-03-01,,"{""source"": ""simulation""}"
acct_001149,acct_001149_owner,signup,2024-03-16T20:26:00+00:00,2024-03-01,,"{""source"": ""simulation""}"
acct_001149,acct_001149_owner,first_invoice_created,2024-03-20T20:26:00+00:00,2024-03-01,,"{""source"": ""simulation""}"
acct_001149,acct_001149_owner,first_payment_received,2024-03-27T20:26:00+00:00,2024-03-01,,"{""source"": ""simulation""}"
acct_001149,acct_001149_owner,app_integration_connected,2024-04-12T20:26:00+00:00,2024-04-01,,"{""source"": ""simulation""}"
acct_001149,acct_001149_owner,feature_activated,2024-04-15T20:26:00+00:00,2024-04-01,bank_feed_sync,"{""source"": ""simulation""}"
acct_001150,acct_001150_owner,signup,2024-08-24T18:10:00+00:00,2024-08-01,,"{""source"": ""simulation""}"
acct_001150,acct_001150_owner,first_invoice_created,2024-09-01T18:10:00+00:00,2024-09-01,,"{""source"": ""simulation""}"
acct_001150,acct_001150_owner,first_payment_received,2024-09-09T18:10:00+00:00,2024-09-01,,"{""source"": ""simulation""}"
acct_001151,acct_001151_owner,signup,2024-01-21T12:48:00+00:00,2024-01-01,,"{""source"": ""simulation""}"
acct_001151,acct_001151_owner,first_invoice_created,2024-01-23T12:48:00+00:00,2024-01-01,,"{""source"": ""simulation""}"
acct_001151,acct_001151_owner,first_payment_received,2024-01-31T12:48:00+00:00,2024-01-01,,"{""source"": ""simulation""}"
acct_001151,acct_001151_owner,app_integration_connected,2024-02-19T12:48:00+00:00,2024-02-01,,"{""source"": ""simulation""}"
acct_001151,acct_001151_owner,feature_activated,2024-03-05T12:48:00+00:00,2024-03-01,bank_feed_sync,"{""source"": ""simulation""}"
acct_001151,acct_001151_owner,plan_upgrade,2024-03-13T12:48:00+00:00,2024-03-01,,"{""source"": ""simulation""}"
acct_001152,acct_001152_owner,signup,2024-03-15T14:30:00+00:00,2024-03-01,,"{""source"": ""simulation""}"
acct_001152,acct_001152_owner,first_invoice_created,2024-03-25T14:30:00+00:00,2024-03-01,,"{""source"": ""simulation""}"
acct_001152,acct_001152_owner,first_payment_received,2024-03-27T14:30:00+00:00,2024-03-01,,"{""source"": ""simulation""}"
acct_001152,acct_001152_owner,app_integration_connected,2024-04-16T14:30:00+00:00,2024-04-01,,"{""source"": ""simulation""}"
acct_001153,acct_001153_owner,signup,2024-09-08T14:43:00+00:00,2024-09-01,,"{""source"": ""simulation""}"
acct_001153,acct_001153_owner,first_invoice_created,2024-09-10T14:43:00+00:00,2024-09-01,,"{""source"": ""simulation""}"
acct_001153,acct_001153_owner,first_payment_received,2024-09-16T14:43:00+00:00,2024-09-01,,"{""source"": ""simulation""}"
acct_001153,acct_001153_owner,app_integration_connected,2024-10-04T14:43:00+00:00,2024-10-01,,"{""source"": ""simulation""}"
acct_001154,acct_001154_owner,signup,2024-05-05T16:55:00+00:00,2024-05-01,,"{""source"": ""simulation""}"
acct_001154,acct_001154_owner,first_invoice_created,2024-05-12T16:55:00+00:00,2024-05-01,,"{""source"": ""simulation""}"
acct_001154,acct_001154_owner,first_payment_received,2024-05-12T16:55:00+00:00,2024-05-01,,"{""source"": ""simulation""}"
acct_001155,acct_001155_owner,signup,2024-05-15T14:43:00+00:00,2024-05-01,,"{""source"": ""simulation""}"
acct_001155,acct_001155_owner,first_invoice_created,2024-05-23T14:43:00+00:00,2024-05-01,,"{""source"": ""simulation""}"
acct_001156,acct_001156_owner,signup,2024-02-18T18:22:00+00:00,2024-02-01,,"{""source"": ""simulation""}"
acct_001157,acct_001157_owner,signup,2024-06-09T12:51:00+00:00,2024-06-01,,"{""source"": ""simulation""}"
acct_001157,acct_001157_owner,first_invoice_created,2024-06-13T12:51:00+00:00,2024-06-01,,"{""source"": ""simulation""}"
acct_001157,acct_001157_owner,first_payment_received,2024-06-17T12:51:00+00:00,2024-06-01,,"{""source"": ""simulation""}"
acct_001157,acct_001157_owner,app_integration_connected,2024-06-26T12:51:00+00:00,2024-06-01,,"{""source"": ""simulation""}"
acct_001157,acct_001157_owner,feature_activated,2024-07-25T12:51:00+00:00,2024-07-01,bank_feed_sync,"{""source"": ""simulation""}"
acct_001158,acct_001158_owner,signup,2024-07-15T20:43:00+00:00,2024-07-01,,"{""source"": ""simulation""}"
acct_001158,acct_001158_owner,first_invoice_created,2024-07-16T20:43:00+00:00,2024-07-01,,"{""source"": ""simulation""}"
acct_001158,acct_001158_owner,first_payment_received,2024-07-16T20:43:00+00:00,2024-07-01,,"{""source"": ""simulation""}"
acct_001158,acct_001158_owner,app_integration_connected,2024-07-23T20:43:00+00:00,2024-07-01,,"{""source"": ""simulation""}"
acct_001159,acct_001159_owner,signup,2024-09-11T18:44:00+00:00,2024-09-01,,"{""source"": ""simulation""}"
acct_001160,acct_001160_owner,signup,2024-09-01T18:00:00+00:00,2024-09-01,,"{""source"": ""simulation""}"
acct_001161,acct_001161_owner,signup,2024-07-04T16:06:00+00:00,2024-07-01,,"{""source"": ""simulation""}"
acct_001162,acct_001162_owner,signup,2024-04-24T12:16:00+00:00,2024-04-01,,"{""source"": ""simulation""}"
acct_001162,acct_001162_owner,first_invoice_created,2024-04-26T12:16:00+00:00,2024-04-01,,"{""source"": ""simulation""}"
acct_001162,acct_001162_owner,first_payment_received,2024-04-29T12:16:00+00:00,2024-04-01,,"{""source"": ""simulation""}"
acct_001162,acct_001162_owner,app_integration_connected,2024-05-03T12:16:00+00:00,2024-05-01,,"{""source"": ""simulation""}"
acct_001163,acct_001163_owner,signup,2024-01-20T09:03:00+00:00,2024-01-01,,"{""source"": ""simulation""}"
acct_001163,acct_001163_owner,first_invoice_created,2024-01-23T09:03:00+00:00,2024-01-01,,"{""source"": ""simulation""}"
acct_001163,acct_001163_owner,first_payment_received,2024-01-27T09:03:00+00:00,2024-01-01,,"{""source"": ""simulation""}"
acct_001163,acct_001163_owner,app_integration_connected,2024-02-08T09:03:00+00:00,2024-02-01,,"{""source"": ""simulation""}"
acct_001163,acct_001163_owner,plan_upgrade,2024-04-02T09:03:00+00:00,2024-04-01,,"{""source"": ""simulation""}"
acct_001164,acct_001164_owner,signup,2024-02-03T17:08:00+00:00,2024-02-01,,"{""source"": ""simulation""}"
acct_001165,acct_001165_owner,signup,2024-02-23T10:16:00+00:00,2024-02-01,,"{""source"": ""simulation""}"
acct_001165,acct_001165_owner,first_invoice_created,2024-03-04T10:16:00+00:00,2024-03-01,,"{""source"": ""simulation""}"
acct_001166,acct_001166_owner,signup,2024-02-21T15:59:00+00:00,2024-02-01,,"{""source"": ""simulation""}"
acct_001167,acct_001167_owner,signup,2024-06-09T10:49:00+00:00,2024-06-01,,"{""source"": ""simulation""}"
acct_001167,acct_001167_owner,first_invoice_created,2024-06-15T10:49:00+00:00,2024-06-01,,"{""source"": ""simulation""}"
acct_001167,acct_001167_owner,first_payment_received,2024-06-18T10:49:00+00:00,2024-06-01,,"{""source"": ""simulation""}"
acct_001167,acct_001167_owner,app_integration_connected,2024-06-24T10:49:00+00:00,2024-06-01,,"{""source"": ""simulation""}"
acct_001167,acct_001167_owner,feature_activated,2024-07-09T10:49:00+00:00,2024-07-01,bank_feed_sync,"{""source"": ""simulation""}"
acct_001168,acct_001168_owner,signup,2024-01-13T14:21:00+00:00,2024-01-01,,"{""source"": ""simulation""}"
acct_001168,acct_001168_owner,first_invoice_created,2024-01-22T14:21:00+00:00,2024-01-01,,"{""source"": ""simulation""}"
acct_001168,acct_001168_owner,first_payment_received,2024-01-22T14:21:00+00:00,2024-01-01,,"{""source"": ""simulation""}"
acct_001168,acct_001168_owner,app_integration_connected,2024-02-09T14:21:00+00:00,2024-02-01,,"{""source"": ""simulation""}"
acct_001168,acct_001168_owner,feature_activated,2024-02-29T14:21:00+00:00,2024-02-01,bank_feed_sync,"{""source"": ""simulation""}"
acct_001168,acct_001168_owner,plan_upgrade,2024-03-29T14:21:00+00:00,2024-03-01,,"{""source"": ""simulation""}"
acct_001169,acct_001169_owner,signup,2024-05-06T15:04:00+00:00,2024-05-01,,"{""source"": ""simulation""}"
acct_001169,acct_001169_owner,first_invoice_created,2024-05-13T15:04:00+00:00,2024-05-01,,"{""source"": ""simulation""}"
acct_001170,acct_001170_owner,signup,2024-07-06T18:31:00+00:00,2024-07-01,,"{""source"": ""simulation""}"
acct_001170,acct_001170_owner,first_invoice_created,2024-07-10T18:31:00+00:00,2024-07-01,,"{""source"": ""simulation""}"
acct_001170,acct_001170_owner,first_payment_received,2024-07-15T18:31:00+00:00,2024-07-01,,"{""source"": ""simulation""}"
acct_001170,acct_001170_owner,app_integration_connected,2024-07-31T18:31:00+00:00,2024-07-01,,"{""source"": ""simulation""}"
acct_001170,acct_001170_owner,feature_activated,2024-08-10T18:31:00+00:00,2024-08-01,bank_feed_sync,"{""source"": ""simulation""}"
acct_001171,acct_001171_owner,signup,2024-09-25T14:13:00+00:00,2024-09-01,,"{""source"": ""simulation""}"
acct_001171,acct_001171_owner,first_invoice_created,2024-10-02T14:13:00+00:00,2024-10-01,,"{""source"": ""simulation""}"
acct_001171,acct_001171_owner,first_payment_received,2024-10-03T14:13:00+00:00,2024-10-01,,"{""source"": ""simulation""}"
acct_001172,acct_001172_owner,signup,2024-05-04T08:04:00+00:00,2024-05-01,,"{""source"": ""simulation""}"
acct_001172,acct_001172_owner,first_invoice_created,2024-05-05T08:04:00+00:00,2024-05-01,,"{""source"": ""simulation""}"
acct_001173,acct_001173_owner,signup,2024-08-01T15:09:00+00:00,2024-08-01,,"{""source"": ""simulation""}"
acct_001173,acct_001173_owner,first_invoice_created,2024-08-07T15:09:00+00:00,2024-08-01,,"{""source"": ""simulation""}"
acct_001173,acct_001173_owner,first_payment_received,2024-08-11T15:09:00+00:00,2024-08-01,,"{""source"": ""simulation""}"
acct_001174,acct_001174_owner,signup,2024-07-09T10:44:00+00:00,2024-07-01,,"{""source"": ""simulation""}"
acct_001174,acct_001174_owner,first_invoice_created,2024-07-18T10:44:00+00:00,2024-07-01,,"{""source"": ""simulation""}"
acct_001174,acct_001174_owner,first_payment_received,2024-07-23T10:44:00+00:00,2024-07-01,,"{""source"": ""simulation""}"
acct_001175,acct_001175_owner,signup,2024-01-17T19:49:00+00:00,2024-01-01,,"{""source"": ""simulation""}"
acct_001175,acct_001175_owner,first_invoice_created,2024-01-18T19:49:00+00:00,2024-01-01,,"{""source"": ""simulation""}"
acct_001175,acct_001175_owner,first_payment_received,2024-01-21T19:49:00+00:00,2024-01-01,,"{""source"": ""simulation""}"
acct_001175,acct_001175_owner,app_integration_connected,2024-01-26T19:49:00+00:00,2024-01-01,,"{""source"": ""simulation""}"
acct_001176,acct_001176_owner,signup,2024-07-13T19:49:00+00:00,2024-07-01,,"{""source"": ""simulation""}"
acct_001176,acct_001176_owner,first_invoice_created,2024-07-20T19:49:00+00:00,2024-07-01,,"{""source"": ""simulation""}"
acct_001176,acct_001176_owner,first_payment_received,2024-07-22T19:49:00+00:00,2024-07-01,,"{""source"": ""simulation""}"
acct_001176,acct_001176_owner,app_integration_connected,2024-08-11T19:49:00+00:00,2024-08-01,,"{""source"": ""simulation""}"
acct_001176,acct_001176_owner,feature_activated,2024-08-26T19:49:00+00:00,2024-08-01,bank_feed_sync,"{""source"": ""simulation""}"
acct_001177,acct_001177_owner,signup,2024-01-13T19:52:00+00:00,2024-01-01,,"{""source"": ""simulation""}"
acct_001178,acct_001178_owner,signup,2024-09-12T13:43:00+00:00,2024-09-01,,"{""source"": ""simulation""}"
acct_001178,acct_001178_owner,first_invoice_created,2024-09-13T13:43:00+00:00,2024-09-01,,"{""source"": ""simulation""}"
acct_001178,acct_001178_owner,first_payment_received,2024-09-13T13:43:00+00:00,2024-09-01,,"{""source"": ""simulation""}"
acct_001178,acct_001178_owner,app_integration_connected,2024-09-26T13:43:00+00:00,2024-09-01,,"{""source"": ""simulation""}"
acct_001178,acct_001178_owner,feature_activated,2024-10-12T13:43:00+00:00,2024-10-01,bank_feed_sync,"{""source"": ""simulation""}"
acct_001179,acct_001179_owner,signup,2024-01-21T18:05:00+00:00,2024-01-01,,"{""source"": ""simulation""}"
acct_001179,acct_001179_owner,first_invoice_created,2024-01-22T18:05:00+00:00,2024-01-01,,"{""source"": ""simulation""}"
acct_001179,acct_001179_owner,first_payment_received,2024-01-23T18:05:00+00:00,2024-01-01,,"{""source"": ""simulation""}"
acct_001179,acct_001179_owner,app_integration_connected,2024-01-29T18:05:00+00:00,2024-01-01,,"{""source"": ""simulation""}"
acct_001179,acct_001179_owner,plan_upgrade,2024-02-17T18:05:00+00:00,2024-02-01,,"{""source"": ""simulation""}"
acct_001180,acct_001180_owner,signup,2024-02-15T20:49:00+00:00,2024-02-01,,"{""source"": ""simulation""}"
acct_001181,acct_001181_owner,signup,2024-03-18T08:24:00+00:00,2024-03-01,,"{""source"": ""simulation""}"
acct_001182,acct_001182_owner,signup,2024-07-04T18:44:00+00:00,2024-07-01,,"{""source"": ""simulation""}"
acct_001182,acct_001182_owner,first_invoice_created,2024-07-14T18:44:00+00:00,2024-07-01,,"{""source"": ""simulation""}"
acct_001182,acct_001182_owner,first_payment_received,2024-07-19T18:44:00+00:00,2024-07-01,,"{""source"": ""simulation""}"
acct_001183,acct_001183_owner,signup,2024-02-21T15:47:00+00:00,2024-02-01,,"{""source"": ""simulation""}"
acct_001183,acct_001183_owner,first_invoice_created,2024-03-02T15:47:00+00:00,2024-03-01,,"{""source"": ""simulation""}"
acct_001183,acct_001183_owner,first_payment_received,2024-03-09T15:47:00+00:00,2024-03-01,,"{""source"": ""simulation""}"
acct_001183,acct_001183_owner,app_integration_connected,2024-03-24T15:47:00+00:00,2024-03-01,,"{""source"": ""simulation""}"
acct_001183,acct_001183_owner,plan_upgrade,2024-06-17T15:47:00+00:00,2024-06-01,,"{""source"": ""simulation""}"
acct_001184,acct_001184_owner,signup,2024-01-07T08:46:00+00:00,2024-01-01,,"{""source"": ""simulation""}"
acct_001185,acct_001185_owner,signup,2024-07-03T20:34:00+00:00,2024-07-01,,"{""source"": ""simulation""}"
acct_001186,acct_001186_owner,signup,2024-09-15T08:02:00+00:00,2024-09-01,,"{""source"": ""simulation""}"
acct_001187,acct_001187_owner,signup,2024-06-24T08:25:00+00:00,2024-06-01,,"{""source"": ""simulation""}"
acct_001187,acct_001187_owner,first_invoice_created,2024-06-25T08:25:00+00:00,2024-06-01,,"{""source"": ""simulation""}"
acct_001187,acct_001187_owner,first_payment_received,2024-06-27T08:25:00+00:00,2024-06-01,,"{""source"": ""simulation""}"
acct_001187,acct_001187_owner,app_integration_connected,2024-06-29T08:25:00+00:00,2024-06-01,,"{""source"": ""simulation""}"
acct_001187,acct_001187_owner,feature_activated,2024-07-08T08:25:00+00:00,2024-07-01,bank_feed_sync,"{""source"": ""simulation""}"
acct_001187,acct_001187_owner,plan_upgrade,2024-09-02T08:25:00+00:00,2024-09-01,,"{""source"": ""simulation""}"
acct_001188,acct_001188_owner,signup,2024-09-15T18:55:00+00:00,2024-09-01,,"{""source"": ""simulation""}"
acct_001188,acct_001188_owner,first_invoice_created,2024-09-24T18:55:00+00:00,2024-09-01,,"{""source"": ""simulation""}"
acct_001188,acct_001188_owner,first_payment_received,2024-10-02T18:55:00+00:00,2024-10-01,,"{""source"": ""simulation""}"
acct_001188,acct_001188_owner,app_integration_connected,2024-10-10T18:55:00+00:00,2024-10-01,,"{""source"": ""simulation""}"
acct_001188,acct_001188_owner,feature_activated,2024-11-08T18:55:00+00:00,2024-11-01,bank_feed_sync,"{""source"": ""simulation""}"
acct_001189,acct_001189_owner,signup,2024-02-02T19:09:00+00:00,2024-02-01,,"{""source"": ""simulation""}"
acct_001189,acct_001189_owner,first_invoice_created,2024-02-10T19:09:00+00:00,2024-02-01,,"{""source"": ""simulation""}"
acct_001189,acct_001189_owner,first_payment_received,2024-02-18T19:09:00+00:00,2024-02-01,,"{""source"": ""simulation""}"
acct_001189,acct_001189_owner,app_integration_connected,2024-03-06T19:09:00+00:00,2024-03-01,,"{""source"": ""simulation""}"
acct_001190,acct_001190_owner,signup,2024-08-20T08:15:00+00:00,2024-08-01,,"{""source"": ""simulation""}"
acct_001191,acct_001191_owner,signup,2024-03-21T08:57:00+00:00,2024-03-01,,"{""source"": ""simulation""}"
acct_001191,acct_001191_owner,first_invoice_created,2024-03-29T08:57:00+00:00,2024-03-01,,"{""source"": ""simulation""}"
acct_001191,acct_001191_owner,first_payment_received,2024-04-05T08:57:00+00:00,2024-04-01,,"{""source"": ""simulation""}"
acct_001191,acct_001191_owner,app_integration_connected,2024-04-18T08:57:00+00:00,2024-04-01,,"{""source"": ""simulation""}"
acct_001191,acct_001191_owner,feature_activated,2024-05-10T08:57:00+00:00,2024-05-01,bank_feed_sync,"{""source"": ""simulation""}"
acct_001192,acct_001192_owner,signup,2024-08-20T10:53:00+00:00,2024-08-01,,"{""source"": ""simulation""}"
acct_001192,acct_001192_owner,first_invoice_created,2024-08-28T10:53:00+00:00,2024-08-01,,"{""source"": ""simulation""}"
acct_001192,acct_001192_owner,first_payment_received,2024-08-31T10:53:00+00:00,2024-08-01,,"{""source"": ""simulation""}"
acct_001193,acct_001193_owner,signup,2024-02-16T17:51:00+00:00,2024-02-01,,"{""source"": ""simulation""}"
acct_001193,acct_001193_owner,first_invoice_created,2024-02-18T17:51:00+00:00,2024-02-01,,"{""source"": ""simulation""}"
acct_001193,acct_001193_owner,first_payment_received,2024-02-19T17:51:00+00:00,2024-02-01,,"{""source"": ""simulation""}"
acct_001193,acct_001193_owner,app_integration_connected,2024-02-20T17:51:00+00:00,2024-02-01,,"{""source"": ""simulation""}"
acct_001193,acct_001193_owner,feature_activated,2024-02-22T17:51:00+00:00,2024-02-01,bank_feed_sync,"{""source"": ""simulation""}"
acct_001194,acct_001194_owner,signup,2024-04-14T13:51:00+00:00,2024-04-01,,"{""source"": ""simulation""}"
acct_001194,acct_001194_owner,first_invoice_created,2024-04-20T13:51:00+00:00,2024-04-01,,"{""source"": ""simulation""}"
acct_001194,acct_001194_owner,first_payment_received,2024-04-23T13:51:00+00:00,2024-04-01,,"{""source"": ""simulation""}"
acct_001195,acct_001195_owner,signup,2024-02-22T17:34:00+00:00,2024-02-01,,"{""source"": ""simulation""}"
acct_001196,acct_001196_owner,signup,2024-04-25T08:37:00+00:00,2024-04-01,,"{""source"": ""simulation""}"
acct_001196,acct_001196_owner,first_invoice_created,2024-05-01T08:37:00+00:00,2024-05-01,,"{""source"": ""simulation""}"
acct_001197,acct_001197_owner,signup,2024-02-04T12:09:00+00:00,2024-02-01,,"{""source"": ""simulation""}"
acct_001197,acct_001197_owner,first_invoice_created,2024-02-11T12:09:00+00:00,2024-02-01,,"{""source"": ""simulation""}"
acct_001197,acct_001197_owner,first_payment_received,2024-02-13T12:09:00+00:00,2024-02-01,,"{""source"": ""simulation""}"
acct_001198,acct_001198_owner,signup,2024-06-18T10:28:00+00:00,2024-06-01,,"{""source"": ""simulation""}"
acct_001198,acct_001198_owner,first_invoice_created,2024-06-22T10:28:00+00:00,2024-06-01,,"{""source"": ""simulation""}"
acct_001198,acct_001198_owner,first_payment_received,2024-06-23T10:28:00+00:00,2024-06-01,,"{""source"": ""simulation""}"
acct_001199,acct_001199_owner,signup,2024-03-04T20:54:00+00:00,2024-03-01,,"{""source"": ""simulation""}"
acct_001199,acct_001199_owner,first_invoice_created,2024-03-08T20:54:00+00:00,2024-03-01,,"{""source"": ""simulation""}"
acct_001199,acct_001199_owner,first_payment_received,2024-03-14T20:54:00+00:00,2024-03-01,,"{""source"": ""simulation""}"
acct_001199,acct_001199_owner,app_integration_connected,2024-03-19T20:54:00+00:00,2024-03-01,,"{""source"": ""simulation""}"
acct_001199,acct_001199_owner,feature_activated,2024-03-24T20:54:00+00:00,2024-03-01,bank_feed_sync,"{""source"": ""simulation""}"
acct_001200,acct_001200_owner,signup,2024-01-16T09:00:00+00:00,2024-01-01,,"{""source"": ""simulation""}"
acct_001200,acct_001200_owner,first_invoice_created,2024-01-25T09:00:00+00:00,2024-01-01,,"{""source"": ""simulation""}"
acct_001200,acct_001200_owner,first_payment_received,2024-01-31T09:00:00+00:00,2024-01-01,,"{""source"": ""simulation""}"
acct_001200,acct_001200_owner,app_integration_connected,2024-02-12T09:00:00+00:00,2024-02-01,,"{""source"": ""simulation""}"
acct_001200,acct_001200_owner,feature_activated,2024-03-03T09:00:00+00:00,2024-03-01,bank_feed_sync,"{""source"": ""simulation""}"
acct_001201,acct_001201_owner,signup,2024-02-23T18:37:00+00:00,2024-02-01,,"{""source"": ""simulation""}"
acct_001201,acct_001201_owner,first_invoice_created,2024-02-29T18:37:00+00:00,2024-02-01,,"{""source"": ""simulation""}"
acct_001202,acct_001202_owner,signup,2024-08-23T10:13:00+00:00,2024-08-01,,"{""source"": ""simulation""}"
acct_001202,acct_001202_owner,first_invoice_created,2024-08-28T10:13:00+00:00,2024-08-01,,"{""source"": ""simulation""}"
acct_001202,acct_001202_owner,first_payment_received,2024-09-05T10:13:00+00:00,2024-09-01,,"{""source"": ""simulation""}"
acct_001202,acct_001202_owner,app_integration_connected,2024-09-15T10:13:00+00:00,2024-09-01,,"{""source"": ""simulation""}"
acct_001203,acct_001203_owner,signup,2024-09-15T14:15:00+00:00,2024-09-01,,"{""source"": ""simulation""}"
acct_001203,acct_001203_owner,first_invoice_created,2024-09-23T14:15:00+00:00,2024-09-01,,"{""source"": ""simulation""}"
acct_001203,acct_001203_owner,first_payment_received,2024-09-27T14:15:00+00:00,2024-09-01,,"{""source"": ""simulation""}"
acct_001204,acct_001204_owner,signup,2024-03-23T15:39:00+00:00,2024-03-01,,"{""source"": ""simulation""}"
acct_001204,acct_001204_owner,first_invoice_created,2024-04-01T15:39:00+00:00,2024-04-01,,"{""source"": ""simulation""}"
acct_001204,acct_001204_owner,first_payment_received,2024-04-06T15:39:00+00:00,2024-04-01,,"{""source"": ""simulation""}"
acct_001204,acct_001204_owner,app_integration_connected,2024-04-18T15:39:00+00:00,2024-04-01,,"{""source"": ""simulation""}"
acct_001204,acct_001204_owner,feature_activated,2024-04-24T15:39:00+00:00,2024-04-01,bank_feed_sync,"{""source"": ""simulation""}"
acct_001204,acct_001204_owner,plan_upgrade,2024-06-25T15:39:00+00:00,2024-06-01,,"{""source"": ""simulation""}"
acct_001205,acct_001205_owner,signup,2024-06-14T08:35:00+00:00,2024-06-01,,"{""source"": ""simulation""}"
acct_001205,acct_001205_owner,first_invoice_created,2024-06-16T08:35:00+00:00,2024-06-01,,"{""source"": ""simulation""}"
acct_001205,acct_001205_owner,first_payment_received,2024-06-20T08:35:00+00:00,2024-06-01,,"{""source"": ""simulation""}"
acct_001206,acct_001206_owner,signup,2024-02-17T09:39:00+00:00,2024-02-01,,"{""source"": ""simulation""}"
acct_001206,acct_001206_owner,first_invoice_created,2024-02-19T09:39:00+00:00,2024-02-01,,"{""source"": ""simulation""}"
acct_001206,acct_001206_owner,first_payment_received,2024-02-23T09:39:00+00:00,2024-02-01,,"{""source"": ""simulation""}"
acct_001206,acct_001206_owner,app_integration_connected,2024-02-26T09:39:00+00:00,2024-02-01,,"{""source"": ""simulation""}"
acct_001206,acct_001206_owner,feature_activated,2024-03-21T09:39:00+00:00,2024-03-01,bank_feed_sync,"{""source"": ""simulation""}"
acct_001207,acct_001207_owner,signup,2024-08-25T18:42:00+00:00,2024-08-01,,"{""source"": ""simulation""}"
acct_001207,acct_001207_owner,first_invoice_created,2024-08-28T18:42:00+00:00,2024-08-01,,"{""source"": ""simulation""}"
acct_001207,acct_001207_owner,first_payment_received,2024-08-29T18:42:00+00:00,2024-08-01,,"{""source"": ""simulation""}"
acct_001207,acct_001207_owner,app_integration_connected,2024-08-31T18:42:00+00:00,2024-08-01,,"{""source"": ""simulation""}"
acct_001208,acct_001208_owner,signup,2024-01-07T09:50:00+00:00,2024-01-01,,"{""source"": ""simulation""}"
acct_001208,acct_001208_owner,first_invoice_created,2024-01-17T09:50:00+00:00,2024-01-01,,"{""source"": ""simulation""}"
acct_001209,acct_001209_owner,signup,2024-08-06T10:42:00+00:00,2024-08-01,,"{""source"": ""simulation""}"
acct_001209,acct_001209_owner,first_invoice_created,2024-08-07T10:42:00+00:00,2024-08-01,,"{""source"": ""simulation""}"
acct_001209,acct_001209_owner,first_payment_received,2024-08-10T10:42:00+00:00,2024-08-01,,"{""source"": ""simulation""}"
acct_001209,acct_001209_owner,app_integration_connected,2024-08-18T10:42:00+00:00,2024-08-01,,"{""source"": ""simulation""}"
acct_001209,acct_001209_owner,plan_upgrade,2024-11-07T10:42:00+00:00,2024-11-01,,"{""source"": ""simulation""}"
acct_001210,acct_001210_owner,signup,2024-06-10T11:27:00+00:00,2024-06-01,,"{""source"": ""simulation""}"
acct_001211,acct_001211_owner,signup,2024-08-02T09:47:00+00:00,2024-08-01,,"{""source"": ""simulation""}"
acct_001211,acct_001211_owner,first_invoice_created,2024-08-08T09:47:00+00:00,2024-08-01,,"{""source"": ""simulation""}"
acct_001211,acct_001211_owner,first_payment_received,2024-08-13T09:47:00+00:00,2024-08-01,,"{""source"": ""simulation""}"
acct_001212,acct_001212_owner,signup,2024-03-01T15:32:00+00:00,2024-03-01,,"{""source"": ""simulation""}"
acct_001212,acct_001212_owner,first_invoice_created,2024-03-06T15:32:00+00:00,2024-03-01,,"{""source"": ""simulation""}"
acct_001212,acct_001212_owner,first_payment_received,2024-03-10T15:32:00+00:00,2024-03-01,,"{""source"": ""simulation""}"
acct_001212,acct_001212_owner,app_integration_connected,2024-03-16T15:32:00+00:00,2024-03-01,,"{""source"": ""simulation""}"
acct_001212,acct_001212_owner,plan_upgrade,2024-04-23T15:32:00+00:00,2024-04-01,,"{""source"": ""simulation""}"
acct_001213,acct_001213_owner,signup,2024-04-24T15:37:00+00:00,2024-04-01,,"{""source"": ""simulation""}"
acct_001213,acct_001213_owner,first_invoice_created,2024-04-25T15:37:00+00:00,2024-04-01,,"{""source"": ""simulation""}"
acct_001213,acct_001213_owner,first_payment_received,2024-04-30T15:37:00+00:00,2024-04-01,,"{""source"": ""simulation""}"
acct_001213,acct_001213_owner,app_integration_connected,2024-05-11T15:37:00+00:00,2024-05-01,,"{""source"": ""simulation""}"
acct_001214,acct_001214_owner,signup,2024-04-24T18:57:00+00:00,2024-04-01,,"{""source"": ""simulation""}"
acct_001214,acct_001214_owner,first_invoice_created,2024-05-04T18:57:00+00:00,2024-05-01,,"{""source"": ""simulation""}"
acct_001214,acct_001214_owner,first_payment_received,2024-05-11T18:57:00+00:00,2024-05-01,,"{""source"": ""simulation""}"
acct_001215,acct_001215_owner,signup,2024-02-11T11:06:00+00:00,2024-02-01,,"{""source"": ""simulation""}"
acct_001215,acct_001215_owner,first_invoice_created,2024-02-13T11:06:00+00:00,2024-02-01,,"{""source"": ""simulation""}"
acct_001215,acct_001215_owner,first_payment_received,2024-02-15T11:06:00+00:00,2024-02-01,,"{""source"": ""simulation""}"
acct_001215,acct_001215_owner,app_integration_connected,2024-02-25T11:06:00+00:00,2024-02-01,,"{""source"": ""simulation""}"
acct_001215,acct_001215_owner,feature_activated,2024-03-09T11:06:00+00:00,2024-03-01,bank_feed_sync,"{""source"": ""simulation""}"
acct_001216,acct_001216_owner,signup,2024-04-13T11:04:00+00:00,2024-04-01,,"{""source"": ""simulation""}"
acct_001216,acct_001216_owner,first_invoice_created,2024-04-14T11:04:00+00:00,2024-04-01,,"{""source"": ""simulation""}"
acct_001216,acct_001216_owner,first_payment_received,2024-04-20T11:04:00+00:00,2024-04-01,,"{""source"": ""simulation""}"
acct_001216,acct_001216_owner,app_integration_connected,2024-04-22T11:04:00+00:00,2024-04-01,,"{""source"": ""simulation""}"
acct_001216,acct_001216_owner,feature_activated,2024-05-06T11:04:00+00:00,2024-05-01,bank_feed_sync,"{""source"": ""simulation""}"
acct_001217,acct_001217_owner,signup,2024-01-14T10:13:00+00:00,2024-01-01,,"{""source"": ""simulation""}"
acct_001217,acct_001217_owner,first_invoice_created,2024-01-22T10:13:00+00:00,2024-01-01,,"{""source"": ""simulation""}"
acct_001218,acct_001218_owner,signup,2024-07-12T10:29:00+00:00,2024-07-01,,"{""source"": ""simulation""}"
acct_001218,acct_001218_owner,first_invoice_created,2024-07-15T10:29:00+00:00,2024-07-01,,"{""source"": ""simulation""}"
acct_001218,acct_001218_owner,first_payment_received,2024-07-19T10:29:00+00:00,2024-07-01,,"{""source"": ""simulation""}"
acct_001218,acct_001218_owner,app_integration_connected,2024-08-07T10:29:00+00:00,2024-08-01,,"{""source"": ""simulation""}"
acct_001218,acct_001218_owner,feature_activated,2024-08-08T10:29:00+00:00,2024-08-01,bank_feed_sync,"{""source"": ""simulation""}"
acct_001219,acct_001219_owner,signup,2024-05-07T13:08:00+00:00,2024-05-01,,"{""source"": ""simulation""}"
acct_001219,acct_001219_owner,first_invoice_created,2024-05-14T13:08:00+00:00,2024-05-01,,"{""source"": ""simulation""}"
acct_001219,acct_001219_owner,first_payment_received,2024-05-16T13:08:00+00:00,2024-05-01,,"{""source"": ""simulation""}"
acct_001220,acct_001220_owner,signup,2024-05-05T09:54:00+00:00,2024-05-01,,"{""source"": ""simulation""}"
acct_001220,acct_001220_owner,first_invoice_created,2024-05-06T09:54:00+00:00,2024-05-01,,"{""source"": ""simulation""}"
acct_001220,acct_001220_owner,first_payment_received,2024-05-10T09:54:00+00:00,2024-05-01,,"{""source"": ""simulation""}"
acct_001221,acct_001221_owner,signup,2024-07-06T20:21:00+00:00,2024-07-01,,"{""source"": ""simulation""}"
acct_001221,acct_001221_owner,first_invoice_created,2024-07-14T20:21:00+00:00,2024-07-01,,"{""source"": ""simulation""}"
acct_001221,acct_001221_owner,first_payment_received,2024-07-20T20:21:00+00:00,2024-07-01,,"{""source"": ""simulation""}"
acct_001221,acct_001221_owner,app_integration_connected,2024-07-26T20:21:00+00:00,2024-07-01,,"{""source"": ""simulation""}"
acct_001222,acct_001222_owner,signup,2024-03-21T17:57:00+00:00,2024-03-01,,"{""source"": ""simulation""}"
acct_001222,acct_001222_owner,first_invoice_created,2024-03-22T17:57:00+00:00,2024-03-01,,"{""source"": ""simulation""}"
acct_001222,acct_001222_owner,first_payment_received,2024-03-22T17:57:00+00:00,2024-03-01,,"{""source"": ""simulation""}"
acct_001222,acct_001222_owner,app_integration_connected,2024-03-24T17:57:00+00:00,2024-03-01,,"{""source"": ""simulation""}"
acct_001222,acct_001222_owner,feature_activated,2024-04-04T17:57:00+00:00,2024-04-01,bank_feed_sync,"{""source"": ""simulation""}"
acct_001222,acct_001222_owner,plan_upgrade,2024-05-15T17:57:00+00:00,2024-05-01,,"{""source"": ""simulation""}"
acct_001223,acct_001223_owner,signup,2024-02-14T16:31:00+00:00,2024-02-01,,"{""source"": ""simulation""}"
acct_001223,acct_001223_owner,first_invoice_created,2024-02-17T16:31:00+00:00,2024-02-01,,"{""source"": ""simulation""}"
acct_001223,acct_001223_owner,first_payment_received,2024-02-24T16:31:00+00:00,2024-02-01,,"{""source"": ""simulation""}"
acct_001224,acct_001224_owner,signup,2024-08-09T08:46:00+00:00,2024-08-01,,"{""source"": ""simulation""}"
acct_001224,acct_001224_owner,first_invoice_created,2024-08-14T08:46:00+00:00,2024-08-01,,"{""source"": ""simulation""}"
acct_001224,acct_001224_owner,first_payment_received,2024-08-18T08:46:00+00:00,2024-08-01,,"{""source"": ""simulation""}"
acct_001224,acct_001224_owner,app_integration_connected,2024-09-05T08:46:00+00:00,2024-09-01,,"{""source"": ""simulation""}"
acct_001224,acct_001224_owner,feature_activated,2024-09-07T08:46:00+00:00,2024-09-01,bank_feed_sync,"{""source"": ""simulation""}"
acct_001225,acct_001225_owner,signup,2024-04-11T14:37:00+00:00,2024-04-01,,"{""source"": ""simulation""}"
acct_001226,acct_001226_owner,signup,2024-01-14T08:02:00+00:00,2024-01-01,,"{""source"": ""simulation""}"
acct_001226,acct_001226_owner,first_invoice_created,2024-01-15T08:02:00+00:00,2024-01-01,,"{""source"": ""simulation""}"
acct_001226,acct_001226_owner,first_payment_received,2024-01-21T08:02:00+00:00,2024-01-01,,"{""source"": ""simulation""}"
acct_001227,acct_001227_owner,signup,2024-07-17T14:30:00+00:00,2024-07-01,,"{""source"": ""simulation""}"
acct_001227,acct_001227_owner,first_invoice_created,2024-07-24T14:30:00+00:00,2024-07-01,,"{""source"": ""simulation""}"
acct_001227,acct_001227_owner,first_payment_received,2024-07-31T14:30:00+00:00,2024-07-01,,"{""source"": ""simulation""}"
acct_001227,acct_001227_owner,app_integration_connected,2024-08-06T14:30:00+00:00,2024-08-01,,"{""source"": ""simulation""}"
acct_001227,acct_001227_owner,feature_activated,2024-08-28T14:30:00+00:00,2024-08-01,bank_feed_sync,"{""source"": ""simulation""}"
acct_001228,acct_001228_owner,signup,2024-08-08T09:35:00+00:00,2024-08-01,,"{""source"": ""simulation""}"
acct_001228,acct_001228_owner,first_invoice_created,2024-08-09T09:35:00+00:00,2024-08-01,,"{""source"": ""simulation""}"
acct_001229,acct_001229_owner,signup,2024-04-05T13:18:00+00:00,2024-04-01,,"{""source"": ""simulation""}"
acct_001230,acct_001230_owner,signup,2024-01-16T18:19:00+00:00,2024-01-01,,"{""source"": ""simulation""}"
acct_001231,acct_001231_owner,signup,2024-01-15T15:49:00+00:00,2024-01-01,,"{""source"": ""simulation""}"
acct_001231,acct_001231_owner,first_invoice_created,2024-01-22T15:49:00+00:00,2024-01-01,,"{""source"": ""simulation""}"
acct_001231,acct_001231_owner,first_payment_received,2024-01-23T15:49:00+00:00,2024-01-01,,"{""source"": ""simulation""}"
acct_001231,acct_001231_owner,app_integration_connected,2024-02-12T15:49:00+00:00,2024-02-01,,"{""source"": ""simulation""}"
acct_001231,acct_001231_owner,feature_activated,2024-02-22T15:49:00+00:00,2024-02-01,bank_feed_sync,"{""source"": ""simulation""}"
acct_001231,acct_001231_owner,plan_upgrade,2024-03-20T15:49:00+00:00,2024-03-01,,"{""source"": ""simulation""}"
acct_001232,acct_001232_owner,signup,2024-03-12T18:29:00+00:00,2024-03-01,,"{""source"": ""simulation""}"
acct_001232,acct_001232_owner,first_invoice_created,2024-03-18T18:29:00+00:00,2024-03-01,,"{""source"": ""simulation""}"
acct_001232,acct_001232_owner,first_payment_received,2024-03-19T18:29:00+00:00,2024-03-01,,"{""source"": ""simulation""}"
acct_001232,acct_001232_owner,app_integration_connected,2024-04-05T18:29:00+00:00,2024-04-01,,"{""source"": ""simulation""}"
acct_001232,acct_001232_owner,feature_activated,2024-04-25T18:29:00+00:00,2024-04-01,bank_feed_sync,"{""source"": ""simulation""}"
acct_001232,acct_001232_owner,plan_upgrade,2024-07-03T18:29:00+00:00,2024-07-01,,"{""source"": ""simulation""}"
acct_001233,acct_001233_owner,signup,2024-07-23T13:33:00+00:00,2024-07-01,,"{""source"": ""simulation""}"
acct_001233,acct_001233_owner,first_invoice_created,2024-07-28T13:33:00+00:00,2024-07-01,,"{""source"": ""simulation""}"
acct_001233,acct_001233_owner,first_payment_received,2024-07-28T13:33:00+00:00,2024-07-01,,"{""source"": ""simulation""}"
acct_001233,acct_001233_owner,app_integration_connected,2024-08-10T13:33:00+00:00,2024-08-01,,"{""source"": ""simulation""}"
acct_001233,acct_001233_owner,feature_activated,2024-08-30T13:33:00+00:00,2024-08-01,bank_feed_sync,"{""source"": ""simulation""}"
acct_001233,acct_001233_owner,plan_upgrade,2024-09-24T13:33:00+00:00,2024-09-01,,"{""source"": ""simulation""}"
acct_001234,acct_001234_owner,signup,2024-07-25T12:44:00+00:00,2024-07-01,,"{""source"": ""simulation""}"
acct_001234,acct_001234_owner,first_invoice_created,2024-07-30T12:44:00+00:00,2024-07-01,,"{""source"": ""simulation""}"
acct_001234,acct_001234_owner,first_payment_received,2024-08-05T12:44:00+00:00,2024-08-01,,"{""source"": ""simulation""}"
acct_001234,acct_001234_owner,app_integration_connected,2024-08-25T12:44:00+00:00,2024-08-01,,"{""source"": ""simulation""}"
acct_001234,acct_001234_owner,feature_activated,2024-09-15T12:44:00+00:00,2024-09-01,bank_feed_sync,"{""source"": ""simulation""}"
acct_001235,acct_001235_owner,signup,2024-06-24T08:32:00+00:00,2024-06-01,,"{""source"": ""simulation""}"
acct_001235,acct_001235_owner,first_invoice_created,2024-07-03T08:32:00+00:00,2024-07-01,,"{""source"": ""simulation""}"
acct_001235,acct_001235_owner,first_payment_received,2024-07-03T08:32:00+00:00,2024-07-01,,"{""source"": ""simulation""}"
acct_001235,acct_001235_owner,app_integration_connected,2024-07-18T08:32:00+00:00,2024-07-01,,"{""source"": ""simulation""}"
acct_001235,acct_001235_owner,feature_activated,2024-08-06T08:32:00+00:00,2024-08-01,bank_feed_sync,"{""source"": ""simulation""}"
acct_001236,acct_001236_owner,signup,2024-02-13T13:29:00+00:00,2024-02-01,,"{""source"": ""simulation""}"
acct_001236,acct_001236_owner,first_invoice_created,2024-02-19T13:29:00+00:00,2024-02-01,,"{""source"": ""simulation""}"
acct_001236,acct_001236_owner,first_payment_received,2024-02-21T13:29:00+00:00,2024-02-01,,"{""source"": ""simulation""}"
acct_001237,acct_001237_owner,signup,2024-06-06T18:35:00+00:00,2024-06-01,,"{""source"": ""simulation""}"
acct_001237,acct_001237_owner,first_invoice_created,2024-06-13T18:35:00+00:00,2024-06-01,,"{""source"": ""simulation""}"
acct_001238,acct_001238_owner,signup,2024-03-11T11:34:00+00:00,2024-03-01,,"{""source"": ""simulation""}"
acct_001238,acct_001238_owner,first_invoice_created,2024-03-20T11:34:00+00:00,2024-03-01,,"{""source"": ""simulation""}"
acct_001238,acct_001238_owner,first_payment_received,2024-03-26T11:34:00+00:00,2024-03-01,,"{""source"": ""simulation""}"
acct_001239,acct_001239_owner,signup,2024-04-25T19:48:00+00:00,2024-04-01,,"{""source"": ""simulation""}"
acct_001239,acct_001239_owner,first_invoice_created,2024-04-28T19:48:00+00:00,2024-04-01,,"{""source"": ""simulation""}"
acct_001239,acct_001239_owner,first_payment_received,2024-05-06T19:48:00+00:00,2024-05-01,,"{""source"": ""simulation""}"
acct_001240,acct_001240_owner,signup,2024-06-09T16:43:00+00:00,2024-06-01,,"{""source"": ""simulation""}"
acct_001241,acct_001241_owner,signup,2024-01-03T13:22:00+00:00,2024-01-01,,"{""source"": ""simulation""}"
acct_001241,acct_001241_owner,first_invoice_created,2024-01-05T13:22:00+00:00,2024-01-01,,"{""source"": ""simulation""}"
acct_001241,acct_001241_owner,first_payment_received,2024-01-10T13:22:00+00:00,2024-01-01,,"{""source"": ""simulation""}"
acct_001241,acct_001241_owner,app_integration_connected,2024-01-15T13:22:00+00:00,2024-01-01,,"{""source"": ""simulation""}"
acct_001241,acct_001241_owner,feature_activated,2024-01-29T13:22:00+00:00,2024-01-01,bank_feed_sync,"{""source"": ""simulation""}"
acct_001242,acct_001242_owner,signup,2024-09-17T09:30:00+00:00,2024-09-01,,"{""source"": ""simulation""}"
acct_001242,acct_001242_owner,first_invoice_created,2024-09-23T09:30:00+00:00,2024-09-01,,"{""source"": ""simulation""}"
acct_001242,acct_001242_owner,first_payment_received,2024-09-30T09:30:00+00:00,2024-09-01,,"{""source"": ""simulation""}"
acct_001242,acct_001242_owner,app_integration_connected,2024-10-04T09:30:00+00:00,2024-10-01,,"{""source"": ""simulation""}"
acct_001243,acct_001243_owner,signup,2024-06-22T19:51:00+00:00,2024-06-01,,"{""source"": ""simulation""}"
acct_001243,acct_001243_owner,first_invoice_created,2024-06-28T19:51:00+00:00,2024-06-01,,"{""source"": ""simulation""}"
acct_001244,acct_001244_owner,signup,2024-08-03T09:25:00+00:00,2024-08-01,,"{""source"": ""simulation""}"
acct_001244,acct_001244_owner,first_invoice_created,2024-08-13T09:25:00+00:00,2024-08-01,,"{""source"": ""simulation""}"
acct_001244,acct_001244_owner,first_payment_received,2024-08-18T09:25:00+00:00,2024-08-01,,"{""source"": ""simulation""}"
acct_001245,acct_001245_owner,signup,2024-02-04T10:17:00+00:00,2024-02-01,,"{""source"": ""simulation""}"
acct_001245,acct_001245_owner,first_invoice_created,2024-02-09T10:17:00+00:00,2024-02-01,,"{""source"": ""simulation""}"
acct_001246,acct_001246_owner,signup,2024-08-05T11:33:00+00:00,2024-08-01,,"{""source"": ""simulation""}"
acct_001246,acct_001246_owner,first_invoice_created,2024-08-11T11:33:00+00:00,2024-08-01,,"{""source"": ""simulation""}"
acct_001246,acct_001246_owner,first_payment_received,2024-08-17T11:33:00+00:00,2024-08-01,,"{""source"": ""simulation""}"
acct_001247,acct_001247_owner,signup,2024-07-22T16:59:00+00:00,2024-07-01,,"{""source"": ""simulation""}"
acct_001247,acct_001247_owner,first_invoice_created,2024-07-24T16:59:00+00:00,2024-07-01,,"{""source"": ""simulation""}"
acct_001247,acct_001247_owner,first_payment_received,2024-07-29T16:59:00+00:00,2024-07-01,,"{""source"": ""simulation""}"
acct_001248,acct_001248_owner,signup,2024-06-14T15:47:00+00:00,2024-06-01,,"{""source"": ""simulation""}"
acct_001248,acct_001248_owner,first_invoice_created,2024-06-16T15:47:00+00:00,2024-06-01,,"{""source"": ""simulation""}"
acct_001248,acct_001248_owner,first_payment_received,2024-06-21T15:47:00+00:00,2024-06-01,,"{""source"": ""simulation""}"
acct_001248,acct_001248_owner,app_integration_connected,2024-07-02T15:47:00+00:00,2024-07-01,,"{""source"": ""simulation""}"
acct_001248,acct_001248_owner,plan_upgrade,2024-08-02T15:47:00+00:00,2024-08-01,,"{""source"": ""simulation""}"
acct_001249,acct_001249_owner,signup,2024-04-03T08:55:00+00:00,2024-04-01,,"{""source"": ""simulation""}"
acct_001249,acct_001249_owner,first_invoice_created,2024-04-10T08:55:00+00:00,2024-04-01,,"{""source"": ""simulation""}"
acct_001249,acct_001249_owner,first_payment_received,2024-04-15T08:55:00+00:00,2024-04-01,,"{""source"": ""simulation""}"
acct_001250,acct_001250_owner,signup,2024-07-19T13:41:00+00:00,2024-07-01,,"{""source"": ""simulation""}"
acct_001250,acct_001250_owner,first_invoice_created,2024-07-27T13:41:00+00:00,2024-07-01,,"{""source"": ""simulation""}"
acct_001250,acct_001250_owner,first_payment_received,2024-07-30T13:41:00+00:00,2024-07-01,,"{""source"": ""simulation""}"
acct_001251,acct_001251_owner,signup,2024-09-18T15:29:00+00:00,2024-09-01,,"{""source"": ""simulation""}"
acct_001251,acct_001251_owner,first_invoice_created,2024-09-22T15:29:00+00:00,2024-09-01,,"{""source"": ""simulation""}"
acct_001251,acct_001251_owner,first_payment_received,2024-09-22T15:29:00+00:00,2024-09-01,,"{""source"": ""simulation""}"
acct_001252,acct_001252_owner,signup,2024-05-06T20:16:00+00:00,2024-05-01,,"{""source"": ""simulation""}"
acct_001252,acct_001252_owner,first_invoice_created,2024-05-12T20:16:00+00:00,2024-05-01,,"{""source"": ""simulation""}"
acct_001252,acct_001252_owner,first_payment_received,2024-05-14T20:16:00+00:00,2024-05-01,,"{""source"": ""simulation""}"
acct_001253,acct_001253_owner,signup,2024-06-10T20:54:00+00:00,2024-06-01,,"{""source"": ""simulation""}"
acct_001253,acct_001253_owner,first_invoice_created,2024-06-20T20:54:00+00:00,2024-06-01,,"{""source"": ""simulation""}"
acct_001253,acct_001253_owner,first_payment_received,2024-06-21T20:54:00+00:00,2024-06-01,,"{""source"": ""simulation""}"
acct_001254,acct_001254_owner,signup,2024-06-10T15:10:00+00:00,2024-06-01,,"{""source"": ""simulation""}"
acct_001254,acct_001254_owner,first_invoice_created,2024-06-15T15:10:00+00:00,2024-06-01,,"{""source"": ""simulation""}"
acct_001254,acct_001254_owner,first_payment_received,2024-06-20T15:10:00+00:00,2024-06-01,,"{""source"": ""simulation""}"
acct_001255,acct_001255_owner,signup,2024-03-06T19:44:00+00:00,2024-03-01,,"{""source"": ""simulation""}"
acct_001255,acct_001255_owner,first_invoice_created,2024-03-16T19:44:00+00:00,2024-03-01,,"{""source"": ""simulation""}"
acct_001256,acct_001256_owner,signup,2024-04-04T08:20:00+00:00,2024-04-01,,"{""source"": ""simulation""}"
acct_001257,acct_001257_owner,signup,2024-05-12T10:13:00+00:00,2024-05-01,,"{""source"": ""simulation""}"
acct_001257,acct_001257_owner,first_invoice_created,2024-05-17T10:13:00+00:00,2024-05-01,,"{""source"": ""simulation""}"
acct_001257,acct_001257_owner,first_payment_received,2024-05-25T10:13:00+00:00,2024-05-01,,"{""source"": ""simulation""}"
acct_001258,acct_001258_owner,signup,2024-06-05T13:28:00+00:00,2024-06-01,,"{""source"": ""simulation""}"
acct_001259,acct_001259_owner,signup,2024-02-01T14:59:00+00:00,2024-02-01,,"{""source"": ""simulation""}"
acct_001260,acct_001260_owner,signup,2024-08-11T10:00:00+00:00,2024-08-01,,"{""source"": ""simulation""}"
acct_001260,acct_001260_owner,first_invoice_created,2024-08-14T10:00:00+00:00,2024-08-01,,"{""source"": ""simulation""}"
acct_001260,acct_001260_owner,first_payment_received,2024-08-21T10:00:00+00:00,2024-08-01,,"{""source"": ""simulation""}"
acct_001260,acct_001260_owner,app_integration_connected,2024-09-01T10:00:00+00:00,2024-09-01,,"{""source"": ""simulation""}"
acct_001260,acct_001260_owner,feature_activated,2024-09-05T10:00:00+00:00,2024-09-01,bank_feed_sync,"{""source"": ""simulation""}"
acct_001261,acct_001261_owner,signup,2024-08-10T20:36:00+00:00,2024-08-01,,"{""source"": ""simulation""}"
acct_001261,acct_001261_owner,first_invoice_created,2024-08-14T20:36:00+00:00,2024-08-01,,"{""source"": ""simulation""}"
acct_001261,acct_001261_owner,first_payment_received,2024-08-16T20:36:00+00:00,2024-08-01,,"{""source"": ""simulation""}"
acct_001261,acct_001261_owner,app_integration_connected,2024-09-03T20:36:00+00:00,2024-09-01,,"{""source"": ""simulation""}"
acct_001261,acct_001261_owner,feature_activated,2024-09-29T20:36:00+00:00,2024-09-01,bank_feed_sync,"{""source"": ""simulation""}"
acct_001262,acct_001262_owner,signup,2024-06-23T09:46:00+00:00,2024-06-01,,"{""source"": ""simulation""}"
acct_001262,acct_001262_owner,first_invoice_created,2024-06-24T09:46:00+00:00,2024-06-01,,"{""source"": ""simulation""}"
acct_001263,acct_001263_owner,signup,2024-03-22T16:07:00+00:00,2024-03-01,,"{""source"": ""simulation""}"
acct_001263,acct_001263_owner,first_invoice_created,2024-03-30T16:07:00+00:00,2024-03-01,,"{""source"": ""simulation""}"
acct_001263,acct_001263_owner,first_payment_received,2024-04-05T16:07:00+00:00,2024-04-01,,"{""source"": ""simulation""}"
acct_001263,acct_001263_owner,app_integration_connected,2024-04-16T16:07:00+00:00,2024-04-01,,"{""source"": ""simulation""}"
acct_001263,acct_001263_owner,feature_activated,2024-05-16T16:07:00+00:00,2024-05-01,bank_feed_sync,"{""source"": ""simulation""}"
acct_001263,acct_001263_owner,plan_upgrade,2024-06-27T16:07:00+00:00,2024-06-01,,"{""source"": ""simulation""}"
acct_001264,acct_001264_owner,signup,2024-07-20T11:28:00+00:00,2024-07-01,,"{""source"": ""simulation""}"
acct_001264,acct_001264_owner,first_invoice_created,2024-07-25T11:28:00+00:00,2024-07-01,,"{""source"": ""simulation""}"
acct_001264,acct_001264_owner,first_payment_received,2024-08-02T11:28:00+00:00,2024-08-01,,"{""source"": ""simulation""}"
acct_001264,acct_001264_owner,app_integration_connected,2024-08-07T11:28:00+00:00,2024-08-01,,"{""source"": ""simulation""}"
acct_001264,acct_001264_owner,feature_activated,2024-08-08T11:28:00+00:00,2024-08-01,bank_feed_sync,"{""source"": ""simulation""}"
acct_001265,acct_001265_owner,signup,2024-06-02T17:41:00+00:00,2024-06-01,,"{""source"": ""simulation""}"
acct_001266,acct_001266_owner,signup,2024-05-07T08:05:00+00:00,2024-05-01,,"{""source"": ""simulation""}"
acct_001266,acct_001266_owner,first_invoice_created,2024-05-11T08:05:00+00:00,2024-05-01,,"{""source"": ""simulation""}"
acct_001267,acct_001267_owner,signup,2024-09-13T11:31:00+00:00,2024-09-01,,"{""source"": ""simulation""}"
acct_001267,acct_001267_owner,first_invoice_created,2024-09-14T11:31:00+00:00,2024-09-01,,"{""source"": ""simulation""}"
acct_001267,acct_001267_owner,first_payment_received,2024-09-14T11:31:00+00:00,2024-09-01,,"{""source"": ""simulation""}"
acct_001267,acct_001267_owner,app_integration_connected,2024-09-18T11:31:00+00:00,2024-09-01,,"{""source"": ""simulation""}"
acct_001267,acct_001267_owner,feature_activated,2024-09-24T11:31:00+00:00,2024-09-01,bank_feed_sync,"{""source"": ""simulation""}"
acct_001267,acct_001267_owner,plan_upgrade,2024-10-10T11:31:00+00:00,2024-10-01,,"{""source"": ""simulation""}"
acct_001268,acct_001268_owner,signup,2024-06-13T10:45:00+00:00,2024-06-01,,"{""source"": ""simulation""}"
acct_001268,acct_001268_owner,first_invoice_created,2024-06-23T10:45:00+00:00,2024-06-01,,"{""source"": ""simulation""}"
acct_001268,acct_001268_owner,first_payment_received,2024-06-23T10:45:00+00:00,2024-06-01,,"{""source"": ""simulation""}"
acct_001268,acct_001268_owner,app_integration_connected,2024-07-10T10:45:00+00:00,2024-07-01,,"{""source"": ""simulation""}"
acct_001268,acct_001268_owner,feature_activated,2024-07-28T10:45:00+00:00,2024-07-01,bank_feed_sync,"{""source"": ""simulation""}"
acct_001269,acct_001269_owner,signup,2024-07-12T08:18:00+00:00,2024-07-01,,"{""source"": ""simulation""}"
acct_001269,acct_001269_owner,first_invoice_created,2024-07-17T08:18:00+00:00,2024-07-01,,"{""source"": ""simulation""}"
acct_001270,acct_001270_owner,signup,2024-05-15T16:05:00+00:00,2024-05-01,,"{""source"": ""simulation""}"
acct_001270,acct_001270_owner,first_invoice_created,2024-05-22T16:05:00+00:00,2024-05-01,,"{""source"": ""simulation""}"
acct_001271,acct_001271_owner,signup,2024-07-15T12:10:00+00:00,2024-07-01,,"{""source"": ""simulation""}"
acct_001271,acct_001271_owner,first_invoice_created,2024-07-23T12:10:00+00:00,2024-07-01,,"{""source"": ""simulation""}"
acct_001271,acct_001271_owner,first_payment_received,2024-07-24T12:10:00+00:00,2024-07-01,,"{""source"": ""simulation""}"
acct_001272,acct_001272_owner,signup,2024-03-19T17:05:00+00:00,2024-03-01,,"{""source"": ""simulation""}"
acct_001273,acct_001273_owner,signup,2024-05-16T16:21:00+00:00,2024-05-01,,"{""source"": ""simulation""}"
acct_001273,acct_001273_owner,first_invoice_created,2024-05-23T16:21:00+00:00,2024-05-01,,"{""source"": ""simulation""}"
acct_001273,acct_001273_owner,first_payment_received,2024-05-29T16:21:00+00:00,2024-05-01,,"{""source"": ""simulation""}"
acct_001274,acct_001274_owner,signup,2024-02-01T14:40:00+00:00,2024-02-01,,"{""source"": ""simulation""}"
acct_001274,acct_001274_owner,first_invoice_created,2024-02-06T14:40:00+00:00,2024-02-01,,"{""source"": ""simulation""}"
acct_001274,acct_001274_owner,first_payment_received,2024-02-08T14:40:00+00:00,2024-02-01,,"{""source"": ""simulation""}"
acct_001275,acct_001275_owner,signup,2024-03-18T15:45:00+00:00,2024-03-01,,"{""source"": ""simulation""}"
acct_001275,acct_001275_owner,first_invoice_created,2024-03-21T15:45:00+00:00,2024-03-01,,"{""source"": ""simulation""}"
acct_001275,acct_001275_owner,first_payment_received,2024-03-24T15:45:00+00:00,2024-03-01,,"{""source"": ""simulation""}"
acct_001276,acct_001276_owner,signup,2024-03-13T12:35:00+00:00,2024-03-01,,"{""source"": ""simulation""}"
acct_001276,acct_001276_owner,first_invoice_created,2024-03-14T12:35:00+00:00,2024-03-01,,"{""source"": ""simulation""}"
acct_001276,acct_001276_owner,first_payment_received,2024-03-16T12:35:00+00:00,2024-03-01,,"{""source"": ""simulation""}"
acct_001276,acct_001276_owner,app_integration_connected,2024-03-21T12:35:00+00:00,2024-03-01,,"{""source"": ""simulation""}"
acct_001277,acct_001277_owner,signup,2024-05-19T12:31:00+00:00,2024-05-01,,"{""source"": ""simulation""}"
acct_001278,acct_001278_owner,signup,2024-01-01T10:16:00+00:00,2024-01-01,,"{""source"": ""simulation""}"
acct_001278,acct_001278_owner,first_invoice_created,2024-01-03T10:16:00+00:00,2024-01-01,,"{""source"": ""simulation""}"
acct_001278,acct_001278_owner,first_payment_received,2024-01-10T10:16:00+00:00,2024-01-01,,"{""source"": ""simulation""}"
acct_001279,acct_001279_owner,signup,2024-02-21T18:57:00+00:00,2024-02-01,,"{""source"": ""simulation""}"
acct_001279,acct_001279_owner,first_invoice_created,2024-02-28T18:57:00+00:00,2024-02-01,,"{""source"": ""simulation""}"
acct_001279,acct_001279_owner,first_payment_received,2024-02-28T18:57:00+00:00,2024-02-01,,"{""source"": ""simulation""}"
acct_001279,acct_001279_owner,app_integration_connected,2024-03-15T18:57:00+00:00,2024-03-01,,"{""source"": ""simulation""}"
acct_001279,acct_001279_owner,feature_activated,2024-03-29T18:57:00+00:00,2024-03-01,bank_feed_sync,"{""source"": ""simulation""}"
acct_001280,acct_001280_owner,signup,2024-03-16T19:41:00+00:00,2024-03-01,,"{""source"": ""simulation""}"
acct_001280,acct_001280_owner,first_invoice_created,2024-03-21T19:41:00+00:00,2024-03-01,,"{""source"": ""simulation""}"
acct_001281,acct_001281_owner,signup,2024-02-25T12:31:00+00:00,2024-02-01,,"{""source"": ""simulation""}"
acct_001281,acct_001281_owner,first_invoice_created,2024-02-29T12:31:00+00:00,2024-02-01,,"{""source"": ""simulation""}"
acct_001281,acct_001281_owner,first_payment_received,2024-03-04T12:31:00+00:00,2024-03-01,,"{""source"": ""simulation""}"
acct_001282,acct_001282_owner,signup,2024-08-19T14:55:00+00:00,2024-08-01,,"{""source"": ""simulation""}"
acct_001283,acct_001283_owner,signup,2024-02-12T16:46:00+00:00,2024-02-01,,"{""source"": ""simulation""}"
acct_001283,acct_001283_owner,first_invoice_created,2024-02-17T16:46:00+00:00,2024-02-01,,"{""source"": ""simulation""}"
acct_001283,acct_001283_owner,first_payment_received,2024-02-18T16:46:00+00:00,2024-02-01,,"{""source"": ""simulation""}"
acct_001284,acct_001284_owner,signup,2024-03-19T08:09:00+00:00,2024-03-01,,"{""source"": ""simulation""}"
acct_001284,acct_001284_owner,first_invoice_created,2024-03-26T08:09:00+00:00,2024-03-01,,"{""source"": ""simulation""}"
acct_001284,acct_001284_owner,first_payment_received,2024-03-30T08:09:00+00:00,2024-03-01,,"{""source"": ""simulation""}"
acct_001285,acct_001285_owner,signup,2024-03-12T10:03:00+00:00,2024-03-01,,"{""source"": ""simulation""}"
acct_001285,acct_001285_owner,first_invoice_created,2024-03-22T10:03:00+00:00,2024-03-01,,"{""source"": ""simulation""}"
acct_001285,acct_001285_owner,first_payment_received,2024-03-24T10:03:00+00:00,2024-03-01,,"{""source"": ""simulation""}"
acct_001285,acct_001285_owner,app_integration_connected,2024-04-06T10:03:00+00:00,2024-04-01,,"{""source"": ""simulation""}"
acct_001285,acct_001285_owner,feature_activated,2024-04-24T10:03:00+00:00,2024-04-01,bank_feed_sync,"{""source"": ""simulation""}"
acct_001286,acct_001286_owner,signup,2024-07-21T13:03:00+00:00,2024-07-01,,"{""source"": ""simulation""}"
acct_001287,acct_001287_owner,signup,2024-09-21T09:32:00+00:00,2024-09-01,,"{""source"": ""simulation""}"
acct_001287,acct_001287_owner,first_invoice_created,2024-09-26T09:32:00+00:00,2024-09-01,,"{""source"": ""simulation""}"
acct_001287,acct_001287_owner,first_payment_received,2024-09-26T09:32:00+00:00,2024-09-01,,"{""source"": ""simulation""}"
acct_001287,acct_001287_owner,app_integration_connected,2024-10-07T09:32:00+00:00,2024-10-01,,"{""source"": ""simulation""}"
acct_001287,acct_001287_owner,feature_activated,2024-10-29T09:32:00+00:00,2024-10-01,bank_feed_sync,"{""source"": ""simulation""}"
acct_001288,acct_001288_owner,signup,2024-02-20T20:10:00+00:00,2024-02-01,,"{""source"": ""simulation""}"
acct_001288,acct_001288_owner,first_invoice_created,2024-02-22T20:10:00+00:00,2024-02-01,,"{""source"": ""simulation""}"
acct_001288,acct_001288_owner,first_payment_received,2024-02-24T20:10:00+00:00,2024-02-01,,"{""source"": ""simulation""}"
acct_001289,acct_001289_owner,signup,2024-05-09T18:44:00+00:00,2024-05-01,,"{""source"": ""simulation""}"
acct_001290,acct_001290_owner,signup,2024-09-19T13:52:00+00:00,2024-09-01,,"{""source"": ""simulation""}"
acct_001290,acct_001290_owner,first_invoice_created,2024-09-21T13:52:00+00:00,2024-09-01,,"{""source"": ""simulation""}"
acct_001290,acct_001290_owner,first_payment_received,2024-09-26T13:52:00+00:00,2024-09-01,,"{""source"": ""simulation""}"
acct_001291,acct_001291_owner,signup,2024-03-17T12:23:00+00:00,2024-03-01,,"{""source"": ""simulation""}"
acct_001291,acct_001291_owner,first_invoice_created,2024-03-24T12:23:00+00:00,2024-03-01,,"{""source"": ""simulation""}"
acct_001291,acct_001291_owner,first_payment_received,2024-03-29T12:23:00+00:00,2024-03-01,,"{""source"": ""simulation""}"
acct_001292,acct_001292_owner,signup,2024-06-06T09:13:00+00:00,2024-06-01,,"{""source"": ""simulation""}"
acct_001292,acct_001292_owner,first_invoice_created,2024-06-08T09:13:00+00:00,2024-06-01,,"{""source"": ""simulation""}"
acct_001292,acct_001292_owner,first_payment_received,2024-06-16T09:13:00+00:00,2024-06-01,,"{""source"": ""simulation""}"
acct_001292,acct_001292_owner,app_integration_connected,2024-06-27T09:13:00+00:00,2024-06-01,,"{""source"": ""simulation""}"
acct_001292,acct_001292_owner,feature_activated,2024-07-15T09:13:00+00:00,2024-07-01,bank_feed_sync,"{""source"": ""simulation""}"
acct_001293,acct_001293_owner,signup,2024-04-18T17:44:00+00:00,2024-04-01,,"{""source"": ""simulation""}"
acct_001293,acct_001293_owner,first_invoice_created,2024-04-23T17:44:00+00:00,2024-04-01,,"{""source"": ""simulation""}"
acct_001293,acct_001293_owner,first_payment_received,2024-04-23T17:44:00+00:00,2024-04-01,,"{""source"": ""simulation""}"
acct_001293,acct_001293_owner,app_integration_connected,2024-05-01T17:44:00+00:00,2024-05-01,,"{""source"": ""simulation""}"
acct_001293,acct_001293_owner,feature_activated,2024-05-13T17:44:00+00:00,2024-05-01,bank_feed_sync,"{""source"": ""simulation""}"
acct_001294,acct_001294_owner,signup,2024-08-03T09:52:00+00:00,2024-08-01,,"{""source"": ""simulation""}"
acct_001294,acct_001294_owner,first_invoice_created,2024-08-07T09:52:00+00:00,2024-08-01,,"{""source"": ""simulation""}"
acct_001295,acct_001295_owner,signup,2024-08-12T12:44:00+00:00,2024-08-01,,"{""source"": ""simulation""}"
acct_001295,acct_001295_owner,first_invoice_created,2024-08-19T12:44:00+00:00,2024-08-01,,"{""source"": ""simulation""}"
acct_001296,acct_001296_owner,signup,2024-08-20T16:48:00+00:00,2024-08-01,,"{""source"": ""simulation""}"
acct_001296,acct_001296_owner,first_invoice_created,2024-08-25T16:48:00+00:00,2024-08-01,,"{""source"": ""simulation""}"
acct_001296,acct_001296_owner,first_payment_received,2024-08-30T16:48:00+00:00,2024-08-01,,"{""source"": ""simulation""}"
acct_001296,acct_001296_owner,app_integration_connected,2024-09-07T16:48:00+00:00,2024-09-01,,"{""source"": ""simulation""}"
acct_001296,acct_001296_owner,feature_activated,2024-09-28T16:48:00+00:00,2024-09-01,bank_feed_sync,"{""source"": ""simulation""}"
acct_001297,acct_001297_owner,signup,2024-05-01T19:52:00+00:00,2024-05-01,,"{""source"": ""simulation""}"
acct_001297,acct_001297_owner,first_invoice_created,2024-05-10T19:52:00+00:00,2024-05-01,,"{""source"": ""simulation""}"
acct_001297,acct_001297_owner,first_payment_received,2024-05-16T19:52:00+00:00,2024-05-01,,"{""source"": ""simulation""}"
acct_001298,acct_001298_owner,signup,2024-03-23T10:44:00+00:00,2024-03-01,,"{""source"": ""simulation""}"
acct_001299,acct_001299_owner,signup,2024-03-07T10:05:00+00:00,2024-03-01,,"{""source"": ""simulation""}"
acct_001299,acct_001299_owner,first_invoice_created,2024-03-16T10:05:00+00:00,2024-03-01,,"{""source"": ""simulation""}"
acct_001299,acct_001299_owner,first_payment_received,2024-03-23T10:05:00+00:00,2024-03-01,,"{""source"": ""simulation""}"
acct_001300,acct_001300_owner,signup,2024-02-01T20:30:00+00:00,2024-02-01,,"{""source"": ""simulation""}"
acct_001301,acct_001301_owner,signup,2024-04-04T08:50:00+00:00,2024-04-01,,"{""source"": ""simulation""}"
acct_001301,acct_001301_owner,first_invoice_created,2024-04-11T08:50:00+00:00,2024-04-01,,"{""source"": ""simulation""}"
acct_001301,acct_001301_owner,first_payment_received,2024-04-17T08:50:00+00:00,2024-04-01,,"{""source"": ""simulation""}"
acct_001301,acct_001301_owner,app_integration_connected,2024-04-24T08:50:00+00:00,2024-04-01,,"{""source"": ""simulation""}"
acct_001302,acct_001302_owner,signup,2024-02-09T08:04:00+00:00,2024-02-01,,"{""source"": ""simulation""}"
acct_001303,acct_001303_owner,signup,2024-02-04T17:13:00+00:00,2024-02-01,,"{""source"": ""simulation""}"
acct_001303,acct_001303_owner,first_invoice_created,2024-02-07T17:13:00+00:00,2024-02-01,,"{""source"": ""simulation""}"
acct_001303,acct_001303_owner,first_payment_received,2024-02-09T17:13:00+00:00,2024-02-01,,"{""source"": ""simulation""}"
acct_001303,acct_001303_owner,app_integration_connected,2024-02-25T17:13:00+00:00,2024-02-01,,"{""source"": ""simulation""}"
acct_001304,acct_001304_owner,signup,2024-06-01T09:09:00+00:00,2024-06-01,,"{""source"": ""simulation""}"
acct_001304,acct_001304_owner,first_invoice_created,2024-06-11T09:09:00+00:00,2024-06-01,,"{""source"": ""simulation""}"
acct_001305,acct_001305_owner,signup,2024-06-06T16:49:00+00:00,2024-06-01,,"{""source"": ""simulation""}"
acct_001306,acct_001306_owner,signup,2024-02-19T20:00:00+00:00,2024-02-01,,"{""source"": ""simulation""}"
acct_001307,acct_001307_owner,signup,2024-05-06T20:34:00+00:00,2024-05-01,,"{""source"": ""simulation""}"
acct_001308,acct_001308_owner,signup,2024-04-17T19:30:00+00:00,2024-04-01,,"{""source"": ""simulation""}"
acct_001308,acct_001308_owner,first_invoice_created,2024-04-23T19:30:00+00:00,2024-04-01,,"{""source"": ""simulation""}"
acct_001308,acct_001308_owner,first_payment_received,2024-04-23T19:30:00+00:00,2024-04-01,,"{""source"": ""simulation""}"
acct_001309,acct_001309_owner,signup,2024-08-22T09:11:00+00:00,2024-08-01,,"{""source"": ""simulation""}"
acct_001309,acct_001309_owner,first_invoice_created,2024-09-01T09:11:00+00:00,2024-09-01,,"{""source"": ""simulation""}"
acct_001309,acct_001309_owner,first_payment_received,2024-09-03T09:11:00+00:00,2024-09-01,,"{""source"": ""simulation""}"
acct_001310,acct_001310_owner,signup,2024-07-07T16:14:00+00:00,2024-07-01,,"{""source"": ""simulation""}"
acct_001311,acct_001311_owner,signup,2024-06-04T15:07:00+00:00,2024-06-01,,"{""source"": ""simulation""}"
acct_001311,acct_001311_owner,first_invoice_created,2024-06-05T15:07:00+00:00,2024-06-01,,"{""source"": ""simulation""}"
acct_001311,acct_001311_owner,first_payment_received,2024-06-13T15:07:00+00:00,2024-06-01,,"{""source"": ""simulation""}"
acct_001311,acct_001311_owner,app_integration_connected,2024-06-28T15:07:00+00:00,2024-06-01,,"{""source"": ""simulation""}"
acct_001311,acct_001311_owner,feature_activated,2024-07-28T15:07:00+00:00,2024-07-01,bank_feed_sync,"{""source"": ""simulation""}"
acct_001311,acct_001311_owner,plan_upgrade,2024-07-31T15:07:00+00:00,2024-07-01,,"{""source"": ""simulation""}"
acct_001312,acct_001312_owner,signup,2024-06-23T12:35:00+00:00,2024-06-01,,"{""source"": ""simulation""}"
acct_001313,acct_001313_owner,signup,2024-06-16T09:24:00+00:00,2024-06-01,,"{""source"": ""simulation""}"
acct_001313,acct_001313_owner,first_invoice_created,2024-06-18T09:24:00+00:00,2024-06-01,,"{""source"": ""simulation""}"
acct_001313,acct_001313_owner,first_payment_received,2024-06-22T09:24:00+00:00,2024-06-01,,"{""source"": ""simulation""}"
acct_001314,acct_001314_owner,signup,2024-05-22T15:14:00+00:00,2024-05-01,,"{""source"": ""simulation""}"
acct_001314,acct_001314_owner,first_invoice_created,2024-05-26T15:14:00+00:00,2024-05-01,,"{""source"": ""simulation""}"
acct_001314,acct_001314_owner,first_payment_received,2024-05-31T15:14:00+00:00,2024-05-01,,"{""source"": ""simulation""}"
acct_001315,acct_001315_owner,signup,2024-07-07T09:57:00+00:00,2024-07-01,,"{""source"": ""simulation""}"
acct_001315,acct_001315_owner,first_invoice_created,2024-07-13T09:57:00+00:00,2024-07-01,,"{""source"": ""simulation""}"
acct_001315,acct_001315_owner,first_payment_received,2024-07-20T09:57:00+00:00,2024-07-01,,"{""source"": ""simulation""}"
acct_001315,acct_001315_owner,app_integration_connected,2024-08-05T09:57:00+00:00,2024-08-01,,"{""source"": ""simulation""}"
acct_001315,acct_001315_owner,feature_activated,2024-08-21T09:57:00+00:00,2024-08-01,bank_feed_sync,"{""source"": ""simulation""}"
acct_001316,acct_001316_owner,signup,2024-03-01T18:31:00+00:00,2024-03-01,,"{""source"": ""simulation""}"
acct_001316,acct_001316_owner,first_invoice_created,2024-03-11T18:31:00+00:00,2024-03-01,,"{""source"": ""simulation""}"
acct_001317,acct_001317_owner,signup,2024-08-17T18:43:00+00:00,2024-08-01,,"{""source"": ""simulation""}"
acct_001318,acct_001318_owner,signup,2024-03-13T14:44:00+00:00,2024-03-01,,"{""source"": ""simulation""}"
acct_001318,acct_001318_owner,first_invoice_created,2024-03-16T14:44:00+00:00,2024-03-01,,"{""source"": ""simulation""}"
acct_001319,acct_001319_owner,signup,2024-02-12T11:21:00+00:00,2024-02-01,,"{""source"": ""simulation""}"
acct_001320,acct_001320_owner,signup,2024-02-08T14:46:00+00:00,2024-02-01,,"{""source"": ""simulation""}"
acct_001320,acct_001320_owner,first_invoice_created,2024-02-16T14:46:00+00:00,2024-02-01,,"{""source"": ""simulation""}"
acct_001320,acct_001320_owner,first_payment_received,2024-02-22T14:46:00+00:00,2024-02-01,,"{""source"": ""simulation""}"
acct_001321,acct_001321_owner,signup,2024-05-25T20:51:00+00:00,2024-05-01,,"{""source"": ""simulation""}"
acct_001321,acct_001321_owner,first_invoice_created,2024-06-03T20:51:00+00:00,2024-06-01,,"{""source"": ""simulation""}"
acct_001322,acct_001322_owner,signup,2024-08-22T17:25:00+00:00,2024-08-01,,"{""source"": ""simulation""}"
acct_001322,acct_001322_owner,first_invoice_created,2024-08-27T17:25:00+00:00,2024-08-01,,"{""source"": ""simulation""}"
acct_001322,acct_001322_owner,first_payment_received,2024-09-02T17:25:00+00:00,2024-09-01,,"{""source"": ""simulation""}"
acct_001323,acct_001323_owner,signup,2024-03-25T15:06:00+00:00,2024-03-01,,"{""source"": ""simulation""}"
acct_001323,acct_001323_owner,first_invoice_created,2024-04-02T15:06:00+00:00,2024-04-01,,"{""source"": ""simulation""}"
acct_001324,acct_001324_owner,signup,2024-08-16T11:40:00+00:00,2024-08-01,,"{""source"": ""simulation""}"
acct_001324,acct_001324_owner,first_invoice_created,2024-08-21T11:40:00+00:00,2024-08-01,,"{""source"": ""simulation""}"
acct_001324,acct_001324_owner,first_payment_received,2024-08-23T11:40:00+00:00,2024-08-01,,"{""source"": ""simulation""}"
acct_001324,acct_001324_owner,app_integration_connected,2024-09-05T11:40:00+00:00,2024-09-01,,"{""source"": ""simulation""}"
acct_001324,acct_001324_owner,feature_activated,2024-09-24T11:40:00+00:00,2024-09-01,bank_feed_sync,"{""source"": ""simulation""}"
acct_001325,acct_001325_owner,signup,2024-02-24T08:53:00+00:00,2024-02-01,,"{""source"": ""simulation""}"
acct_001325,acct_001325_owner,first_invoice_created,2024-02-29T08:53:00+00:00,2024-02-01,,"{""source"": ""simulation""}"
acct_001325,acct_001325_owner,first_payment_received,2024-03-08T08:53:00+00:00,2024-03-01,,"{""source"": ""simulation""}"
acct_001325,acct_001325_owner,app_integration_connected,2024-03-18T08:53:00+00:00,2024-03-01,,"{""source"": ""simulation""}"
acct_001325,acct_001325_owner,plan_upgrade,2024-05-05T08:53:00+00:00,2024-05-01,,"{""source"": ""simulation""}"
acct_001326,acct_001326_owner,signup,2024-01-06T14:38:00+00:00,2024-01-01,,"{""source"": ""simulation""}"
acct_001326,acct_001326_owner,first_invoice_created,2024-01-07T14:38:00+00:00,2024-01-01,,"{""source"": ""simulation""}"
acct_001326,acct_001326_owner,first_payment_received,2024-01-08T14:38:00+00:00,2024-01-01,,"{""source"": ""simulation""}"
acct_001326,acct_001326_owner,app_integration_connected,2024-01-27T14:38:00+00:00,2024-01-01,,"{""source"": ""simulation""}"
acct_001327,acct_001327_owner,signup,2024-05-20T17:06:00+00:00,2024-05-01,,"{""source"": ""simulation""}"
acct_001327,acct_001327_owner,first_invoice_created,2024-05-25T17:06:00+00:00,2024-05-01,,"{""source"": ""simulation""}"
acct_001327,acct_001327_owner,first_payment_received,2024-05-27T17:06:00+00:00,2024-05-01,,"{""source"": ""simulation""}"
acct_001327,acct_001327_owner,app_integration_connected,2024-06-09T17:06:00+00:00,2024-06-01,,"{""source"": ""simulation""}"
acct_001328,acct_001328_owner,signup,2024-08-07T12:42:00+00:00,2024-08-01,,"{""source"": ""simulation""}"
acct_001328,acct_001328_owner,first_invoice_created,2024-08-15T12:42:00+00:00,2024-08-01,,"{""source"": ""simulation""}"
acct_001328,acct_001328_owner,first_payment_received,2024-08-19T12:42:00+00:00,2024-08-01,,"{""source"": ""simulation""}"
acct_001329,acct_001329_owner,signup,2024-09-09T16:21:00+00:00,2024-09-01,,"{""source"": ""simulation""}"
acct_001329,acct_001329_owner,first_invoice_created,2024-09-11T16:21:00+00:00,2024-09-01,,"{""source"": ""simulation""}"
acct_001329,acct_001329_owner,first_payment_received,2024-09-11T16:21:00+00:00,2024-09-01,,"{""source"": ""simulation""}"
acct_001329,acct_001329_owner,app_integration_connected,2024-10-01T16:21:00+00:00,2024-10-01,,"{""source"": ""simulation""}"
acct_001330,acct_001330_owner,signup,2024-07-04T14:28:00+00:00,2024-07-01,,"{""source"": ""simulation""}"
acct_001330,acct_001330_owner,first_invoice_created,2024-07-07T14:28:00+00:00,2024-07-01,,"{""source"": ""simulation""}"
acct_001330,acct_001330_owner,first_payment_received,2024-07-08T14:28:00+00:00,2024-07-01,,"{""source"": ""simulation""}"
acct_001330,acct_001330_owner,app_integration_connected,2024-07-21T14:28:00+00:00,2024-07-01,,"{""source"": ""simulation""}"
acct_001330,acct_001330_owner,feature_activated,2024-08-09T14:28:00+00:00,2024-08-01,bank_feed_sync,"{""source"": ""simulation""}"
acct_001330,acct_001330_owner,plan_upgrade,2024-08-11T14:28:00+00:00,2024-08-01,,"{""source"": ""simulation""}"
acct_001331,acct_001331_owner,signup,2024-08-15T08:02:00+00:00,2024-08-01,,"{""source"": ""simulation""}"
acct_001332,acct_001332_owner,signup,2024-03-16T14:08:00+00:00,2024-03-01,,"{""source"": ""simulation""}"
acct_001332,acct_001332_owner,first_invoice_created,2024-03-19T14:08:00+00:00,2024-03-01,,"{""source"": ""simulation""}"
acct_001333,acct_001333_owner,signup,2024-08-25T09:36:00+00:00,2024-08-01,,"{""source"": ""simulation""}"
acct_001333,acct_001333_owner,first_invoice_created,2024-09-02T09:36:00+00:00,2024-09-01,,"{""source"": ""simulation""}"
acct_001333,acct_001333_owner,first_payment_received,2024-09-10T09:36:00+00:00,2024-09-01,,"{""source"": ""simulation""}"
acct_001334,acct_001334_owner,signup,2024-08-18T10:32:00+00:00,2024-08-01,,"{""source"": ""simulation""}"
acct_001335,acct_001335_owner,signup,2024-05-16T17:24:00+00:00,2024-05-01,,"{""source"": ""simulation""}"
acct_001335,acct_001335_owner,first_invoice_created,2024-05-19T17:24:00+00:00,2024-05-01,,"{""source"": ""simulation""}"
acct_001335,acct_001335_owner,first_payment_received,2024-05-25T17:24:00+00:00,2024-05-01,,"{""source"": ""simulation""}"
acct_001335,acct_001335_owner,app_integration_connected,2024-06-03T17:24:00+00:00,2024-06-01,,"{""source"": ""simulation""}"
acct_001335,acct_001335_owner,feature_activated,2024-06-05T17:24:00+00:00,2024-06-01,bank_feed_sync,"{""source"": ""simulation""}"
acct_001336,acct_001336_owner,signup,2024-06-02T08:37:00+00:00,2024-06-01,,"{""source"": ""simulation""}"
acct_001336,acct_001336_owner,first_invoice_created,2024-06-12T08:37:00+00:00,2024-06-01,,"{""source"": ""simulation""}"
acct_001336,acct_001336_owner,first_payment_received,2024-06-13T08:37:00+00:00,2024-06-01,,"{""source"": ""simulation""}"
acct_001336,acct_001336_owner,app_integration_connected,2024-06-24T08:37:00+00:00,2024-06-01,,"{""source"": ""simulation""}"
acct_001336,acct_001336_owner,feature_activated,2024-07-11T08:37:00+00:00,2024-07-01,bank_feed_sync,"{""source"": ""simulation""}"
acct_001337,acct_001337_owner,signup,2024-06-12T20:47:00+00:00,2024-06-01,,"{""source"": ""simulation""}"
acct_001337,acct_001337_owner,first_invoice_created,2024-06-22T20:47:00+00:00,2024-06-01,,"{""source"": ""simulation""}"
acct_001337,acct_001337_owner,first_payment_received,2024-06-24T20:47:00+00:00,2024-06-01,,"{""source"": ""simulation""}"
acct_001337,acct_001337_owner,app_integration_connected,2024-07-04T20:47:00+00:00,2024-07-01,,"{""source"": ""simulation""}"
acct_001337,acct_001337_owner,feature_activated,2024-07-18T20:47:00+00:00,2024-07-01,bank_feed_sync,"{""source"": ""simulation""}"
acct_001338,acct_001338_owner,signup,2024-07-04T14:22:00+00:00,2024-07-01,,"{""source"": ""simulation""}"
acct_001339,acct_001339_owner,signup,2024-06-02T18:15:00+00:00,2024-06-01,,"{""source"": ""simulation""}"
acct_001339,acct_001339_owner,first_invoice_created,2024-06-03T18:15:00+00:00,2024-06-01,,"{""source"": ""simulation""}"
acct_001339,acct_001339_owner,first_payment_received,2024-06-09T18:15:00+00:00,2024-06-01,,"{""source"": ""simulation""}"
acct_001339,acct_001339_owner,app_integration_connected,2024-06-13T18:15:00+00:00,2024-06-01,,"{""source"": ""simulation""}"
acct_001339,acct_001339_owner,feature_activated,2024-06-30T18:15:00+00:00,2024-06-01,bank_feed_sync,"{""source"": ""simulation""}"
acct_001340,acct_001340_owner,signup,2024-05-19T09:58:00+00:00,2024-05-01,,"{""source"": ""simulation""}"
acct_001340,acct_001340_owner,first_invoice_created,2024-05-24T09:58:00+00:00,2024-05-01,,"{""source"": ""simulation""}"
acct_001340,acct_001340_owner,first_payment_received,2024-05-29T09:58:00+00:00,2024-05-01,,"{""source"": ""simulation""}"
acct_001341,acct_001341_owner,signup,2024-02-11T10:01:00+00:00,2024-02-01,,"{""source"": ""simulation""}"
acct_001341,acct_001341_owner,first_invoice_created,2024-02-20T10:01:00+00:00,2024-02-01,,"{""source"": ""simulation""}"
acct_001341,acct_001341_owner,first_payment_received,2024-02-22T10:01:00+00:00,2024-02-01,,"{""source"": ""simulation""}"
acct_001342,acct_001342_owner,signup,2024-08-22T14:36:00+00:00,2024-08-01,,"{""source"": ""simulation""}"
acct_001343,acct_001343_owner,signup,2024-01-23T15:37:00+00:00,2024-01-01,,"{""source"": ""simulation""}"
acct_001343,acct_001343_owner,first_invoice_created,2024-01-30T15:37:00+00:00,2024-01-01,,"{""source"": ""simulation""}"
acct_001343,acct_001343_owner,first_payment_received,2024-02-04T15:37:00+00:00,2024-02-01,,"{""source"": ""simulation""}"
acct_001343,acct_001343_owner,app_integration_connected,2024-02-08T15:37:00+00:00,2024-02-01,,"{""source"": ""simulation""}"
acct_001343,acct_001343_owner,plan_upgrade,2024-04-05T15:37:00+00:00,2024-04-01,,"{""source"": ""simulation""}"
acct_001344,acct_001344_owner,signup,2024-07-19T14:20:00+00:00,2024-07-01,,"{""source"": ""simulation""}"
acct_001344,acct_001344_owner,first_invoice_created,2024-07-22T14:20:00+00:00,2024-07-01,,"{""source"": ""simulation""}"
acct_001344,acct_001344_owner,first_payment_received,2024-07-24T14:20:00+00:00,2024-07-01,,"{""source"": ""simulation""}"
acct_001345,acct_001345_owner,signup,2024-02-23T18:13:00+00:00,2024-02-01,,"{""source"": ""simulation""}"
acct_001345,acct_001345_owner,first_invoice_created,2024-02-27T18:13:00+00:00,2024-02-01,,"{""source"": ""simulation""}"
acct_001345,acct_001345_owner,first_payment_received,2024-02-29T18:13:00+00:00,2024-02-01,,"{""source"": ""simulation""}"
acct_001346,acct_001346_owner,signup,2024-09-25T18:21:00+00:00,2024-09-01,,"{""source"": ""simulation""}"
acct_001346,acct_001346_owner,first_invoice_created,2024-09-29T18:21:00+00:00,2024-09-01,,"{""source"": ""simulation""}"
acct_001346,acct_001346_owner,first_payment_received,2024-09-30T18:21:00+00:00,2024-09-01,,"{""source"": ""simulation""}"
acct_001346,acct_001346_owner,app_integration_connected,2024-10-14T18:21:00+00:00,2024-10-01,,"{""source"": ""simulation""}"
acct_001347,acct_001347_owner,signup,2024-06-14T11:31:00+00:00,2024-06-01,,"{""source"": ""simulation""}"
acct_001348,acct_001348_owner,signup,2024-05-09T08:19:00+00:00,2024-05-01,,"{""source"": ""simulation""}"
acct_001348,acct_001348_owner,first_invoice_created,2024-05-12T08:19:00+00:00,2024-05-01,,"{""source"": ""simulation""}"
acct_001348,acct_001348_owner,first_payment_received,2024-05-13T08:19:00+00:00,2024-05-01,,"{""source"": ""simulation""}"
acct_001349,acct_001349_owner,signup,2024-02-23T17:06:00+00:00,2024-02-01,,"{""source"": ""simulation""}"
acct_001349,acct_001349_owner,first_invoice_created,2024-02-28T17:06:00+00:00,2024-02-01,,"{""source"": ""simulation""}"
acct_001349,acct_001349_owner,first_payment_received,2024-03-03T17:06:00+00:00,2024-03-01,,"{""source"": ""simulation""}"
acct_001349,acct_001349_owner,app_integration_connected,2024-03-06T17:06:00+00:00,2024-03-01,,"{""source"": ""simulation""}"
acct_001349,acct_001349_owner,feature_activated,2024-04-04T17:06:00+00:00,2024-04-01,bank_feed_sync,"{""source"": ""simulation""}"
acct_001350,acct_001350_owner,signup,2024-02-19T20:33:00+00:00,2024-02-01,,"{""source"": ""simulation""}"
acct_001350,acct_001350_owner,first_invoice_created,2024-02-29T20:33:00+00:00,2024-02-01,,"{""source"": ""simulation""}"
acct_001350,acct_001350_owner,first_payment_received,2024-03-04T20:33:00+00:00,2024-03-01,,"{""source"": ""simulation""}"
acct_001350,acct_001350_owner,app_integration_connected,2024-03-24T20:33:00+00:00,2024-03-01,,"{""source"": ""simulation""}"
acct_001351,acct_001351_owner,signup,2024-04-12T20:04:00+00:00,2024-04-01,,"{""source"": ""simulation""}"
acct_001352,acct_001352_owner,signup,2024-07-22T16:20:00+00:00,2024-07-01,,"{""source"": ""simulation""}"
acct_001352,acct_001352_owner,first_invoice_created,2024-08-01T16:20:00+00:00,2024-08-01,,"{""source"": ""simulation""}"
acct_001353,acct_001353_owner,signup,2024-07-09T17:32:00+00:00,2024-07-01,,"{""source"": ""simulation""}"
acct_001353,acct_001353_owner,first_invoice_created,2024-07-16T17:32:00+00:00,2024-07-01,,"{""source"": ""simulation""}"
acct_001353,acct_001353_owner,first_payment_received,2024-07-21T17:32:00+00:00,2024-07-01,,"{""source"": ""simulation""}"
acct_001354,acct_001354_owner,signup,2024-01-21T19:33:00+00:00,2024-01-01,,"{""source"": ""simulation""}"
acct_001354,acct_001354_owner,first_invoice_created,2024-01-24T19:33:00+00:00,2024-01-01,,"{""source"": ""simulation""}"
acct_001354,acct_001354_owner,first_payment_received,2024-01-28T19:33:00+00:00,2024-01-01,,"{""source"": ""simulation""}"
acct_001354,acct_001354_owner,app_integration_connected,2024-02-12T19:33:00+00:00,2024-02-01,,"{""source"": ""simulation""}"
acct_001354,acct_001354_owner,feature_activated,2024-03-13T19:33:00+00:00,2024-03-01,bank_feed_sync,"{""source"": ""simulation""}"
acct_001355,acct_001355_owner,signup,2024-04-22T19:29:00+00:00,2024-04-01,,"{""source"": ""simulation""}"
acct_001355,acct_001355_owner,first_invoice_created,2024-05-02T19:29:00+00:00,2024-05-01,,"{""source"": ""simulation""}"
acct_001355,acct_001355_owner,first_payment_received,2024-05-02T19:29:00+00:00,2024-05-01,,"{""source"": ""simulation""}"
acct_001355,acct_001355_owner,app_integration_connected,2024-05-22T19:29:00+00:00,2024-05-01,,"{""source"": ""simulation""}"
acct_001355,acct_001355_owner,feature_activated,2024-06-10T19:29:00+00:00,2024-06-01,bank_feed_sync,"{""source"": ""simulation""}"
acct_001356,acct_001356_owner,signup,2024-01-17T11:23:00+00:00,2024-01-01,,"{""source"": ""simulation""}"
acct_001356,acct_001356_owner,first_invoice_created,2024-01-27T11:23:00+00:00,2024-01-01,,"{""source"": ""simulation""}"
acct_001356,acct_001356_owner,first_payment_received,2024-01-27T11:23:00+00:00,2024-01-01,,"{""source"": ""simulation""}"
acct_001356,acct_001356_owner,app_integration_connected,2024-01-30T11:23:00+00:00,2024-01-01,,"{""source"": ""simulation""}"
acct_001357,acct_001357_owner,signup,2024-04-05T19:43:00+00:00,2024-04-01,,"{""source"": ""simulation""}"
acct_001358,acct_001358_owner,signup,2024-07-11T09:40:00+00:00,2024-07-01,,"{""source"": ""simulation""}"
acct_001359,acct_001359_owner,signup,2024-05-10T18:10:00+00:00,2024-05-01,,"{""source"": ""simulation""}"
acct_001359,acct_001359_owner,first_invoice_created,2024-05-13T18:10:00+00:00,2024-05-01,,"{""source"": ""simulation""}"
acct_001359,acct_001359_owner,first_payment_received,2024-05-18T18:10:00+00:00,2024-05-01,,"{""source"": ""simulation""}"
acct_001359,acct_001359_owner,app_integration_connected,2024-06-04T18:10:00+00:00,2024-06-01,,"{""source"": ""simulation""}"
acct_001359,acct_001359_owner,feature_activated,2024-07-01T18:10:00+00:00,2024-07-01,bank_feed_sync,"{""source"": ""simulation""}"
acct_001360,acct_001360_owner,signup,2024-07-08T09:09:00+00:00,2024-07-01,,"{""source"": ""simulation""}"
acct_001360,acct_001360_owner,first_invoice_created,2024-07-18T09:09:00+00:00,2024-07-01,,"{""source"": ""simulation""}"
acct_001360,acct_001360_owner,first_payment_received,2024-07-24T09:09:00+00:00,2024-07-01,,"{""source"": ""simulation""}"
acct_001361,acct_001361_owner,signup,2024-04-10T15:31:00+00:00,2024-04-01,,"{""source"": ""simulation""}"
acct_001362,acct_001362_owner,signup,2024-01-07T10:17:00+00:00,2024-01-01,,"{""source"": ""simulation""}"
acct_001362,acct_001362_owner,first_invoice_created,2024-01-10T10:17:00+00:00,2024-01-01,,"{""source"": ""simulation""}"
acct_001363,acct_001363_owner,signup,2024-05-09T18:35:00+00:00,2024-05-01,,"{""source"": ""simulation""}"
acct_001364,acct_001364_owner,signup,2024-08-01T08:55:00+00:00,2024-08-01,,"{""source"": ""simulation""}"
acct_001364,acct_001364_owner,first_invoice_created,2024-08-11T08:55:00+00:00,2024-08-01,,"{""source"": ""simulation""}"
acct_001364,acct_001364_owner,first_payment_received,2024-08-16T08:55:00+00:00,2024-08-01,,"{""source"": ""simulation""}"
acct_001365,acct_001365_owner,signup,2024-05-03T14:57:00+00:00,2024-05-01,,"{""source"": ""simulation""}"
acct_001365,acct_001365_owner,first_invoice_created,2024-05-12T14:57:00+00:00,2024-05-01,,"{""source"": ""simulation""}"
acct_001365,acct_001365_owner,first_payment_received,2024-05-17T14:57:00+00:00,2024-05-01,,"{""source"": ""simulation""}"
acct_001366,acct_001366_owner,signup,2024-07-24T10:15:00+00:00,2024-07-01,,"{""source"": ""simulation""}"
acct_001366,acct_001366_owner,first_invoice_created,2024-07-30T10:15:00+00:00,2024-07-01,,"{""source"": ""simulation""}"
acct_001366,acct_001366_owner,first_payment_received,2024-08-06T10:15:00+00:00,2024-08-01,,"{""source"": ""simulation""}"
acct_001366,acct_001366_owner,app_integration_connected,2024-08-19T10:15:00+00:00,2024-08-01,,"{""source"": ""simulation""}"
acct_001367,acct_001367_owner,signup,2024-09-22T17:49:00+00:00,2024-09-01,,"{""source"": ""simulation""}"
acct_001367,acct_001367_owner,first_invoice_created,2024-09-23T17:49:00+00:00,2024-09-01,,"{""source"": ""simulation""}"
acct_001367,acct_001367_owner,first_payment_received,2024-09-24T17:49:00+00:00,2024-09-01,,"{""source"": ""simulation""}"
acct_001367,acct_001367_owner,app_integration_connected,2024-10-03T17:49:00+00:00,2024-10-01,,"{""source"": ""simulation""}"
acct_001367,acct_001367_owner,feature_activated,2024-10-13T17:49:00+00:00,2024-10-01,bank_feed_sync,"{""source"": ""simulation""}"
acct_001367,acct_001367_owner,plan_upgrade,2024-12-17T17:49:00+00:00,2024-12-01,,"{""source"": ""simulation""}"
acct_001368,acct_001368_owner,signup,2024-02-08T17:07:00+00:00,2024-02-01,,"{""source"": ""simulation""}"
acct_001368,acct_001368_owner,first_invoice_created,2024-02-15T17:07:00+00:00,2024-02-01,,"{""source"": ""simulation""}"
acct_001368,acct_001368_owner,first_payment_received,2024-02-21T17:07:00+00:00,2024-02-01,,"{""source"": ""simulation""}"
acct_001369,acct_001369_owner,signup,2024-07-24T19:15:00+00:00,2024-07-01,,"{""source"": ""simulation""}"
acct_001369,acct_001369_owner,first_invoice_created,2024-07-28T19:15:00+00:00,2024-07-01,,"{""source"": ""simulation""}"
acct_001369,acct_001369_owner,first_payment_received,2024-08-05T19:15:00+00:00,2024-08-01,,"{""source"": ""simulation""}"
acct_001369,acct_001369_owner,app_integration_connected,2024-08-22T19:15:00+00:00,2024-08-01,,"{""source"": ""simulation""}"
acct_001369,acct_001369_owner,feature_activated,2024-09-01T19:15:00+00:00,2024-09-01,bank_feed_sync,"{""source"": ""simulation""}"
acct_001370,acct_001370_owner,signup,2024-03-04T10:13:00+00:00,2024-03-01,,"{""source"": ""simulation""}"
acct_001370,acct_001370_owner,first_invoice_created,2024-03-14T10:13:00+00:00,2024-03-01,,"{""source"": ""simulation""}"
acct_001371,acct_001371_owner,signup,2024-07-09T17:03:00+00:00,2024-07-01,,"{""source"": ""simulation""}"
acct_001371,acct_001371_owner,first_invoice_created,2024-07-15T17:03:00+00:00,2024-07-01,,"{""source"": ""simulation""}"
acct_001371,acct_001371_owner,first_payment_received,2024-07-21T17:03:00+00:00,2024-07-01,,"{""source"": ""simulation""}"
acct_001371,acct_001371_owner,app_integration_connected,2024-07-31T17:03:00+00:00,2024-07-01,,"{""source"": ""simulation""}"
acct_001371,acct_001371_owner,feature_activated,2024-08-20T17:03:00+00:00,2024-08-01,bank_feed_sync,"{""source"": ""simulation""}"
acct_001372,acct_001372_owner,signup,2024-02-11T16:27:00+00:00,2024-02-01,,"{""source"": ""simulation""}"
acct_001372,acct_001372_owner,first_invoice_created,2024-02-18T16:27:00+00:00,2024-02-01,,"{""source"": ""simulation""}"
acct_001372,acct_001372_owner,first_payment_received,2024-02-21T16:27:00+00:00,2024-02-01,,"{""source"": ""simulation""}"
acct_001373,acct_001373_owner,signup,2024-05-05T13:30:00+00:00,2024-05-01,,"{""source"": ""simulation""}"
acct_001374,acct_001374_owner,signup,2024-01-21T17:02:00+00:00,2024-01-01,,"{""source"": ""simulation""}"
acct_001374,acct_001374_owner,first_invoice_created,2024-01-30T17:02:00+00:00,2024-01-01,,"{""source"": ""simulation""}"
acct_001374,acct_001374_owner,first_payment_received,2024-02-05T17:02:00+00:00,2024-02-01,,"{""source"": ""simulation""}"
acct_001374,acct_001374_owner,app_integration_connected,2024-02-15T17:02:00+00:00,2024-02-01,,"{""source"": ""simulation""}"
acct_001374,acct_001374_owner,feature_activated,2024-03-12T17:02:00+00:00,2024-03-01,bank_feed_sync,"{""source"": ""simulation""}"
acct_001374,acct_001374_owner,plan_upgrade,2024-04-24T17:02:00+00:00,2024-04-01,,"{""source"": ""simulation""}"
acct_001375,acct_001375_owner,signup,2024-05-18T14:19:00+00:00,2024-05-01,,"{""source"": ""simulation""}"
acct_001376,acct_001376_owner,signup,2024-09-08T15:24:00+00:00,2024-09-01,,"{""source"": ""simulation""}"
acct_001376,acct_001376_owner,first_invoice_created,2024-09-15T15:24:00+00:00,2024-09-01,,"{""source"": ""simulation""}"
acct_001376,acct_001376_owner,first_payment_received,2024-09-19T15:24:00+00:00,2024-09-01,,"{""source"": ""simulation""}"
acct_001376,acct_001376_owner,app_integration_connected,2024-09-27T15:24:00+00:00,2024-09-01,,"{""source"": ""simulation""}"
acct_001377,acct_001377_owner,signup,2024-05-10T09:59:00+00:00,2024-05-01,,"{""source"": ""simulation""}"
acct_001377,acct_001377_owner,first_invoice_created,2024-05-20T09:59:00+00:00,2024-05-01,,"{""source"": ""simulation""}"
acct_001378,acct_001378_owner,signup,2024-04-06T15:40:00+00:00,2024-04-01,,"{""source"": ""simulation""}"
acct_001378,acct_001378_owner,first_invoice_created,2024-04-13T15:40:00+00:00,2024-04-01,,"{""source"": ""simulation""}"
acct_001378,acct_001378_owner,first_payment_received,2024-04-14T15:40:00+00:00,2024-04-01,,"{""source"": ""simulation""}"
acct_001379,acct_001379_owner,signup,2024-01-09T09:52:00+00:00,2024-01-01,,"{""source"": ""simulation""}"
acct_001379,acct_001379_owner,first_invoice_created,2024-01-10T09:52:00+00:00,2024-01-01,,"{""source"": ""simulation""}"
acct_001379,acct_001379_owner,first_payment_received,2024-01-17T09:52:00+00:00,2024-01-01,,"{""source"": ""simulation""}"
acct_001379,acct_001379_owner,app_integration_connected,2024-02-06T09:52:00+00:00,2024-02-01,,"{""source"": ""simulation""}"
acct_001380,acct_001380_owner,signup,2024-07-11T19:27:00+00:00,2024-07-01,,"{""source"": ""simulation""}"
acct_001381,acct_001381_owner,signup,2024-05-17T09:22:00+00:00,2024-05-01,,"{""source"": ""simulation""}"
acct_001381,acct_001381_owner,first_invoice_created,2024-05-20T09:22:00+00:00,2024-05-01,,"{""source"": ""simulation""}"
acct_001382,acct_001382_owner,signup,2024-08-23T08:48:00+00:00,2024-08-01,,"{""source"": ""simulation""}"
acct_001382,acct_001382_owner,first_invoice_created,2024-08-30T08:48:00+00:00,2024-08-01,,"{""source"": ""simulation""}"
acct_001382,acct_001382_owner,first_payment_received,2024-09-06T08:48:00+00:00,2024-09-01,,"{""source"": ""simulation""}"
acct_001382,acct_001382_owner,app_integration_connected,2024-09-13T08:48:00+00:00,2024-09-01,,"{""source"": ""simulation""}"
acct_001382,acct_001382_owner,feature_activated,2024-09-29T08:48:00+00:00,2024-09-01,bank_feed_sync,"{""source"": ""simulation""}"
acct_001383,acct_001383_owner,signup,2024-08-21T10:00:00+00:00,2024-08-01,,"{""source"": ""simulation""}"
acct_001384,acct_001384_owner,signup,2024-05-11T17:05:00+00:00,2024-05-01,,"{""source"": ""simulation""}"
acct_001384,acct_001384_owner,first_invoice_created,2024-05-21T17:05:00+00:00,2024-05-01,,"{""source"": ""simulation""}"
acct_001384,acct_001384_owner,first_payment_received,2024-05-25T17:05:00+00:00,2024-05-01,,"{""source"": ""simulation""}"
acct_001384,acct_001384_owner,app_integration_connected,2024-06-08T17:05:00+00:00,2024-06-01,,"{""source"": ""simulation""}"
acct_001384,acct_001384_owner,feature_activated,2024-07-08T17:05:00+00:00,2024-07-01,bank_feed_sync,"{""source"": ""simulation""}"
acct_001385,acct_001385_owner,signup,2024-04-17T19:49:00+00:00,2024-04-01,,"{""source"": ""simulation""}"
acct_001386,acct_001386_owner,signup,2024-06-15T15:55:00+00:00,2024-06-01,,"{""source"": ""simulation""}"
acct_001387,acct_001387_owner,signup,2024-03-22T17:52:00+00:00,2024-03-01,,"{""source"": ""simulation""}"
acct_001387,acct_001387_owner,first_invoice_created,2024-03-25T17:52:00+00:00,2024-03-01,,"{""source"": ""simulation""}"
acct_001387,acct_001387_owner,first_payment_received,2024-03-31T17:52:00+00:00,2024-03-01,,"{""source"": ""simulation""}"
acct_001387,acct_001387_owner,app_integration_connected,2024-04-16T17:52:00+00:00,2024-04-01,,"{""source"": ""simulation""}"
acct_001387,acct_001387_owner,feature_activated,2024-05-03T17:52:00+00:00,2024-05-01,bank_feed_sync,"{""source"": ""simulation""}"
acct_001388,acct_001388_owner,signup,2024-04-03T14:23:00+00:00,2024-04-01,,"{""source"": ""simulation""}"
acct_001388,acct_001388_owner,first_invoice_created,2024-04-12T14:23:00+00:00,2024-04-01,,"{""source"": ""simulation""}"
acct_001388,acct_001388_owner,first_payment_received,2024-04-18T14:23:00+00:00,2024-04-01,,"{""source"": ""simulation""}"
acct_001388,acct_001388_owner,app_integration_connected,2024-05-03T14:23:00+00:00,2024-05-01,,"{""source"": ""simulation""}"
acct_001388,acct_001388_owner,feature_activated,2024-05-17T14:23:00+00:00,2024-05-01,bank_feed_sync,"{""source"": ""simulation""}"
acct_001388,acct_001388_owner,plan_upgrade,2024-07-02T14:23:00+00:00,2024-07-01,,"{""source"": ""simulation""}"
acct_001389,acct_001389_owner,signup,2024-07-19T11:01:00+00:00,2024-07-01,,"{""source"": ""simulation""}"
acct_001389,acct_001389_owner,first_invoice_created,2024-07-28T11:01:00+00:00,2024-07-01,,"{""source"": ""simulation""}"
acct_001389,acct_001389_owner,first_payment_received,2024-07-30T11:01:00+00:00,2024-07-01,,"{""source"": ""simulation""}"
acct_001389,acct_001389_owner,app_integration_connected,2024-08-02T11:01:00+00:00,2024-08-01,,"{""source"": ""simulation""}"
acct_001389,acct_001389_owner,feature_activated,2024-08-22T11:01:00+00:00,2024-08-01,bank_feed_sync,"{""source"": ""simulation""}"
acct_001390,acct_001390_owner,signup,2024-02-15T11:16:00+00:00,2024-02-01,,"{""source"": ""simulation""}"
acct_001391,acct_001391_owner,signup,2024-07-20T14:38:00+00:00,2024-07-01,,"{""source"": ""simulation""}"
acct_001391,acct_001391_owner,first_invoice_created,2024-07-27T14:38:00+00:00,2024-07-01,,"{""source"": ""simulation""}"
acct_001391,acct_001391_owner,first_payment_received,2024-08-01T14:38:00+00:00,2024-08-01,,"{""source"": ""simulation""}"
acct_001391,acct_001391_owner,app_integration_connected,2024-08-11T14:38:00+00:00,2024-08-01,,"{""source"": ""simulation""}"
acct_001391,acct_001391_owner,feature_activated,2024-08-21T14:38:00+00:00,2024-08-01,bank_feed_sync,"{""source"": ""simulation""}"
acct_001392,acct_001392_owner,signup,2024-02-12T10:36:00+00:00,2024-02-01,,"{""source"": ""simulation""}"
acct_001392,acct_001392_owner,first_invoice_created,2024-02-19T10:36:00+00:00,2024-02-01,,"{""source"": ""simulation""}"
acct_001392,acct_001392_owner,first_payment_received,2024-02-19T10:36:00+00:00,2024-02-01,,"{""source"": ""simulation""}"
acct_001392,acct_001392_owner,app_integration_connected,2024-02-22T10:36:00+00:00,2024-02-01,,"{""source"": ""simulation""}"
acct_001393,acct_001393_owner,signup,2024-09-14T20:58:00+00:00,2024-09-01,,"{""source"": ""simulation""}"
acct_001393,acct_001393_owner,first_invoice_created,2024-09-15T20:58:00+00:00,2024-09-01,,"{""source"": ""simulation""}"
acct_001393,acct_001393_owner,first_payment_received,2024-09-16T20:58:00+00:00,2024-09-01,,"{""source"": ""simulation""}"
acct_001393,acct_001393_owner,app_integration_connected,2024-10-05T20:58:00+00:00,2024-10-01,,"{""source"": ""simulation""}"
acct_001393,acct_001393_owner,feature_activated,2024-10-19T20:58:00+00:00,2024-10-01,bank_feed_sync,"{""source"": ""simulation""}"
acct_001393,acct_001393_owner,plan_upgrade,2024-12-06T20:58:00+00:00,2024-12-01,,"{""source"": ""simulation""}"
acct_001394,acct_001394_owner,signup,2024-02-08T19:13:00+00:00,2024-02-01,,"{""source"": ""simulation""}"
acct_001394,acct_001394_owner,first_invoice_created,2024-02-17T19:13:00+00:00,2024-02-01,,"{""source"": ""simulation""}"
acct_001394,acct_001394_owner,first_payment_received,2024-02-22T19:13:00+00:00,2024-02-01,,"{""source"": ""simulation""}"
acct_001395,acct_001395_owner,signup,2024-05-24T15:24:00+00:00,2024-05-01,,"{""source"": ""simulation""}"
acct_001395,acct_001395_owner,first_invoice_created,2024-06-03T15:24:00+00:00,2024-06-01,,"{""source"": ""simulation""}"
acct_001396,acct_001396_owner,signup,2024-04-20T11:52:00+00:00,2024-04-01,,"{""source"": ""simulation""}"
acct_001396,acct_001396_owner,first_invoice_created,2024-04-29T11:52:00+00:00,2024-04-01,,"{""source"": ""simulation""}"
acct_001396,acct_001396_owner,first_payment_received,2024-05-04T11:52:00+00:00,2024-05-01,,"{""source"": ""simulation""}"
acct_001397,acct_001397_owner,signup,2024-07-06T14:50:00+00:00,2024-07-01,,"{""source"": ""simulation""}"
acct_001397,acct_001397_owner,first_invoice_created,2024-07-13T14:50:00+00:00,2024-07-01,,"{""source"": ""simulation""}"
acct_001397,acct_001397_owner,first_payment_received,2024-07-14T14:50:00+00:00,2024-07-01,,"{""source"": ""simulation""}"
acct_001397,acct_001397_owner,app_integration_connected,2024-08-01T14:50:00+00:00,2024-08-01,,"{""source"": ""simulation""}"
acct_001397,acct_001397_owner,feature_activated,2024-08-20T14:50:00+00:00,2024-08-01,bank_feed_sync,"{""source"": ""simulation""}"
acct_001398,acct_001398_owner,signup,2024-05-09T11:39:00+00:00,2024-05-01,,"{""source"": ""simulation""}"
acct_001398,acct_001398_owner,first_invoice_created,2024-05-12T11:39:00+00:00,2024-05-01,,"{""source"": ""simulation""}"
acct_001399,acct_001399_owner,signup,2024-06-19T18:41:00+00:00,2024-06-01,,"{""source"": ""simulation""}"
acct_001399,acct_001399_owner,first_invoice_created,2024-06-26T18:41:00+00:00,2024-06-01,,"{""source"": ""simulation""}"
acct_001399,acct_001399_owner,first_payment_received,2024-07-03T18:41:00+00:00,2024-07-01,,"{""source"": ""simulation""}"
acct_001399,acct_001399_owner,app_integration_connected,2024-07-14T18:41:00+00:00,2024-07-01,,"{""source"": ""simulation""}"
acct_001399,acct_001399_owner,feature_activated,2024-07-17T18:41:00+00:00,2024-07-01,bank_feed_sync,"{""source"": ""simulation""}"
acct_001399,acct_001399_owner,plan_upgrade,2024-08-02T18:41:00+00:00,2024-08-01,,"{""source"": ""simulation""}"
acct_001400,acct_001400_owner,signup,2024-01-16T10:55:00+00:00,2024-01-01,,"{""source"": ""simulation""}"
acct_001400,acct_001400_owner,first_invoice_created,2024-01-23T10:55:00+00:00,2024-01-01,,"{""source"": ""simulation""}"
acct_001400,acct_001400_owner,first_payment_received,2024-01-29T10:55:00+00:00,2024-01-01,,"{""source"": ""simulation""}"
acct_001401,acct_001401_owner,signup,2024-04-23T14:45:00+00:00,2024-04-01,,"{""source"": ""simulation""}"
acct_001401,acct_001401_owner,first_invoice_created,2024-04-24T14:45:00+00:00,2024-04-01,,"{""source"": ""simulation""}"
acct_001401,acct_001401_owner,first_payment_received,2024-04-27T14:45:00+00:00,2024-04-01,,"{""source"": ""simulation""}"
acct_001402,acct_001402_owner,signup,2024-02-04T16:03:00+00:00,2024-02-01,,"{""source"": ""simulation""}"
acct_001402,acct_001402_owner,first_invoice_created,2024-02-13T16:03:00+00:00,2024-02-01,,"{""source"": ""simulation""}"
acct_001402,acct_001402_owner,first_payment_received,2024-02-13T16:03:00+00:00,2024-02-01,,"{""source"": ""simulation""}"
acct_001402,acct_001402_owner,app_integration_connected,2024-02-18T16:03:00+00:00,2024-02-01,,"{""source"": ""simulation""}"
acct_001403,acct_001403_owner,signup,2024-04-16T13:38:00+00:00,2024-04-01,,"{""source"": ""simulation""}"
acct_001404,acct_001404_owner,signup,2024-05-17T17:24:00+00:00,2024-05-01,,"{""source"": ""simulation""}"
acct_001405,acct_001405_owner,signup,2024-06-05T16:02:00+00:00,2024-06-01,,"{""source"": ""simulation""}"
acct_001406,acct_001406_owner,signup,2024-03-17T15:59:00+00:00,2024-03-01,,"{""source"": ""simulation""}"
acct_001406,acct_001406_owner,first_invoice_created,2024-03-27T15:59:00+00:00,2024-03-01,,"{""source"": ""simulation""}"
acct_001406,acct_001406_owner,first_payment_received,2024-03-28T15:59:00+00:00,2024-03-01,,"{""source"": ""simulation""}"
acct_001407,acct_001407_owner,signup,2024-03-03T13:45:00+00:00,2024-03-01,,"{""source"": ""simulation""}"
acct_001407,acct_001407_owner,first_invoice_created,2024-03-13T13:45:00+00:00,2024-03-01,,"{""source"": ""simulation""}"
acct_001407,acct_001407_owner,first_payment_received,2024-03-21T13:45:00+00:00,2024-03-01,,"{""source"": ""simulation""}"
acct_001407,acct_001407_owner,app_integration_connected,2024-04-09T13:45:00+00:00,2024-04-01,,"{""source"": ""simulation""}"
acct_001407,acct_001407_owner,plan_upgrade,2024-06-03T13:45:00+00:00,2024-06-01,,"{""source"": ""simulation""}"
acct_001408,acct_001408_owner,signup,2024-05-04T13:02:00+00:00,2024-05-01,,"{""source"": ""simulation""}"
acct_001408,acct_001408_owner,first_invoice_created,2024-05-06T13:02:00+00:00,2024-05-01,,"{""source"": ""simulation""}"
acct_001408,acct_001408_owner,first_payment_received,2024-05-13T13:02:00+00:00,2024-05-01,,"{""source"": ""simulation""}"
acct_001408,acct_001408_owner,app_integration_connected,2024-05-29T13:02:00+00:00,2024-05-01,,"{""source"": ""simulation""}"
acct_001408,acct_001408_owner,feature_activated,2024-06-22T13:02:00+00:00,2024-06-01,bank_feed_sync,"{""source"": ""simulation""}"
acct_001409,acct_001409_owner,signup,2024-05-24T13:59:00+00:00,2024-05-01,,"{""source"": ""simulation""}"
acct_001409,acct_001409_owner,first_invoice_created,2024-06-03T13:59:00+00:00,2024-06-01,,"{""source"": ""simulation""}"
acct_001409,acct_001409_owner,first_payment_received,2024-06-09T13:59:00+00:00,2024-06-01,,"{""source"": ""simulation""}"
acct_001409,acct_001409_owner,app_integration_connected,2024-06-25T13:59:00+00:00,2024-06-01,,"{""source"": ""simulation""}"
acct_001409,acct_001409_owner,feature_activated,2024-07-24T13:59:00+00:00,2024-07-01,bank_feed_sync,"{""source"": ""simulation""}"
acct_001410,acct_001410_owner,signup,2024-05-20T20:59:00+00:00,2024-05-01,,"{""source"": ""simulation""}"
acct_001410,acct_001410_owner,first_invoice_created,2024-05-23T20:59:00+00:00,2024-05-01,,"{""source"": ""simulation""}"
acct_001410,acct_001410_owner,first_payment_received,2024-05-25T20:59:00+00:00,2024-05-01,,"{""source"": ""simulation""}"
acct_001410,acct_001410_owner,app_integration_connected,2024-06-01T20:59:00+00:00,2024-06-01,,"{""source"": ""simulation""}"
acct_001410,acct_001410_owner,feature_activated,2024-06-17T20:59:00+00:00,2024-06-01,bank_feed_sync,"{""source"": ""simulation""}"
acct_001411,acct_001411_owner,signup,2024-07-06T13:47:00+00:00,2024-07-01,,"{""source"": ""simulation""}"
acct_001412,acct_001412_owner,signup,2024-09-22T18:51:00+00:00,2024-09-01,,"{""source"": ""simulation""}"
acct_001412,acct_001412_owner,first_invoice_created,2024-09-26T18:51:00+00:00,2024-09-01,,"{""source"": ""simulation""}"
acct_001412,acct_001412_owner,first_payment_received,2024-09-29T18:51:00+00:00,2024-09-01,,"{""source"": ""simulation""}"
acct_001413,acct_001413_owner,signup,2024-04-05T08:14:00+00:00,2024-04-01,,"{""source"": ""simulation""}"
acct_001413,acct_001413_owner,first_invoice_created,2024-04-09T08:14:00+00:00,2024-04-01,,"{""source"": ""simulation""}"
acct_001413,acct_001413_owner,first_payment_received,2024-04-13T08:14:00+00:00,2024-04-01,,"{""source"": ""simulation""}"
acct_001413,acct_001413_owner,app_integration_connected,2024-04-14T08:14:00+00:00,2024-04-01,,"{""source"": ""simulation""}"
acct_001413,acct_001413_owner,feature_activated,2024-04-29T08:14:00+00:00,2024-04-01,bank_feed_sync,"{""source"": ""simulation""}"
acct_001414,acct_001414_owner,signup,2024-08-09T10:45:00+00:00,2024-08-01,,"{""source"": ""simulation""}"
acct_001414,acct_001414_owner,first_invoice_created,2024-08-12T10:45:00+00:00,2024-08-01,,"{""source"": ""simulation""}"
acct_001414,acct_001414_owner,first_payment_received,2024-08-12T10:45:00+00:00,2024-08-01,,"{""source"": ""simulation""}"
acct_001414,acct_001414_owner,app_integration_connected,2024-08-18T10:45:00+00:00,2024-08-01,,"{""source"": ""simulation""}"
acct_001414,acct_001414_owner,feature_activated,2024-09-16T10:45:00+00:00,2024-09-01,bank_feed_sync,"{""source"": ""simulation""}"
acct_001415,acct_001415_owner,signup,2024-02-16T08:28:00+00:00,2024-02-01,,"{""source"": ""simulation""}"
acct_001415,acct_001415_owner,first_invoice_created,2024-02-19T08:28:00+00:00,2024-02-01,,"{""source"": ""simulation""}"
acct_001416,acct_001416_owner,signup,2024-08-16T09:54:00+00:00,2024-08-01,,"{""source"": ""simulation""}"
acct_001416,acct_001416_owner,first_invoice_created,2024-08-17T09:54:00+00:00,2024-08-01,,"{""source"": ""simulation""}"
acct_001416,acct_001416_owner,first_payment_received,2024-08-23T09:54:00+00:00,2024-08-01,,"{""source"": ""simulation""}"
acct_001416,acct_001416_owner,app_integration_connected,2024-09-04T09:54:00+00:00,2024-09-01,,"{""source"": ""simulation""}"
acct_001416,acct_001416_owner,plan_upgrade,2024-11-06T09:54:00+00:00,2024-11-01,,"{""source"": ""simulation""}"
acct_001417,acct_001417_owner,signup,2024-06-03T11:55:00+00:00,2024-06-01,,"{""source"": ""simulation""}"
acct_001418,acct_001418_owner,signup,2024-03-24T16:52:00+00:00,2024-03-01,,"{""source"": ""simulation""}"
acct_001418,acct_001418_owner,first_invoice_created,2024-03-26T16:52:00+00:00,2024-03-01,,"{""source"": ""simulation""}"
acct_001418,acct_001418_owner,first_payment_received,2024-03-28T16:52:00+00:00,2024-03-01,,"{""source"": ""simulation""}"
acct_001418,acct_001418_owner,app_integration_connected,2024-04-12T16:52:00+00:00,2024-04-01,,"{""source"": ""simulation""}"
acct_001418,acct_001418_owner,feature_activated,2024-05-02T16:52:00+00:00,2024-05-01,bank_feed_sync,"{""source"": ""simulation""}"
acct_001419,acct_001419_owner,signup,2024-01-17T20:36:00+00:00,2024-01-01,,"{""source"": ""simulation""}"
acct_001420,acct_001420_owner,signup,2024-02-08T20:31:00+00:00,2024-02-01,,"{""source"": ""simulation""}"
acct_001420,acct_001420_owner,first_invoice_created,2024-02-16T20:31:00+00:00,2024-02-01,,"{""source"": ""simulation""}"
acct_001420,acct_001420_owner,first_payment_received,2024-02-17T20:31:00+00:00,2024-02-01,,"{""source"": ""simulation""}"
acct_001421,acct_001421_owner,signup,2024-01-10T18:43:00+00:00,2024-01-01,,"{""source"": ""simulation""}"
acct_001422,acct_001422_owner,signup,2024-06-19T09:53:00+00:00,2024-06-01,,"{""source"": ""simulation""}"
acct_001422,acct_001422_owner,first_invoice_created,2024-06-25T09:53:00+00:00,2024-06-01,,"{""source"": ""simulation""}"
acct_001423,acct_001423_owner,signup,2024-01-03T15:53:00+00:00,2024-01-01,,"{""source"": ""simulation""}"
acct_001423,acct_001423_owner,first_invoice_created,2024-01-07T15:53:00+00:00,2024-01-01,,"{""source"": ""simulation""}"
acct_001423,acct_001423_owner,first_payment_received,2024-01-13T15:53:00+00:00,2024-01-01,,"{""source"": ""simulation""}"
acct_001424,acct_001424_owner,signup,2024-05-20T18:00:00+00:00,2024-05-01,,"{""source"": ""simulation""}"
acct_001424,acct_001424_owner,first_invoice_created,2024-05-24T18:00:00+00:00,2024-05-01,,"{""source"": ""simulation""}"
acct_001424,acct_001424_owner,first_payment_received,2024-06-01T18:00:00+00:00,2024-06-01,,"{""source"": ""simulation""}"
acct_001424,acct_001424_owner,app_integration_connected,2024-06-17T18:00:00+00:00,2024-06-01,,"{""source"": ""simulation""}"
acct_001424,acct_001424_owner,plan_upgrade,2024-08-20T18:00:00+00:00,2024-08-01,,"{""source"": ""simulation""}"
acct_001425,acct_001425_owner,signup,2024-08-11T19:46:00+00:00,2024-08-01,,"{""source"": ""simulation""}"
acct_001425,acct_001425_owner,first_invoice_created,2024-08-16T19:46:00+00:00,2024-08-01,,"{""source"": ""simulation""}"
acct_001425,acct_001425_owner,first_payment_received,2024-08-19T19:46:00+00:00,2024-08-01,,"{""source"": ""simulation""}"
acct_001425,acct_001425_owner,app_integration_connected,2024-08-24T19:46:00+00:00,2024-08-01,,"{""source"": ""simulation""}"
acct_001426,acct_001426_owner,signup,2024-01-21T12:20:00+00:00,2024-01-01,,"{""source"": ""simulation""}"
acct_001426,acct_001426_owner,first_invoice_created,2024-01-29T12:20:00+00:00,2024-01-01,,"{""source"": ""simulation""}"
acct_001426,acct_001426_owner,first_payment_received,2024-02-04T12:20:00+00:00,2024-02-01,,"{""source"": ""simulation""}"
acct_001426,acct_001426_owner,app_integration_connected,2024-02-19T12:20:00+00:00,2024-02-01,,"{""source"": ""simulation""}"
acct_001426,acct_001426_owner,feature_activated,2024-03-08T12:20:00+00:00,2024-03-01,bank_feed_sync,"{""source"": ""simulation""}"
acct_001427,acct_001427_owner,signup,2024-09-20T14:05:00+00:00,2024-09-01,,"{""source"": ""simulation""}"
acct_001427,acct_001427_owner,first_invoice_created,2024-09-25T14:05:00+00:00,2024-09-01,,"{""source"": ""simulation""}"
acct_001427,acct_001427_owner,first_payment_received,2024-09-27T14:05:00+00:00,2024-09-01,,"{""source"": ""simulation""}"
acct_001427,acct_001427_owner,app_integration_connected,2024-10-07T14:05:00+00:00,2024-10-01,,"{""source"": ""simulation""}"
acct_001427,acct_001427_owner,feature_activated,2024-10-08T14:05:00+00:00,2024-10-01,bank_feed_sync,"{""source"": ""simulation""}"
acct_001427,acct_001427_owner,plan_upgrade,2024-11-09T14:05:00+00:00,2024-11-01,,"{""source"": ""simulation""}"
acct_001428,acct_001428_owner,signup,2024-03-08T20:55:00+00:00,2024-03-01,,"{""source"": ""simulation""}"
acct_001428,acct_001428_owner,first_invoice_created,2024-03-17T20:55:00+00:00,2024-03-01,,"{""source"": ""simulation""}"
acct_001429,acct_001429_owner,signup,2024-01-07T10:24:00+00:00,2024-01-01,,"{""source"": ""simulation""}"
acct_001429,acct_001429_owner,first_invoice_created,2024-01-13T10:24:00+00:00,2024-01-01,,"{""source"": ""simulation""}"
acct_001429,acct_001429_owner,first_payment_received,2024-01-16T10:24:00+00:00,2024-01-01,,"{""source"": ""simulation""}"
acct_001429,acct_001429_owner,app_integration_connected,2024-01-23T10:24:00+00:00,2024-01-01,,"{""source"": ""simulation""}"
acct_001430,acct_001430_owner,signup,2024-03-04T12:31:00+00:00,2024-03-01,,"{""source"": ""simulation""}"
acct_001431,acct_001431_owner,signup,2024-03-12T18:06:00+00:00,2024-03-01,,"{""source"": ""simulation""}"
acct_001432,acct_001432_owner,signup,2024-08-15T14:30:00+00:00,2024-08-01,,"{""source"": ""simulation""}"
acct_001433,acct_001433_owner,signup,2024-02-25T14:51:00+00:00,2024-02-01,,"{""source"": ""simulation""}"
acct_001433,acct_001433_owner,first_invoice_created,2024-03-02T14:51:00+00:00,2024-03-01,,"{""source"": ""simulation""}"
acct_001433,acct_001433_owner,first_payment_received,2024-03-06T14:51:00+00:00,2024-03-01,,"{""source"": ""simulation""}"
acct_001434,acct_001434_owner,signup,2024-07-21T14:05:00+00:00,2024-07-01,,"{""source"": ""simulation""}"
acct_001434,acct_001434_owner,first_invoice_created,2024-07-22T14:05:00+00:00,2024-07-01,,"{""source"": ""simulation""}"
acct_001435,acct_001435_owner,signup,2024-08-22T11:41:00+00:00,2024-08-01,,"{""source"": ""simulation""}"
acct_001436,acct_001436_owner,signup,2024-09-21T18:33:00+00:00,2024-09-01,,"{""source"": ""simulation""}"
acct_001436,acct_001436_owner,first_invoice_created,2024-09-26T18:33:00+00:00,2024-09-01,,"{""source"": ""simulation""}"
acct_001436,acct_001436_owner,first_payment_received,2024-10-01T18:33:00+00:00,2024-10-01,,"{""source"": ""simulation""}"
acct_001436,acct_001436_owner,app_integration_connected,2024-10-06T18:33:00+00:00,2024-10-01,,"{""source"": ""simulation""}"
acct_001436,acct_001436_owner,feature_activated,2024-10-14T18:33:00+00:00,2024-10-01,bank_feed_sync,"{""source"": ""simulation""}"
acct_001436,acct_001436_owner,plan_upgrade,2024-12-26T18:33:00+00:00,2024-12-01,,"{""source"": ""simulation""}"
acct_001437,acct_001437_owner,signup,2024-08-14T09:58:00+00:00,2024-08-01,,"{""source"": ""simulation""}"
acct_001437,acct_001437_owner,first_invoice_created,2024-08-23T09:58:00+00:00,2024-08-01,,"{""source"": ""simulation""}"
acct_001437,acct_001437_owner,first_payment_received,2024-08-28T09:58:00+00:00,2024-08-01,,"{""source"": ""simulation""}"
acct_001437,acct_001437_owner,app_integration_connected,2024-09-11T09:58:00+00:00,2024-09-01,,"{""source"": ""simulation""}"
acct_001438,acct_001438_owner,signup,2024-03-05T18:57:00+00:00,2024-03-01,,"{""source"": ""simulation""}"
acct_001439,acct_001439_owner,signup,2024-09-14T12:36:00+00:00,2024-09-01,,"{""source"": ""simulation""}"
acct_001440,acct_001440_owner,signup,2024-01-17T09:32:00+00:00,2024-01-01,,"{""source"": ""simulation""}"
acct_001441,acct_001441_owner,signup,2024-02-15T18:46:00+00:00,2024-02-01,,"{""source"": ""simulation""}"
acct_001441,acct_001441_owner,first_invoice_created,2024-02-23T18:46:00+00:00,2024-02-01,,"{""source"": ""simulation""}"
acct_001441,acct_001441_owner,first_payment_received,2024-02-24T18:46:00+00:00,2024-02-01,,"{""source"": ""simulation""}"
acct_001441,acct_001441_owner,app_integration_connected,2024-03-07T18:46:00+00:00,2024-03-01,,"{""source"": ""simulation""}"
acct_001442,acct_001442_owner,signup,2024-05-19T09:49:00+00:00,2024-05-01,,"{""source"": ""simulation""}"
acct_001442,acct_001442_owner,first_invoice_created,2024-05-26T09:49:00+00:00,2024-05-01,,"{""source"": ""simulation""}"
acct_001442,acct_001442_owner,first_payment_received,2024-06-03T09:49:00+00:00,2024-06-01,,"{""source"": ""simulation""}"
acct_001442,acct_001442_owner,app_integration_connected,2024-06-18T09:49:00+00:00,2024-06-01,,"{""source"": ""simulation""}"
acct_001442,acct_001442_owner,feature_activated,2024-06-20T09:49:00+00:00,2024-06-01,bank_feed_sync,"{""source"": ""simulation""}"
acct_001442,acct_001442_owner,plan_upgrade,2024-08-02T09:49:00+00:00,2024-08-01,,"{""source"": ""simulation""}"
acct_001443,acct_001443_owner,signup,2024-08-06T20:11:00+00:00,2024-08-01,,"{""source"": ""simulation""}"
acct_001443,acct_001443_owner,first_invoice_created,2024-08-13T20:11:00+00:00,2024-08-01,,"{""source"": ""simulation""}"
acct_001444,acct_001444_owner,signup,2024-02-14T19:19:00+00:00,2024-02-01,,"{""source"": ""simulation""}"
acct_001444,acct_001444_owner,first_invoice_created,2024-02-23T19:19:00+00:00,2024-02-01,,"{""source"": ""simulation""}"
acct_001444,acct_001444_owner,first_payment_received,2024-02-28T19:19:00+00:00,2024-02-01,,"{""source"": ""simulation""}"
acct_001444,acct_001444_owner,app_integration_connected,2024-03-14T19:19:00+00:00,2024-03-01,,"{""source"": ""simulation""}"
acct_001444,acct_001444_owner,feature_activated,2024-04-05T19:19:00+00:00,2024-04-01,bank_feed_sync,"{""source"": ""simulation""}"
acct_001445,acct_001445_owner,signup,2024-08-20T20:16:00+00:00,2024-08-01,,"{""source"": ""simulation""}"
acct_001445,acct_001445_owner,first_invoice_created,2024-08-24T20:16:00+00:00,2024-08-01,,"{""source"": ""simulation""}"
acct_001445,acct_001445_owner,first_payment_received,2024-08-31T20:16:00+00:00,2024-08-01,,"{""source"": ""simulation""}"
acct_001445,acct_001445_owner,app_integration_connected,2024-09-09T20:16:00+00:00,2024-09-01,,"{""source"": ""simulation""}"
acct_001445,acct_001445_owner,plan_upgrade,2024-11-15T20:16:00+00:00,2024-11-01,,"{""source"": ""simulation""}"
acct_001446,acct_001446_owner,signup,2024-04-06T09:47:00+00:00,2024-04-01,,"{""source"": ""simulation""}"
acct_001446,acct_001446_owner,first_invoice_created,2024-04-11T09:47:00+00:00,2024-04-01,,"{""source"": ""simulation""}"
acct_001446,acct_001446_owner,first_payment_received,2024-04-16T09:47:00+00:00,2024-04-01,,"{""source"": ""simulation""}"
acct_001447,acct_001447_owner,signup,2024-07-18T08:00:00+00:00,2024-07-01,,"{""source"": ""simulation""}"
acct_001447,acct_001447_owner,first_invoice_created,2024-07-21T08:00:00+00:00,2024-07-01,,"{""source"": ""simulation""}"
acct_001447,acct_001447_owner,first_payment_received,2024-07-27T08:00:00+00:00,2024-07-01,,"{""source"": ""simulation""}"
acct_001448,acct_001448_owner,signup,2024-01-06T18:30:00+00:00,2024-01-01,,"{""source"": ""simulation""}"
acct_001449,acct_001449_owner,signup,2024-08-10T17:52:00+00:00,2024-08-01,,"{""source"": ""simulation""}"
acct_001449,acct_001449_owner,first_invoice_created,2024-08-16T17:52:00+00:00,2024-08-01,,"{""source"": ""simulation""}"
acct_001449,acct_001449_owner,first_payment_received,2024-08-18T17:52:00+00:00,2024-08-01,,"{""source"": ""simulation""}"
acct_001449,acct_001449_owner,app_integration_connected,2024-08-30T17:52:00+00:00,2024-08-01,,"{""source"": ""simulation""}"
acct_001449,acct_001449_owner,feature_activated,2024-09-13T17:52:00+00:00,2024-09-01,bank_feed_sync,"{""source"": ""simulation""}"
acct_001449,acct_001449_owner,plan_upgrade,2024-11-25T17:52:00+00:00,2024-11-01,,"{""source"": ""simulation""}"
acct_001450,acct_001450_owner,signup,2024-05-03T10:08:00+00:00,2024-05-01,,"{""source"": ""simulation""}"
acct_001450,acct_001450_owner,first_invoice_created,2024-05-04T10:08:00+00:00,2024-05-01,,"{""source"": ""simulation""}"
acct_001450,acct_001450_owner,first_payment_received,2024-05-04T10:08:00+00:00,2024-05-01,,"{""source"": ""simulation""}"
acct_001450,acct_001450_owner,app_integration_connected,2024-05-07T10:08:00+00:00,2024-05-01,,"{""source"": ""simulation""}"
acct_001450,acct_001450_owner,feature_activated,2024-05-31T10:08:00+00:00,2024-05-01,bank_feed_sync,"{""source"": ""simulation""}"
acct_001451,acct_001451_owner,signup,2024-02-01T19:12:00+00:00,2024-02-01,,"{""source"": ""simulation""}"
acct_001452,acct_001452_owner,signup,2024-08-21T10:41:00+00:00,2024-08-01,,"{""source"": ""simulation""}"
acct_001452,acct_001452_owner,first_invoice_created,2024-08-31T10:41:00+00:00,2024-08-01,,"{""source"": ""simulation""}"
acct_001452,acct_001452_owner,first_payment_received,2024-08-31T10:41:00+00:00,2024-08-01,,"{""source"": ""simulation""}"
acct_001452,acct_001452_owner,app_integration_connected,2024-09-11T10:41:00+00:00,2024-09-01,,"{""source"": ""simulation""}"
acct_001452,acct_001452_owner,feature_activated,2024-09-29T10:41:00+00:00,2024-09-01,bank_feed_sync,"{""source"": ""simulation""}"
acct_001453,acct_001453_owner,signup,2024-09-07T09:19:00+00:00,2024-09-01,,"{""source"": ""simulation""}"
acct_001453,acct_001453_owner,first_invoice_created,2024-09-14T09:19:00+00:00,2024-09-01,,"{""source"": ""simulation""}"
acct_001453,acct_001453_owner,first_payment_received,2024-09-14T09:19:00+00:00,2024-09-01,,"{""source"": ""simulation""}"
acct_001453,acct_001453_owner,app_integration_connected,2024-09-15T09:19:00+00:00,2024-09-01,,"{""source"": ""simulation""}"
acct_001453,acct_001453_owner,feature_activated,2024-09-28T09:19:00+00:00,2024-09-01,bank_feed_sync,"{""source"": ""simulation""}"
acct_001454,acct_001454_owner,signup,2024-08-14T08:07:00+00:00,2024-08-01,,"{""source"": ""simulation""}"
acct_001455,acct_001455_owner,signup,2024-08-16T15:01:00+00:00,2024-08-01,,"{""source"": ""simulation""}"
acct_001455,acct_001455_owner,first_invoice_created,2024-08-25T15:01:00+00:00,2024-08-01,,"{""source"": ""simulation""}"
acct_001455,acct_001455_owner,first_payment_received,2024-09-01T15:01:00+00:00,2024-09-01,,"{""source"": ""simulation""}"
acct_001456,acct_001456_owner,signup,2024-04-10T17:53:00+00:00,2024-04-01,,"{""source"": ""simulation""}"
acct_001456,acct_001456_owner,first_invoice_created,2024-04-14T17:53:00+00:00,2024-04-01,,"{""source"": ""simulation""}"
acct_001456,acct_001456_owner,first_payment_received,2024-04-19T17:53:00+00:00,2024-04-01,,"{""source"": ""simulation""}"
acct_001456,acct_001456_owner,app_integration_connected,2024-05-02T17:53:00+00:00,2024-05-01,,"{""source"": ""simulation""}"
acct_001456,acct_001456_owner,feature_activated,2024-05-16T17:53:00+00:00,2024-05-01,bank_feed_sync,"{""source"": ""simulation""}"
acct_001457,acct_001457_owner,signup,2024-06-01T09:40:00+00:00,2024-06-01,,"{""source"": ""simulation""}"
acct_001457,acct_001457_owner,first_invoice_created,2024-06-11T09:40:00+00:00,2024-06-01,,"{""source"": ""simulation""}"
acct_001458,acct_001458_owner,signup,2024-08-24T17:38:00+00:00,2024-08-01,,"{""source"": ""simulation""}"
acct_001459,acct_001459_owner,signup,2024-08-13T15:32:00+00:00,2024-08-01,,"{""source"": ""simulation""}"
acct_001460,acct_001460_owner,signup,2024-01-17T08:27:00+00:00,2024-01-01,,"{""source"": ""simulation""}"
acct_001460,acct_001460_owner,first_invoice_created,2024-01-27T08:27:00+00:00,2024-01-01,,"{""source"": ""simulation""}"
acct_001460,acct_001460_owner,first_payment_received,2024-02-03T08:27:00+00:00,2024-02-01,,"{""source"": ""simulation""}"
acct_001460,acct_001460_owner,app_integration_connected,2024-02-20T08:27:00+00:00,2024-02-01,,"{""source"": ""simulation""}"
acct_001460,acct_001460_owner,feature_activated,2024-03-12T08:27:00+00:00,2024-03-01,bank_feed_sync,"{""source"": ""simulation""}"
acct_001461,acct_001461_owner,signup,2024-05-21T14:56:00+00:00,2024-05-01,,"{""source"": ""simulation""}"
acct_001462,acct_001462_owner,signup,2024-08-20T18:22:00+00:00,2024-08-01,,"{""source"": ""simulation""}"
acct_001462,acct_001462_owner,first_invoice_created,2024-08-25T18:22:00+00:00,2024-08-01,,"{""source"": ""simulation""}"
acct_001462,acct_001462_owner,first_payment_received,2024-09-02T18:22:00+00:00,2024-09-01,,"{""source"": ""simulation""}"
acct_001463,acct_001463_owner,signup,2024-01-06T12:46:00+00:00,2024-01-01,,"{""source"": ""simulation""}"
acct_001463,acct_001463_owner,first_invoice_created,2024-01-11T12:46:00+00:00,2024-01-01,,"{""source"": ""simulation""}"
acct_001463,acct_001463_owner,first_payment_received,2024-01-18T12:46:00+00:00,2024-01-01,,"{""source"": ""simulation""}"
acct_001463,acct_001463_owner,app_integration_connected,2024-02-07T12:46:00+00:00,2024-02-01,,"{""source"": ""simulation""}"
acct_001463,acct_001463_owner,feature_activated,2024-02-20T12:46:00+00:00,2024-02-01,bank_feed_sync,"{""source"": ""simulation""}"
acct_001463,acct_001463_owner,plan_upgrade,2024-02-22T12:46:00+00:00,2024-02-01,,"{""source"": ""simulation""}"
acct_001464,acct_001464_owner,signup,2024-06-15T11:32:00+00:00,2024-06-01,,"{""source"": ""simulation""}"
acct_001464,acct_001464_owner,first_invoice_created,2024-06-17T11:32:00+00:00,2024-06-01,,"{""source"": ""simulation""}"
acct_001465,acct_001465_owner,signup,2024-08-05T12:46:00+00:00,2024-08-01,,"{""source"": ""simulation""}"
acct_001465,acct_001465_owner,first_invoice_created,2024-08-06T12:46:00+00:00,2024-08-01,,"{""source"": ""simulation""}"
acct_001465,acct_001465_owner,first_payment_received,2024-08-07T12:46:00+00:00,2024-08-01,,"{""source"": ""simulation""}"
acct_001466,acct_001466_owner,signup,2024-06-16T20:54:00+00:00,2024-06-01,,"{""source"": ""simulation""}"
acct_001466,acct_001466_owner,first_invoice_created,2024-06-19T20:54:00+00:00,2024-06-01,,"{""source"": ""simulation""}"
acct_001466,acct_001466_owner,first_payment_received,2024-06-21T20:54:00+00:00,2024-06-01,,"{""source"": ""simulation""}"
acct_001466,acct_001466_owner,app_integration_connected,2024-06-22T20:54:00+00:00,2024-06-01,,"{""source"": ""simulation""}"
acct_001466,acct_001466_owner,feature_activated,2024-07-16T20:54:00+00:00,2024-07-01,bank_feed_sync,"{""source"": ""simulation""}"
acct_001467,acct_001467_owner,signup,2024-05-23T19:05:00+00:00,2024-05-01,,"{""source"": ""simulation""}"
acct_001467,acct_001467_owner,first_invoice_created,2024-05-30T19:05:00+00:00,2024-05-01,,"{""source"": ""simulation""}"
acct_001467,acct_001467_owner,first_payment_received,2024-06-07T19:05:00+00:00,2024-06-01,,"{""source"": ""simulation""}"
acct_001468,acct_001468_owner,signup,2024-03-07T10:38:00+00:00,2024-03-01,,"{""source"": ""simulation""}"
acct_001468,acct_001468_owner,first_invoice_created,2024-03-15T10:38:00+00:00,2024-03-01,,"{""source"": ""simulation""}"
acct_001468,acct_001468_owner,first_payment_received,2024-03-20T10:38:00+00:00,2024-03-01,,"{""source"": ""simulation""}"
acct_001469,acct_001469_owner,signup,2024-07-16T12:15:00+00:00,2024-07-01,,"{""source"": ""simulation""}"
acct_001470,acct_001470_owner,signup,2024-01-12T12:22:00+00:00,2024-01-01,,"{""source"": ""simulation""}"
acct_001471,acct_001471_owner,signup,2024-09-02T20:04:00+00:00,2024-09-01,,"{""source"": ""simulation""}"
acct_001471,acct_001471_owner,first_invoice_created,2024-09-09T20:04:00+00:00,2024-09-01,,"{""source"": ""simulation""}"
acct_001471,acct_001471_owner,first_payment_received,2024-09-17T20:04:00+00:00,2024-09-01,,"{""source"": ""simulation""}"
acct_001472,acct_001472_owner,signup,2024-02-20T11:07:00+00:00,2024-02-01,,"{""source"": ""simulation""}"
acct_001472,acct_001472_owner,first_invoice_created,2024-02-23T11:07:00+00:00,2024-02-01,,"{""source"": ""simulation""}"
acct_001472,acct_001472_owner,first_payment_received,2024-02-26T11:07:00+00:00,2024-02-01,,"{""source"": ""simulation""}"
acct_001472,acct_001472_owner,app_integration_connected,2024-03-07T11:07:00+00:00,2024-03-01,,"{""source"": ""simulation""}"
acct_001472,acct_001472_owner,feature_activated,2024-03-17T11:07:00+00:00,2024-03-01,bank_feed_sync,"{""source"": ""simulation""}"
acct_001473,acct_001473_owner,signup,2024-05-11T20:22:00+00:00,2024-05-01,,"{""source"": ""simulation""}"
acct_001474,acct_001474_owner,signup,2024-03-23T16:38:00+00:00,2024-03-01,,"{""source"": ""simulation""}"
acct_001474,acct_001474_owner,first_invoice_created,2024-03-30T16:38:00+00:00,2024-03-01,,"{""source"": ""simulation""}"
acct_001474,acct_001474_owner,first_payment_received,2024-04-06T16:38:00+00:00,2024-04-01,,"{""source"": ""simulation""}"
acct_001474,acct_001474_owner,app_integration_connected,2024-04-22T16:38:00+00:00,2024-04-01,,"{""source"": ""simulation""}"
acct_001474,acct_001474_owner,feature_activated,2024-04-29T16:38:00+00:00,2024-04-01,bank_feed_sync,"{""source"": ""simulation""}"
acct_001474,acct_001474_owner,plan_upgrade,2024-07-07T16:38:00+00:00,2024-07-01,,"{""source"": ""simulation""}"
acct_001475,acct_001475_owner,signup,2024-08-15T20:07:00+00:00,2024-08-01,,"{""source"": ""simulation""}"
acct_001475,acct_001475_owner,first_invoice_created,2024-08-16T20:07:00+00:00,2024-08-01,,"{""source"": ""simulation""}"
acct_001475,acct_001475_owner,first_payment_received,2024-08-17T20:07:00+00:00,2024-08-01,,"{""source"": ""simulation""}"
acct_001475,acct_001475_owner,app_integration_connected,2024-09-06T20:07:00+00:00,2024-09-01,,"{""source"": ""simulation""}"
acct_001476,acct_001476_owner,signup,2024-09-02T16:06:00+00:00,2024-09-01,,"{""source"": ""simulation""}"
acct_001476,acct_001476_owner,first_invoice_created,2024-09-11T16:06:00+00:00,2024-09-01,,"{""source"": ""simulation""}"
acct_001476,acct_001476_owner,first_payment_received,2024-09-11T16:06:00+00:00,2024-09-01,,"{""source"": ""simulation""}"
acct_001477,acct_001477_owner,signup,2024-04-12T10:46:00+00:00,2024-04-01,,"{""source"": ""simulation""}"
acct_001478,acct_001478_owner,signup,2024-09-16T19:55:00+00:00,2024-09-01,,"{""source"": ""simulation""}"
acct_001478,acct_001478_owner,first_invoice_created,2024-09-24T19:55:00+00:00,2024-09-01,,"{""source"": ""simulation""}"
acct_001478,acct_001478_owner,first_payment_received,2024-10-02T19:55:00+00:00,2024-10-01,,"{""source"": ""simulation""}"
acct_001478,acct_001478_owner,app_integration_connected,2024-10-05T19:55:00+00:00,2024-10-01,,"{""source"": ""simulation""}"
acct_001478,acct_001478_owner,feature_activated,2024-10-29T19:55:00+00:00,2024-10-01,bank_feed_sync,"{""source"": ""simulation""}"
acct_001479,acct_001479_owner,signup,2024-06-11T10:07:00+00:00,2024-06-01,,"{""source"": ""simulation""}"
acct_001479,acct_001479_owner,first_invoice_created,2024-06-20T10:07:00+00:00,2024-06-01,,"{""source"": ""simulation""}"
acct_001479,acct_001479_owner,first_payment_received,2024-06-22T10:07:00+00:00,2024-06-01,,"{""source"": ""simulation""}"
acct_001479,acct_001479_owner,app_integration_connected,2024-06-24T10:07:00+00:00,2024-06-01,,"{""source"": ""simulation""}"
acct_001480,acct_001480_owner,signup,2024-07-25T20:00:00+00:00,2024-07-01,,"{""source"": ""simulation""}"
acct_001481,acct_001481_owner,signup,2024-06-10T16:10:00+00:00,2024-06-01,,"{""source"": ""simulation""}"
acct_001481,acct_001481_owner,first_invoice_created,2024-06-12T16:10:00+00:00,2024-06-01,,"{""source"": ""simulation""}"
acct_001481,acct_001481_owner,first_payment_received,2024-06-16T16:10:00+00:00,2024-06-01,,"{""source"": ""simulation""}"
acct_001482,acct_001482_owner,signup,2024-06-23T20:26:00+00:00,2024-06-01,,"{""source"": ""simulation""}"
acct_001482,acct_001482_owner,first_invoice_created,2024-07-01T20:26:00+00:00,2024-07-01,,"{""source"": ""simulation""}"
acct_001482,acct_001482_owner,first_payment_received,2024-07-04T20:26:00+00:00,2024-07-01,,"{""source"": ""simulation""}"
acct_001483,acct_001483_owner,signup,2024-03-25T20:33:00+00:00,2024-03-01,,"{""source"": ""simulation""}"
acct_001484,acct_001484_owner,signup,2024-03-14T14:58:00+00:00,2024-03-01,,"{""source"": ""simulation""}"
acct_001484,acct_001484_owner,first_invoice_created,2024-03-23T14:58:00+00:00,2024-03-01,,"{""source"": ""simulation""}"
acct_001484,acct_001484_owner,first_payment_received,2024-03-24T14:58:00+00:00,2024-03-01,,"{""source"": ""simulation""}"
acct_001485,acct_001485_owner,signup,2024-09-22T13:01:00+00:00,2024-09-01,,"{""source"": ""simulation""}"
acct_001485,acct_001485_owner,first_invoice_created,2024-10-02T13:01:00+00:00,2024-10-01,,"{""source"": ""simulation""}"
acct_001485,acct_001485_owner,first_payment_received,2024-10-10T13:01:00+00:00,2024-10-01,,"{""source"": ""simulation""}"
acct_001485,acct_001485_owner,app_integration_connected,2024-10-30T13:01:00+00:00,2024-10-01,,"{""source"": ""simulation""}"
acct_001485,acct_001485_owner,plan_upgrade,2024-12-26T13:01:00+00:00,2024-12-01,,"{""source"": ""simulation""}"
acct_001486,acct_001486_owner,signup,2024-01-23T20:33:00+00:00,2024-01-01,,"{""source"": ""simulation""}"
acct_001486,acct_001486_owner,first_invoice_created,2024-01-24T20:33:00+00:00,2024-01-01,,"{""source"": ""simulation""}"
acct_001486,acct_001486_owner,first_payment_received,2024-01-25T20:33:00+00:00,2024-01-01,,"{""source"": ""simulation""}"
acct_001486,acct_001486_owner,app_integration_connected,2024-02-06T20:33:00+00:00,2024-02-01,,"{""source"": ""simulation""}"
acct_001487,acct_001487_owner,signup,2024-06-11T14:49:00+00:00,2024-06-01,,"{""source"": ""simulation""}"
acct_001488,acct_001488_owner,signup,2024-01-13T20:02:00+00:00,2024-01-01,,"{""source"": ""simulation""}"
acct_001488,acct_001488_owner,first_invoice_created,2024-01-23T20:02:00+00:00,2024-01-01,,"{""source"": ""simulation""}"
acct_001488,acct_001488_owner,first_payment_received,2024-01-23T20:02:00+00:00,2024-01-01,,"{""source"": ""simulation""}"
acct_001488,acct_001488_owner,app_integration_connected,2024-01-27T20:02:00+00:00,2024-01-01,,"{""source"": ""simulation""}"
acct_001488,acct_001488_owner,feature_activated,2024-02-15T20:02:00+00:00,2024-02-01,bank_feed_sync,"{""source"": ""simulation""}"
acct_001488,acct_001488_owner,plan_upgrade,2024-03-28T20:02:00+00:00,2024-03-01,,"{""source"": ""simulation""}"
acct_001489,acct_001489_owner,signup,2024-09-10T14:25:00+00:00,2024-09-01,,"{""source"": ""simulation""}"
acct_001489,acct_001489_owner,first_invoice_created,2024-09-19T14:25:00+00:00,2024-09-01,,"{""source"": ""simulation""}"
acct_001489,acct_001489_owner,first_payment_received,2024-09-21T14:25:00+00:00,2024-09-01,,"{""source"": ""simulation""}"
acct_001490,acct_001490_owner,signup,2024-06-01T12:57:00+00:00,2024-06-01,,"{""source"": ""simulation""}"
acct_001490,acct_001490_owner,first_invoice_created,2024-06-11T12:57:00+00:00,2024-06-01,,"{""source"": ""simulation""}"
acct_001490,acct_001490_owner,first_payment_received,2024-06-18T12:57:00+00:00,2024-06-01,,"{""source"": ""simulation""}"
acct_001490,acct_001490_owner,app_integration_connected,2024-07-08T12:57:00+00:00,2024-07-01,,"{""source"": ""simulation""}"
acct_001490,acct_001490_owner,feature_activated,2024-07-24T12:57:00+00:00,2024-07-01,bank_feed_sync,"{""source"": ""simulation""}"
acct_001491,acct_001491_owner,signup,2024-08-21T11:56:00+00:00,2024-08-01,,"{""source"": ""simulation""}"
acct_001491,acct_001491_owner,first_invoice_created,2024-08-27T11:56:00+00:00,2024-08-01,,"{""source"": ""simulation""}"
acct_001491,acct_001491_owner,first_payment_received,2024-08-31T11:56:00+00:00,2024-08-01,,"{""source"": ""simulation""}"
acct_001492,acct_001492_owner,signup,2024-07-25T11:56:00+00:00,2024-07-01,,"{""source"": ""simulation""}"
acct_001493,acct_001493_owner,signup,2024-01-18T13:24:00+00:00,2024-01-01,,"{""source"": ""simulation""}"
acct_001493,acct_001493_owner,first_invoice_created,2024-01-21T13:24:00+00:00,2024-01-01,,"{""source"": ""simulation""}"
acct_001493,acct_001493_owner,first_payment_received,2024-01-25T13:24:00+00:00,2024-01-01,,"{""source"": ""simulation""}"
acct_001493,acct_001493_owner,app_integration_connected,2024-02-07T13:24:00+00:00,2024-02-01,,"{""source"": ""simulation""}"
acct_001493,acct_001493_owner,feature_activated,2024-02-26T13:24:00+00:00,2024-02-01,bank_feed_sync,"{""source"": ""simulation""}"
acct_001494,acct_001494_owner,signup,2024-04-03T16:35:00+00:00,2024-04-01,,"{""source"": ""simulation""}"
acct_001495,acct_001495_owner,signup,2024-03-01T08:56:00+00:00,2024-03-01,,"{""source"": ""simulation""}"
acct_001495,acct_001495_owner,first_invoice_created,2024-03-04T08:56:00+00:00,2024-03-01,,"{""source"": ""simulation""}"
acct_001495,acct_001495_owner,first_payment_received,2024-03-12T08:56:00+00:00,2024-03-01,,"{""source"": ""simulation""}"
acct_001496,acct_001496_owner,signup,2024-05-24T14:32:00+00:00,2024-05-01,,"{""source"": ""simulation""}"
acct_001496,acct_001496_owner,first_invoice_created,2024-05-30T14:32:00+00:00,2024-05-01,,"{""source"": ""simulation""}"
acct_001496,acct_001496_owner,first_payment_received,2024-06-05T14:32:00+00:00,2024-06-01,,"{""source"": ""simulation""}"
acct_001496,acct_001496_owner,app_integration_connected,2024-06-14T14:32:00+00:00,2024-06-01,,"{""source"": ""simulation""}"
acct_001496,acct_001496_owner,feature_activated,2024-07-04T14:32:00+00:00,2024-07-01,bank_feed_sync,"{""source"": ""simulation""}"
acct_001497,acct_001497_owner,signup,2024-06-09T18:32:00+00:00,2024-06-01,,"{""source"": ""simulation""}"
acct_001497,acct_001497_owner,first_invoice_created,2024-06-10T18:32:00+00:00,2024-06-01,,"{""source"": ""simulation""}"
acct_001497,acct_001497_owner,first_payment_received,2024-06-16T18:32:00+00:00,2024-06-01,,"{""source"": ""simulation""}"
acct_001497,acct_001497_owner,app_integration_connected,2024-06-30T18:32:00+00:00,2024-06-01,,"{""source"": ""simulation""}"
acct_001498,acct_001498_owner,signup,2024-01-25T18:07:00+00:00,2024-01-01,,"{""source"": ""simulation""}"
acct_001498,acct_001498_owner,first_invoice_created,2024-02-02T18:07:00+00:00,2024-02-01,,"{""source"": ""simulation""}"
acct_001498,acct_001498_owner,first_payment_received,2024-02-08T18:07:00+00:00,2024-02-01,,"{""source"": ""simulation""}"
acct_001498,acct_001498_owner,app_integration_connected,2024-02-09T18:07:00+00:00,2024-02-01,,"{""source"": ""simulation""}"
acct_001499,acct_001499_owner,signup,2024-01-15T13:15:00+00:00,2024-01-01,,"{""source"": ""simulation""}"
acct_001500,acct_001500_owner,signup,2024-05-10T18:50:00+00:00,2024-05-01,,"{""source"": ""simulation""}"
acct_001500,acct_001500_owner,first_invoice_created,2024-05-11T18:50:00+00:00,2024-05-01,,"{""source"": ""simulation""}"
acct_001500,acct_001500_owner,first_payment_received,2024-05-17T18:50:00+00:00,2024-05-01,,"{""source"": ""simulation""}"
acct_001500,acct_001500_owner,app_integration_connected,2024-05-31T18:50:00+00:00,2024-05-01,,"{""source"": ""simulation""}"
acct_001500,acct_001500_owner,feature_activated,2024-06-27T18:50:00+00:00,2024-06-01,bank_feed_sync,"{""source"": ""simulation""}"
acct_001501,acct_001501_owner,signup,2024-09-24T11:06:00+00:00,2024-09-01,,"{""source"": ""simulation""}"
acct_001501,acct_001501_owner,first_invoice_created,2024-09-26T11:06:00+00:00,2024-09-01,,"{""source"": ""simulation""}"
acct_001501,acct_001501_owner,first_payment_received,2024-10-01T11:06:00+00:00,2024-10-01,,"{""source"": ""simulation""}"
acct_001501,acct_001501_owner,app_integration_connected,2024-10-20T11:06:00+00:00,2024-10-01,,"{""source"": ""simulation""}"
acct_001501,acct_001501_owner,feature_activated,2024-11-18T11:06:00+00:00,2024-11-01,bank_feed_sync,"{""source"": ""simulation""}"
acct_001502,acct_001502_owner,signup,2024-06-15T09:09:00+00:00,2024-06-01,,"{""source"": ""simulation""}"
acct_001502,acct_001502_owner,first_invoice_created,2024-06-20T09:09:00+00:00,2024-06-01,,"{""source"": ""simulation""}"
acct_001502,acct_001502_owner,first_payment_received,2024-06-26T09:09:00+00:00,2024-06-01,,"{""source"": ""simulation""}"
acct_001502,acct_001502_owner,app_integration_connected,2024-07-10T09:09:00+00:00,2024-07-01,,"{""source"": ""simulation""}"
acct_001503,acct_001503_owner,signup,2024-02-03T08:27:00+00:00,2024-02-01,,"{""source"": ""simulation""}"
acct_001503,acct_001503_owner,first_invoice_created,2024-02-13T08:27:00+00:00,2024-02-01,,"{""source"": ""simulation""}"
acct_001504,acct_001504_owner,signup,2024-04-15T09:23:00+00:00,2024-04-01,,"{""source"": ""simulation""}"
acct_001505,acct_001505_owner,signup,2024-05-19T15:40:00+00:00,2024-05-01,,"{""source"": ""simulation""}"
acct_001505,acct_001505_owner,first_invoice_created,2024-05-27T15:40:00+00:00,2024-05-01,,"{""source"": ""simulation""}"
acct_001505,acct_001505_owner,first_payment_received,2024-06-03T15:40:00+00:00,2024-06-01,,"{""source"": ""simulation""}"
acct_001506,acct_001506_owner,signup,2024-08-24T14:52:00+00:00,2024-08-01,,"{""source"": ""simulation""}"
acct_001506,acct_001506_owner,first_invoice_created,2024-09-02T14:52:00+00:00,2024-09-01,,"{""source"": ""simulation""}"
acct_001506,acct_001506_owner,first_payment_received,2024-09-09T14:52:00+00:00,2024-09-01,,"{""source"": ""simulation""}"
acct_001507,acct_001507_owner,signup,2024-09-05T15:45:00+00:00,2024-09-01,,"{""source"": ""simulation""}"
acct_001507,acct_001507_owner,first_invoice_created,2024-09-12T15:45:00+00:00,2024-09-01,,"{""source"": ""simulation""}"
acct_001507,acct_001507_owner,first_payment_received,2024-09-12T15:45:00+00:00,2024-09-01,,"{""source"": ""simulation""}"
acct_001507,acct_001507_owner,app_integration_connected,2024-09-17T15:45:00+00:00,2024-09-01,,"{""source"": ""simulation""}"
acct_001507,acct_001507_owner,feature_activated,2024-09-24T15:45:00+00:00,2024-09-01,bank_feed_sync,"{""source"": ""simulation""}"
acct_001508,acct_001508_owner,signup,2024-09-17T09:44:00+00:00,2024-09-01,,"{""source"": ""simulation""}"
acct_001508,acct_001508_owner,first_invoice_created,2024-09-22T09:44:00+00:00,2024-09-01,,"{""source"": ""simulation""}"
acct_001508,acct_001508_owner,first_payment_received,2024-09-24T09:44:00+00:00,2024-09-01,,"{""source"": ""simulation""}"
acct_001508,acct_001508_owner,app_integration_connected,2024-10-10T09:44:00+00:00,2024-10-01,,"{""source"": ""simulation""}"
acct_001508,acct_001508_owner,feature_activated,2024-11-06T09:44:00+00:00,2024-11-01,bank_feed_sync,"{""source"": ""simulation""}"
acct_001509,acct_001509_owner,signup,2024-08-02T19:10:00+00:00,2024-08-01,,"{""source"": ""simulation""}"
acct_001509,acct_001509_owner,first_invoice_created,2024-08-08T19:10:00+00:00,2024-08-01,,"{""source"": ""simulation""}"
acct_001509,acct_001509_owner,first_payment_received,2024-08-12T19:10:00+00:00,2024-08-01,,"{""source"": ""simulation""}"
acct_001510,acct_001510_owner,signup,2024-07-04T09:23:00+00:00,2024-07-01,,"{""source"": ""simulation""}"
acct_001510,acct_001510_owner,first_invoice_created,2024-07-13T09:23:00+00:00,2024-07-01,,"{""source"": ""simulation""}"
acct_001510,acct_001510_owner,first_payment_received,2024-07-13T09:23:00+00:00,2024-07-01,,"{""source"": ""simulation""}"
acct_001510,acct_001510_owner,app_integration_connected,2024-07-28T09:23:00+00:00,2024-07-01,,"{""source"": ""simulation""}"
acct_001511,acct_001511_owner,signup,2024-09-05T09:23:00+00:00,2024-09-01,,"{""source"": ""simulation""}"
acct_001511,acct_001511_owner,first_invoice_created,2024-09-13T09:23:00+00:00,2024-09-01,,"{""source"": ""simulation""}"
acct_001511,acct_001511_owner,first_payment_received,2024-09-19T09:23:00+00:00,2024-09-01,,"{""source"": ""simulation""}"
acct_001512,acct_001512_owner,signup,2024-05-10T15:01:00+00:00,2024-05-01,,"{""source"": ""simulation""}"
acct_001512,acct_001512_owner,first_invoice_created,2024-05-13T15:01:00+00:00,2024-05-01,,"{""source"": ""simulation""}"
acct_001512,acct_001512_owner,first_payment_received,2024-05-21T15:01:00+00:00,2024-05-01,,"{""source"": ""simulation""}"
acct_001512,acct_001512_owner,app_integration_connected,2024-05-25T15:01:00+00:00,2024-05-01,,"{""source"": ""simulation""}"
acct_001513,acct_001513_owner,signup,2024-07-02T12:56:00+00:00,2024-07-01,,"{""source"": ""simulation""}"
acct_001513,acct_001513_owner,first_invoice_created,2024-07-09T12:56:00+00:00,2024-07-01,,"{""source"": ""simulation""}"
acct_001513,acct_001513_owner,first_payment_received,2024-07-12T12:56:00+00:00,2024-07-01,,"{""source"": ""simulation""}"
acct_001514,acct_001514_owner,signup,2024-03-24T15:00:00+00:00,2024-03-01,,"{""source"": ""simulation""}"
acct_001515,acct_001515_owner,signup,2024-02-02T14:30:00+00:00,2024-02-01,,"{""source"": ""simulation""}"
acct_001515,acct_001515_owner,first_invoice_created,2024-02-08T14:30:00+00:00,2024-02-01,,"{""source"": ""simulation""}"
acct_001515,acct_001515_owner,first_payment_received,2024-02-16T14:30:00+00:00,2024-02-01,,"{""source"": ""simulation""}"
acct_001515,acct_001515_owner,app_integration_connected,2024-03-04T14:30:00+00:00,2024-03-01,,"{""source"": ""simulation""}"
acct_001516,acct_001516_owner,signup,2024-06-13T15:53:00+00:00,2024-06-01,,"{""source"": ""simulation""}"
acct_001516,acct_001516_owner,first_invoice_created,2024-06-21T15:53:00+00:00,2024-06-01,,"{""source"": ""simulation""}"
acct_001516,acct_001516_owner,first_payment_received,2024-06-23T15:53:00+00:00,2024-06-01,,"{""source"": ""simulation""}"
acct_001517,acct_001517_owner,signup,2024-09-21T15:48:00+00:00,2024-09-01,,"{""source"": ""simulation""}"
acct_001517,acct_001517_owner,first_invoice_created,2024-09-30T15:48:00+00:00,2024-09-01,,"{""source"": ""simulation""}"
acct_001518,acct_001518_owner,signup,2024-03-24T13:05:00+00:00,2024-03-01,,"{""source"": ""simulation""}"
acct_001518,acct_001518_owner,first_invoice_created,2024-03-27T13:05:00+00:00,2024-03-01,,"{""source"": ""simulation""}"
acct_001518,acct_001518_owner,first_payment_received,2024-04-02T13:05:00+00:00,2024-04-01,,"{""source"": ""simulation""}"
acct_001519,acct_001519_owner,signup,2024-04-13T13:34:00+00:00,2024-04-01,,"{""source"": ""simulation""}"
acct_001519,acct_001519_owner,first_invoice_created,2024-04-17T13:34:00+00:00,2024-04-01,,"{""source"": ""simulation""}"
acct_001519,acct_001519_owner,first_payment_received,2024-04-17T13:34:00+00:00,2024-04-01,,"{""source"": ""simulation""}"
acct_001519,acct_001519_owner,app_integration_connected,2024-05-03T13:34:00+00:00,2024-05-01,,"{""source"": ""simulation""}"
acct_001519,acct_001519_owner,plan_upgrade,2024-06-02T13:34:00+00:00,2024-06-01,,"{""source"": ""simulation""}"
acct_001520,acct_001520_owner,signup,2024-05-21T09:55:00+00:00,2024-05-01,,"{""source"": ""simulation""}"
acct_001520,acct_001520_owner,first_invoice_created,2024-05-22T09:55:00+00:00,2024-05-01,,"{""source"": ""simulation""}"
acct_001521,acct_001521_owner,signup,2024-05-18T18:07:00+00:00,2024-05-01,,"{""source"": ""simulation""}"
acct_001522,acct_001522_owner,signup,2024-09-19T20:03:00+00:00,2024-09-01,,"{""source"": ""simulation""}"
acct_001523,acct_001523_owner,signup,2024-09-01T09:42:00+00:00,2024-09-01,,"{""source"": ""simulation""}"
acct_001523,acct_001523_owner,first_invoice_created,2024-09-10T09:42:00+00:00,2024-09-01,,"{""source"": ""simulation""}"
acct_001524,acct_001524_owner,signup,2024-05-07T11:53:00+00:00,2024-05-01,,"{""source"": ""simulation""}"
acct_001524,acct_001524_owner,first_invoice_created,2024-05-09T11:53:00+00:00,2024-05-01,,"{""source"": ""simulation""}"
acct_001524,acct_001524_owner,first_payment_received,2024-05-11T11:53:00+00:00,2024-05-01,,"{""source"": ""simulation""}"
acct_001525,acct_001525_owner,signup,2024-09-20T13:25:00+00:00,2024-09-01,,"{""source"": ""simulation""}"
acct_001525,acct_001525_owner,first_invoice_created,2024-09-29T13:25:00+00:00,2024-09-01,,"{""source"": ""simulation""}"
acct_001525,acct_001525_owner,first_payment_received,2024-10-01T13:25:00+00:00,2024-10-01,,"{""source"": ""simulation""}"
acct_001526,acct_001526_owner,signup,2024-01-11T14:11:00+00:00,2024-01-01,,"{""source"": ""simulation""}"
acct_001526,acct_001526_owner,first_invoice_created,2024-01-12T14:11:00+00:00,2024-01-01,,"{""source"": ""simulation""}"
acct_001526,acct_001526_owner,first_payment_received,2024-01-19T14:11:00+00:00,2024-01-01,,"{""source"": ""simulation""}"
acct_001526,acct_001526_owner,app_integration_connected,2024-02-02T14:11:00+00:00,2024-02-01,,"{""source"": ""simulation""}"
acct_001526,acct_001526_owner,feature_activated,2024-02-18T14:11:00+00:00,2024-02-01,bank_feed_sync,"{""source"": ""simulation""}"
acct_001526,acct_001526_owner,plan_upgrade,2024-04-11T14:11:00+00:00,2024-04-01,,"{""source"": ""simulation""}"
acct_001527,acct_001527_owner,signup,2024-09-11T14:16:00+00:00,2024-09-01,,"{""source"": ""simulation""}"
acct_001528,acct_001528_owner,signup,2024-02-18T10:18:00+00:00,2024-02-01,,"{""source"": ""simulation""}"
acct_001528,acct_001528_owner,first_invoice_created,2024-02-24T10:18:00+00:00,2024-02-01,,"{""source"": ""simulation""}"
acct_001528,acct_001528_owner,first_payment_received,2024-02-28T10:18:00+00:00,2024-02-01,,"{""source"": ""simulation""}"
acct_001529,acct_001529_owner,signup,2024-05-25T09:09:00+00:00,2024-05-01,,"{""source"": ""simulation""}"
acct_001530,acct_001530_owner,signup,2024-03-02T17:20:00+00:00,2024-03-01,,"{""source"": ""simulation""}"
acct_001530,acct_001530_owner,first_invoice_created,2024-03-05T17:20:00+00:00,2024-03-01,,"{""source"": ""simulation""}"
acct_001530,acct_001530_owner,first_payment_received,2024-03-07T17:20:00+00:00,2024-03-01,,"{""source"": ""simulation""}"
acct_001531,acct_001531_owner,signup,2024-01-10T14:06:00+00:00,2024-01-01,,"{""source"": ""simulation""}"
acct_001531,acct_001531_owner,first_invoice_created,2024-01-19T14:06:00+00:00,2024-01-01,,"{""source"": ""simulation""}"
acct_001531,acct_001531_owner,first_payment_received,2024-01-24T14:06:00+00:00,2024-01-01,,"{""source"": ""simulation""}"
acct_001532,acct_001532_owner,signup,2024-07-11T12:24:00+00:00,2024-07-01,,"{""source"": ""simulation""}"
acct_001532,acct_001532_owner,first_invoice_created,2024-07-14T12:24:00+00:00,2024-07-01,,"{""source"": ""simulation""}"
acct_001532,acct_001532_owner,first_payment_received,2024-07-18T12:24:00+00:00,2024-07-01,,"{""source"": ""simulation""}"
acct_001532,acct_001532_owner,app_integration_connected,2024-07-19T12:24:00+00:00,2024-07-01,,"{""source"": ""simulation""}"
acct_001533,acct_001533_owner,signup,2024-04-08T20:38:00+00:00,2024-04-01,,"{""source"": ""simulation""}"
acct_001533,acct_001533_owner,first_invoice_created,2024-04-15T20:38:00+00:00,2024-04-01,,"{""source"": ""simulation""}"
acct_001533,acct_001533_owner,first_payment_received,2024-04-18T20:38:00+00:00,2024-04-01,,"{""source"": ""simulation""}"
acct_001534,acct_001534_owner,signup,2024-09-25T16:24:00+00:00,2024-09-01,,"{""source"": ""simulation""}"
acct_001535,acct_001535_owner,signup,2024-01-11T15:35:00+00:00,2024-01-01,,"{""source"": ""simulation""}"
acct_001536,acct_001536_owner,signup,2024-08-01T14:40:00+00:00,2024-08-01,,"{""source"": ""simulation""}"
acct_001536,acct_001536_owner,first_invoice_created,2024-08-03T14:40:00+00:00,2024-08-01,,"{""source"": ""simulation""}"
acct_001536,acct_001536_owner,first_payment_received,2024-08-08T14:40:00+00:00,2024-08-01,,"{""source"": ""simulation""}"
acct_001537,acct_001537_owner,signup,2024-05-18T17:43:00+00:00,2024-05-01,,"{""source"": ""simulation""}"
acct_001537,acct_001537_owner,first_invoice_created,2024-05-24T17:43:00+00:00,2024-05-01,,"{""source"": ""simulation""}"
acct_001537,acct_001537_owner,first_payment_received,2024-05-24T17:43:00+00:00,2024-05-01,,"{""source"": ""simulation""}"
acct_001537,acct_001537_owner,app_integration_connected,2024-06-08T17:43:00+00:00,2024-06-01,,"{""source"": ""simulation""}"
acct_001537,acct_001537_owner,feature_activated,2024-07-04T17:43:00+00:00,2024-07-01,bank_feed_sync,"{""source"": ""simulation""}"
acct_001538,acct_001538_owner,signup,2024-09-21T20:08:00+00:00,2024-09-01,,"{""source"": ""simulation""}"
acct_001539,acct_001539_owner,signup,2024-08-03T18:32:00+00:00,2024-08-01,,"{""source"": ""simulation""}"
acct_001539,acct_001539_owner,first_invoice_created,2024-08-05T18:32:00+00:00,2024-08-01,,"{""source"": ""simulation""}"
acct_001539,acct_001539_owner,first_payment_received,2024-08-07T18:32:00+00:00,2024-08-01,,"{""source"": ""simulation""}"
acct_001539,acct_001539_owner,app_integration_connected,2024-08-16T18:32:00+00:00,2024-08-01,,"{""source"": ""simulation""}"
acct_001539,acct_001539_owner,plan_upgrade,2024-11-01T18:32:00+00:00,2024-11-01,,"{""source"": ""simulation""}"
acct_001540,acct_001540_owner,signup,2024-06-18T10:50:00+00:00,2024-06-01,,"{""source"": ""simulation""}"
acct_001540,acct_001540_owner,first_invoice_created,2024-06-23T10:50:00+00:00,2024-06-01,,"{""source"": ""simulation""}"
acct_001540,acct_001540_owner,first_payment_received,2024-06-24T10:50:00+00:00,2024-06-01,,"{""source"": ""simulation""}"
acct_001540,acct_001540_owner,app_integration_connected,2024-07-11T10:50:00+00:00,2024-07-01,,"{""source"": ""simulation""}"
acct_001540,acct_001540_owner,feature_activated,2024-08-01T10:50:00+00:00,2024-08-01,bank_feed_sync,"{""source"": ""simulation""}"
acct_001541,acct_001541_owner,signup,2024-09-15T08:00:00+00:00,2024-09-01,,"{""source"": ""simulation""}"
acct_001541,acct_001541_owner,first_invoice_created,2024-09-23T08:00:00+00:00,2024-09-01,,"{""source"": ""simulation""}"
acct_001541,acct_001541_owner,first_payment_received,2024-09-28T08:00:00+00:00,2024-09-01,,"{""source"": ""simulation""}"
acct_001542,acct_001542_owner,signup,2024-03-01T08:59:00+00:00,2024-03-01,,"{""source"": ""simulation""}"
acct_001542,acct_001542_owner,first_invoice_created,2024-03-10T08:59:00+00:00,2024-03-01,,"{""source"": ""simulation""}"
acct_001542,acct_001542_owner,first_payment_received,2024-03-12T08:59:00+00:00,2024-03-01,,"{""source"": ""simulation""}"
acct_001542,acct_001542_owner,app_integration_connected,2024-03-16T08:59:00+00:00,2024-03-01,,"{""source"": ""simulation""}"
acct_001542,acct_001542_owner,feature_activated,2024-04-07T08:59:00+00:00,2024-04-01,bank_feed_sync,"{""source"": ""simulation""}"
acct_001543,acct_001543_owner,signup,2024-05-22T14:22:00+00:00,2024-05-01,,"{""source"": ""simulation""}"
acct_001544,acct_001544_owner,signup,2024-01-06T19:34:00+00:00,2024-01-01,,"{""source"": ""simulation""}"
acct_001544,acct_001544_owner,first_invoice_created,2024-01-09T19:34:00+00:00,2024-01-01,,"{""source"": ""simulation""}"
acct_001544,acct_001544_owner,first_payment_received,2024-01-15T19:34:00+00:00,2024-01-01,,"{""source"": ""simulation""}"
acct_001544,acct_001544_owner,app_integration_connected,2024-02-01T19:34:00+00:00,2024-02-01,,"{""source"": ""simulation""}"
acct_001545,acct_001545_owner,signup,2024-02-13T19:07:00+00:00,2024-02-01,,"{""source"": ""simulation""}"
acct_001545,acct_001545_owner,first_invoice_created,2024-02-17T19:07:00+00:00,2024-02-01,,"{""source"": ""simulation""}"
acct_001545,acct_001545_owner,first_payment_received,2024-02-17T19:07:00+00:00,2024-02-01,,"{""source"": ""simulation""}"
acct_001546,acct_001546_owner,signup,2024-07-07T17:32:00+00:00,2024-07-01,,"{""source"": ""simulation""}"
acct_001546,acct_001546_owner,first_invoice_created,2024-07-14T17:32:00+00:00,2024-07-01,,"{""source"": ""simulation""}"
acct_001546,acct_001546_owner,first_payment_received,2024-07-19T17:32:00+00:00,2024-07-01,,"{""source"": ""simulation""}"
acct_001547,acct_001547_owner,signup,2024-05-25T19:28:00+00:00,2024-05-01,,"{""source"": ""simulation""}"
acct_001547,acct_001547_owner,first_invoice_created,2024-05-27T19:28:00+00:00,2024-05-01,,"{""source"": ""simulation""}"
acct_001547,acct_001547_owner,first_payment_received,2024-05-28T19:28:00+00:00,2024-05-01,,"{""source"": ""simulation""}"
acct_001547,acct_001547_owner,app_integration_connected,2024-06-04T19:28:00+00:00,2024-06-01,,"{""source"": ""simulation""}"
acct_001547,acct_001547_owner,feature_activated,2024-07-02T19:28:00+00:00,2024-07-01,bank_feed_sync,"{""source"": ""simulation""}"
acct_001547,acct_001547_owner,plan_upgrade,2024-08-28T19:28:00+00:00,2024-08-01,,"{""source"": ""simulation""}"
acct_001548,acct_001548_owner,signup,2024-06-11T11:29:00+00:00,2024-06-01,,"{""source"": ""simulation""}"
acct_001548,acct_001548_owner,first_invoice_created,2024-06-18T11:29:00+00:00,2024-06-01,,"{""source"": ""simulation""}"
acct_001548,acct_001548_owner,first_payment_received,2024-06-25T11:29:00+00:00,2024-06-01,,"{""source"": ""simulation""}"
acct_001548,acct_001548_owner,app_integration_connected,2024-06-27T11:29:00+00:00,2024-06-01,,"{""source"": ""simulation""}"
acct_001548,acct_001548_owner,feature_activated,2024-07-08T11:29:00+00:00,2024-07-01,bank_feed_sync,"{""source"": ""simulation""}"
acct_001548,acct_001548_owner,plan_upgrade,2024-09-05T11:29:00+00:00,2024-09-01,,"{""source"": ""simulation""}"
acct_001549,acct_001549_owner,signup,2024-03-21T08:38:00+00:00,2024-03-01,,"{""source"": ""simulation""}"
acct_001549,acct_001549_owner,first_invoice_created,2024-03-23T08:38:00+00:00,2024-03-01,,"{""source"": ""simulation""}"
acct_001549,acct_001549_owner,first_payment_received,2024-03-25T08:38:00+00:00,2024-03-01,,"{""source"": ""simulation""}"
acct_001549,acct_001549_owner,app_integration_connected,2024-03-29T08:38:00+00:00,2024-03-01,,"{""source"": ""simulation""}"
acct_001550,acct_001550_owner,signup,2024-01-22T10:26:00+00:00,2024-01-01,,"{""source"": ""simulation""}"
acct_001550,acct_001550_owner,first_invoice_created,2024-01-24T10:26:00+00:00,2024-01-01,,"{""source"": ""simulation""}"
acct_001550,acct_001550_owner,first_payment_received,2024-01-27T10:26:00+00:00,2024-01-01,,"{""source"": ""simulation""}"
acct_001550,acct_001550_owner,app_integration_connected,2024-01-28T10:26:00+00:00,2024-01-01,,"{""source"": ""simulation""}"
acct_001550,acct_001550_owner,feature_activated,2024-02-08T10:26:00+00:00,2024-02-01,bank_feed_sync,"{""source"": ""simulation""}"
acct_001551,acct_001551_owner,signup,2024-09-03T20:56:00+00:00,2024-09-01,,"{""source"": ""simulation""}"
acct_001551,acct_001551_owner,first_invoice_created,2024-09-10T20:56:00+00:00,2024-09-01,,"{""source"": ""simulation""}"
acct_001552,acct_001552_owner,signup,2024-08-22T09:22:00+00:00,2024-08-01,,"{""source"": ""simulation""}"
acct_001553,acct_001553_owner,signup,2024-07-06T20:51:00+00:00,2024-07-01,,"{""source"": ""simulation""}"
acct_001553,acct_001553_owner,first_invoice_created,2024-07-10T20:51:00+00:00,2024-07-01,,"{""source"": ""simulation""}"
acct_001553,acct_001553_owner,first_payment_received,2024-07-11T20:51:00+00:00,2024-07-01,,"{""source"": ""simulation""}"
acct_001553,acct_001553_owner,app_integration_connected,2024-07-15T20:51:00+00:00,2024-07-01,,"{""source"": ""simulation""}"
acct_001554,acct_001554_owner,signup,2024-08-12T11:28:00+00:00,2024-08-01,,"{""source"": ""simulation""}"
acct_001554,acct_001554_owner,first_invoice_created,2024-08-22T11:28:00+00:00,2024-08-01,,"{""source"": ""simulation""}"
acct_001554,acct_001554_owner,first_payment_received,2024-08-30T11:28:00+00:00,2024-08-01,,"{""source"": ""simulation""}"
acct_001554,acct_001554_owner,app_integration_connected,2024-09-10T11:28:00+00:00,2024-09-01,,"{""source"": ""simulation""}"
acct_001554,acct_001554_owner,feature_activated,2024-09-23T11:28:00+00:00,2024-09-01,bank_feed_sync,"{""source"": ""simulation""}"
acct_001555,acct_001555_owner,signup,2024-01-25T12:43:00+00:00,2024-01-01,,"{""source"": ""simulation""}"
acct_001555,acct_001555_owner,first_invoice_created,2024-01-30T12:43:00+00:00,2024-01-01,,"{""source"": ""simulation""}"
acct_001555,acct_001555_owner,first_payment_received,2024-02-06T12:43:00+00:00,2024-02-01,,"{""source"": ""simulation""}"
acct_001555,acct_001555_owner,app_integration_connected,2024-02-24T12:43:00+00:00,2024-02-01,,"{""source"": ""simulation""}"
acct_001555,acct_001555_owner,feature_activated,2024-02-26T12:43:00+00:00,2024-02-01,bank_feed_sync,"{""source"": ""simulation""}"
acct_001555,acct_001555_owner,plan_upgrade,2024-05-07T12:43:00+00:00,2024-05-01,,"{""source"": ""simulation""}"
acct_001556,acct_001556_owner,signup,2024-02-20T18:19:00+00:00,2024-02-01,,"{""source"": ""simulation""}"
acct_001556,acct_001556_owner,first_invoice_created,2024-02-23T18:19:00+00:00,2024-02-01,,"{""source"": ""simulation""}"
acct_001556,acct_001556_owner,first_payment_received,2024-02-25T18:19:00+00:00,2024-02-01,,"{""source"": ""simulation""}"
acct_001556,acct_001556_owner,app_integration_connected,2024-03-05T18:19:00+00:00,2024-03-01,,"{""source"": ""simulation""}"
acct_001557,acct_001557_owner,signup,2024-08-12T08:17:00+00:00,2024-08-01,,"{""source"": ""simulation""}"
acct_001557,acct_001557_owner,first_invoice_created,2024-08-13T08:17:00+00:00,2024-08-01,,"{""source"": ""simulation""}"
acct_001557,acct_001557_owner,first_payment_received,2024-08-14T08:17:00+00:00,2024-08-01,,"{""source"": ""simulation""}"
acct_001557,acct_001557_owner,app_integration_connected,2024-08-26T08:17:00+00:00,2024-08-01,,"{""source"": ""simulation""}"
acct_001557,acct_001557_owner,feature_activated,2024-08-28T08:17:00+00:00,2024-08-01,bank_feed_sync,"{""source"": ""simulation""}"
acct_001558,acct_001558_owner,signup,2024-01-07T18:25:00+00:00,2024-01-01,,"{""source"": ""simulation""}"
acct_001558,acct_001558_owner,first_invoice_created,2024-01-10T18:25:00+00:00,2024-01-01,,"{""source"": ""simulation""}"
acct_001558,acct_001558_owner,first_payment_received,2024-01-15T18:25:00+00:00,2024-01-01,,"{""source"": ""simulation""}"
acct_001559,acct_001559_owner,signup,2024-09-16T10:35:00+00:00,2024-09-01,,"{""source"": ""simulation""}"
acct_001559,acct_001559_owner,first_invoice_created,2024-09-22T10:35:00+00:00,2024-09-01,,"{""source"": ""simulation""}"
acct_001560,acct_001560_owner,signup,2024-02-19T10:47:00+00:00,2024-02-01,,"{""source"": ""simulation""}"
acct_001561,acct_001561_owner,signup,2024-05-19T11:56:00+00:00,2024-05-01,,"{""source"": ""simulation""}"
acct_001561,acct_001561_owner,first_invoice_created,2024-05-21T11:56:00+00:00,2024-05-01,,"{""source"": ""simulation""}"
acct_001561,acct_001561_owner,first_payment_received,2024-05-25T11:56:00+00:00,2024-05-01,,"{""source"": ""simulation""}"
acct_001561,acct_001561_owner,app_integration_connected,2024-05-26T11:56:00+00:00,2024-05-01,,"{""source"": ""simulation""}"
acct_001562,acct_001562_owner,signup,2024-01-23T18:34:00+00:00,2024-01-01,,"{""source"": ""simulation""}"
acct_001562,acct_001562_owner,first_invoice_created,2024-01-27T18:34:00+00:00,2024-01-01,,"{""source"": ""simulation""}"
acct_001562,acct_001562_owner,first_payment_received,2024-01-30T18:34:00+00:00,2024-01-01,,"{""source"": ""simulation""}"
acct_001563,acct_001563_owner,signup,2024-01-14T18:43:00+00:00,2024-01-01,,"{""source"": ""simulation""}"
acct_001563,acct_001563_owner,first_invoice_created,2024-01-22T18:43:00+00:00,2024-01-01,,"{""source"": ""simulation""}"
acct_001563,acct_001563_owner,first_payment_received,2024-01-30T18:43:00+00:00,2024-01-01,,"{""source"": ""simulation""}"
acct_001564,acct_001564_owner,signup,2024-07-14T12:07:00+00:00,2024-07-01,,"{""source"": ""simulation""}"
acct_001564,acct_001564_owner,first_invoice_created,2024-07-20T12:07:00+00:00,2024-07-01,,"{""source"": ""simulation""}"
acct_001565,acct_001565_owner,signup,2024-06-17T20:02:00+00:00,2024-06-01,,"{""source"": ""simulation""}"
acct_001565,acct_001565_owner,first_invoice_created,2024-06-18T20:02:00+00:00,2024-06-01,,"{""source"": ""simulation""}"
acct_001565,acct_001565_owner,first_payment_received,2024-06-26T20:02:00+00:00,2024-06-01,,"{""source"": ""simulation""}"
acct_001565,acct_001565_owner,app_integration_connected,2024-07-05T20:02:00+00:00,2024-07-01,,"{""source"": ""simulation""}"
acct_001565,acct_001565_owner,feature_activated,2024-07-08T20:02:00+00:00,2024-07-01,bank_feed_sync,"{""source"": ""simulation""}"
acct_001566,acct_001566_owner,signup,2024-05-14T16:28:00+00:00,2024-05-01,,"{""source"": ""simulation""}"
acct_001566,acct_001566_owner,first_invoice_created,2024-05-19T16:28:00+00:00,2024-05-01,,"{""source"": ""simulation""}"
acct_001566,acct_001566_owner,first_payment_received,2024-05-24T16:28:00+00:00,2024-05-01,,"{""source"": ""simulation""}"
acct_001567,acct_001567_owner,signup,2024-07-07T13:05:00+00:00,2024-07-01,,"{""source"": ""simulation""}"
acct_001567,acct_001567_owner,first_invoice_created,2024-07-17T13:05:00+00:00,2024-07-01,,"{""source"": ""simulation""}"
acct_001567,acct_001567_owner,first_payment_received,2024-07-19T13:05:00+00:00,2024-07-01,,"{""source"": ""simulation""}"
acct_001568,acct_001568_owner,signup,2024-07-03T11:12:00+00:00,2024-07-01,,"{""source"": ""simulation""}"
acct_001568,acct_001568_owner,first_invoice_created,2024-07-11T11:12:00+00:00,2024-07-01,,"{""source"": ""simulation""}"
acct_001569,acct_001569_owner,signup,2024-05-03T18:40:00+00:00,2024-05-01,,"{""source"": ""simulation""}"
acct_001570,acct_001570_owner,signup,2024-08-14T20:01:00+00:00,2024-08-01,,"{""source"": ""simulation""}"
acct_001571,acct_001571_owner,signup,2024-04-04T15:15:00+00:00,2024-04-01,,"{""source"": ""simulation""}"
acct_001571,acct_001571_owner,first_invoice_created,2024-04-08T15:15:00+00:00,2024-04-01,,"{""source"": ""simulation""}"
acct_001572,acct_001572_owner,signup,2024-06-17T20:15:00+00:00,2024-06-01,,"{""source"": ""simulation""}"
acct_001572,acct_001572_owner,first_invoice_created,2024-06-22T20:15:00+00:00,2024-06-01,,"{""source"": ""simulation""}"
acct_001573,acct_001573_owner,signup,2024-02-21T15:37:00+00:00,2024-02-01,,"{""source"": ""simulation""}"
acct_001573,acct_001573_owner,first_invoice_created,2024-02-27T15:37:00+00:00,2024-02-01,,"{""source"": ""simulation""}"
acct_001573,acct_001573_owner,first_payment_received,2024-03-02T15:37:00+00:00,2024-03-01,,"{""source"": ""simulation""}"
acct_001573,acct_001573_owner,app_integration_connected,2024-03-22T15:37:00+00:00,2024-03-01,,"{""source"": ""simulation""}"
acct_001574,acct_001574_owner,signup,2024-01-02T14:20:00+00:00,2024-01-01,,"{""source"": ""simulation""}"
acct_001574,acct_001574_owner,first_invoice_created,2024-01-05T14:20:00+00:00,2024-01-01,,"{""source"": ""simulation""}"
acct_001574,acct_001574_owner,first_payment_received,2024-01-10T14:20:00+00:00,2024-01-01,,"{""source"": ""simulation""}"
acct_001575,acct_001575_owner,signup,2024-01-15T08:19:00+00:00,2024-01-01,,"{""source"": ""simulation""}"
acct_001576,acct_001576_owner,signup,2024-02-22T08:35:00+00:00,2024-02-01,,"{""source"": ""simulation""}"
acct_001576,acct_001576_owner,first_invoice_created,2024-02-29T08:35:00+00:00,2024-02-01,,"{""source"": ""simulation""}"
acct_001576,acct_001576_owner,first_payment_received,2024-02-29T08:35:00+00:00,2024-02-01,,"{""source"": ""simulation""}"
acct_001577,acct_001577_owner,signup,2024-07-13T09:39:00+00:00,2024-07-01,,"{""source"": ""simulation""}"
acct_001577,acct_001577_owner,first_invoice_created,2024-07-19T09:39:00+00:00,2024-07-01,,"{""source"": ""simulation""}"
acct_001577,acct_001577_owner,first_payment_received,2024-07-21T09:39:00+00:00,2024-07-01,,"{""source"": ""simulation""}"
acct_001577,acct_001577_owner,app_integration_connected,2024-07-22T09:39:00+00:00,2024-07-01,,"{""source"": ""simulation""}"
acct_001578,acct_001578_owner,signup,2024-01-15T14:29:00+00:00,2024-01-01,,"{""source"": ""simulation""}"
acct_001578,acct_001578_owner,first_invoice_created,2024-01-25T14:29:00+00:00,2024-01-01,,"{""source"": ""simulation""}"
acct_001578,acct_001578_owner,first_payment_received,2024-01-29T14:29:00+00:00,2024-01-01,,"{""source"": ""simulation""}"
acct_001579,acct_001579_owner,signup,2024-06-21T18:50:00+00:00,2024-06-01,,"{""source"": ""simulation""}"
acct_001579,acct_001579_owner,first_invoice_created,2024-06-28T18:50:00+00:00,2024-06-01,,"{""source"": ""simulation""}"
acct_001580,acct_001580_owner,signup,2024-09-11T17:12:00+00:00,2024-09-01,,"{""source"": ""simulation""}"
acct_001580,acct_001580_owner,first_invoice_created,2024-09-15T17:12:00+00:00,2024-09-01,,"{""source"": ""simulation""}"
acct_001580,acct_001580_owner,first_payment_received,2024-09-22T17:12:00+00:00,2024-09-01,,"{""source"": ""simulation""}"
acct_001581,acct_001581_owner,signup,2024-01-20T19:04:00+00:00,2024-01-01,,"{""source"": ""simulation""}"
acct_001582,acct_001582_owner,signup,2024-09-09T13:26:00+00:00,2024-09-01,,"{""source"": ""simulation""}"
acct_001582,acct_001582_owner,first_invoice_created,2024-09-14T13:26:00+00:00,2024-09-01,,"{""source"": ""simulation""}"
acct_001582,acct_001582_owner,first_payment_received,2024-09-20T13:26:00+00:00,2024-09-01,,"{""source"": ""simulation""}"
acct_001582,acct_001582_owner,app_integration_connected,2024-09-24T13:26:00+00:00,2024-09-01,,"{""source"": ""simulation""}"
acct_001583,acct_001583_owner,signup,2024-03-08T10:51:00+00:00,2024-03-01,,"{""source"": ""simulation""}"
acct_001584,acct_001584_owner,signup,2024-03-10T17:27:00+00:00,2024-03-01,,"{""source"": ""simulation""}"
acct_001584,acct_001584_owner,first_invoice_created,2024-03-11T17:27:00+00:00,2024-03-01,,"{""source"": ""simulation""}"
acct_001584,acct_001584_owner,first_payment_received,2024-03-15T17:27:00+00:00,2024-03-01,,"{""source"": ""simulation""}"
acct_001584,acct_001584_owner,app_integration_connected,2024-03-22T17:27:00+00:00,2024-03-01,,"{""source"": ""simulation""}"
acct_001584,acct_001584_owner,feature_activated,2024-03-28T17:27:00+00:00,2024-03-01,bank_feed_sync,"{""source"": ""simulation""}"
acct_001585,acct_001585_owner,signup,2024-09-25T10:09:00+00:00,2024-09-01,,"{""source"": ""simulation""}"
acct_001585,acct_001585_owner,first_invoice_created,2024-09-30T10:09:00+00:00,2024-09-01,,"{""source"": ""simulation""}"
acct_001585,acct_001585_owner,first_payment_received,2024-10-04T10:09:00+00:00,2024-10-01,,"{""source"": ""simulation""}"
acct_001586,acct_001586_owner,signup,2024-06-10T13:00:00+00:00,2024-06-01,,"{""source"": ""simulation""}"
acct_001587,acct_001587_owner,signup,2024-04-17T16:54:00+00:00,2024-04-01,,"{""source"": ""simulation""}"
acct_001588,acct_001588_owner,signup,2024-06-07T11:40:00+00:00,2024-06-01,,"{""source"": ""simulation""}"
acct_001588,acct_001588_owner,first_invoice_created,2024-06-11T11:40:00+00:00,2024-06-01,,"{""source"": ""simulation""}"
acct_001588,acct_001588_owner,first_payment_received,2024-06-12T11:40:00+00:00,2024-06-01,,"{""source"": ""simulation""}"
acct_001589,acct_001589_owner,signup,2024-06-07T18:30:00+00:00,2024-06-01,,"{""source"": ""simulation""}"
acct_001589,acct_001589_owner,first_invoice_created,2024-06-12T18:30:00+00:00,2024-06-01,,"{""source"": ""simulation""}"
acct_001589,acct_001589_owner,first_payment_received,2024-06-13T18:30:00+00:00,2024-06-01,,"{""source"": ""simulation""}"
acct_001590,acct_001590_owner,signup,2024-06-20T12:26:00+00:00,2024-06-01,,"{""source"": ""simulation""}"
acct_001590,acct_001590_owner,first_invoice_created,2024-06-21T12:26:00+00:00,2024-06-01,,"{""source"": ""simulation""}"
acct_001590,acct_001590_owner,first_payment_received,2024-06-27T12:26:00+00:00,2024-06-01,,"{""source"": ""simulation""}"
acct_001590,acct_001590_owner,app_integration_connected,2024-07-15T12:26:00+00:00,2024-07-01,,"{""source"": ""simulation""}"
acct_001590,acct_001590_owner,feature_activated,2024-08-09T12:26:00+00:00,2024-08-01,bank_feed_sync,"{""source"": ""simulation""}"
acct_001591,acct_001591_owner,signup,2024-02-15T20:58:00+00:00,2024-02-01,,"{""source"": ""simulation""}"
acct_001591,acct_001591_owner,first_invoice_created,2024-02-19T20:58:00+00:00,2024-02-01,,"{""source"": ""simulation""}"
acct_001591,acct_001591_owner,first_payment_received,2024-02-21T20:58:00+00:00,2024-02-01,,"{""source"": ""simulation""}"
acct_001591,acct_001591_owner,app_integration_connected,2024-02-29T20:58:00+00:00,2024-02-01,,"{""source"": ""simulation""}"
acct_001592,acct_001592_owner,signup,2024-04-01T18:14:00+00:00,2024-04-01,,"{""source"": ""simulation""}"
acct_001592,acct_001592_owner,first_invoice_created,2024-04-03T18:14:00+00:00,2024-04-01,,"{""source"": ""simulation""}"
acct_001592,acct_001592_owner,first_payment_received,2024-04-03T18:14:00+00:00,2024-04-01,,"{""source"": ""simulation""}"
acct_001593,acct_001593_owner,signup,2024-04-08T15:47:00+00:00,2024-04-01,,"{""source"": ""simulation""}"
acct_001593,acct_001593_owner,first_invoice_created,2024-04-17T15:47:00+00:00,2024-04-01,,"{""source"": ""simulation""}"
acct_001593,acct_001593_owner,first_payment_received,2024-04-24T15:47:00+00:00,2024-04-01,,"{""source"": ""simulation""}"
acct_001593,acct_001593_owner,app_integration_connected,2024-05-09T15:47:00+00:00,2024-05-01,,"{""source"": ""simulation""}"
acct_001594,acct_001594_owner,signup,2024-04-13T10:52:00+00:00,2024-04-01,,"{""source"": ""simulation""}"
acct_001594,acct_001594_owner,first_invoice_created,2024-04-17T10:52:00+00:00,2024-04-01,,"{""source"": ""simulation""}"
acct_001594,acct_001594_owner,first_payment_received,2024-04-19T10:52:00+00:00,2024-04-01,,"{""source"": ""simulation""}"
acct_001594,acct_001594_owner,app_integration_connected,2024-04-23T10:52:00+00:00,2024-04-01,,"{""source"": ""simulation""}"
acct_001595,acct_001595_owner,signup,2024-01-03T13:01:00+00:00,2024-01-01,,"{""source"": ""simulation""}"
acct_001596,acct_001596_owner,signup,2024-05-15T11:40:00+00:00,2024-05-01,,"{""source"": ""simulation""}"
acct_001596,acct_001596_owner,first_invoice_created,2024-05-23T11:40:00+00:00,2024-05-01,,"{""source"": ""simulation""}"
acct_001596,acct_001596_owner,first_payment_received,2024-05-26T11:40:00+00:00,2024-05-01,,"{""source"": ""simulation""}"
acct_001596,acct_001596_owner,app_integration_connected,2024-06-09T11:40:00+00:00,2024-06-01,,"{""source"": ""simulation""}"
acct_001596,acct_001596_owner,feature_activated,2024-06-21T11:40:00+00:00,2024-06-01,bank_feed_sync,"{""source"": ""simulation""}"
acct_001597,acct_001597_owner,signup,2024-01-07T11:18:00+00:00,2024-01-01,,"{""source"": ""simulation""}"
acct_001597,acct_001597_owner,first_invoice_created,2024-01-15T11:18:00+00:00,2024-01-01,,"{""source"": ""simulation""}"
acct_001597,acct_001597_owner,first_payment_received,2024-01-22T11:18:00+00:00,2024-01-01,,"{""source"": ""simulation""}"
acct_001597,acct_001597_owner,app_integration_connected,2024-01-31T11:18:00+00:00,2024-01-01,,"{""source"": ""simulation""}"
acct_001597,acct_001597_owner,feature_activated,2024-02-20T11:18:00+00:00,2024-02-01,bank_feed_sync,"{""source"": ""simulation""}"
acct_001598,acct_001598_owner,signup,2024-05-24T10:21:00+00:00,2024-05-01,,"{""source"": ""simulation""}"
acct_001598,acct_001598_owner,first_invoice_created,2024-05-28T10:21:00+00:00,2024-05-01,,"{""source"": ""simulation""}"
acct_001598,acct_001598_owner,first_payment_received,2024-05-29T10:21:00+00:00,2024-05-01,,"{""source"": ""simulation""}"
acct_001598,acct_001598_owner,app_integration_connected,2024-06-01T10:21:00+00:00,2024-06-01,,"{""source"": ""simulation""}"
acct_001598,acct_001598_owner,feature_activated,2024-06-25T10:21:00+00:00,2024-06-01,bank_feed_sync,"{""source"": ""simulation""}"
acct_001599,acct_001599_owner,signup,2024-04-01T10:53:00+00:00,2024-04-01,,"{""source"": ""simulation""}"
acct_001600,acct_001600_owner,signup,2024-01-22T10:24:00+00:00,2024-01-01,,"{""source"": ""simulation""}"
acct_001600,acct_001600_owner,first_invoice_created,2024-02-01T10:24:00+00:00,2024-02-01,,"{""source"": ""simulation""}"
acct_001600,acct_001600_owner,first_payment_received,2024-02-05T10:24:00+00:00,2024-02-01,,"{""source"": ""simulation""}"
acct_001601,acct_001601_owner,signup,2024-04-10T15:15:00+00:00,2024-04-01,,"{""source"": ""simulation""}"
acct_001601,acct_001601_owner,first_invoice_created,2024-04-18T15:15:00+00:00,2024-04-01,,"{""source"": ""simulation""}"
acct_001601,acct_001601_owner,first_payment_received,2024-04-18T15:15:00+00:00,2024-04-01,,"{""source"": ""simulation""}"
acct_001602,acct_001602_owner,signup,2024-03-17T20:39:00+00:00,2024-03-01,,"{""source"": ""simulation""}"
acct_001602,acct_001602_owner,first_invoice_created,2024-03-26T20:39:00+00:00,2024-03-01,,"{""source"": ""simulation""}"
acct_001602,acct_001602_owner,first_payment_received,2024-03-27T20:39:00+00:00,2024-03-01,,"{""source"": ""simulation""}"
acct_001603,acct_001603_owner,signup,2024-02-05T10:50:00+00:00,2024-02-01,,"{""source"": ""simulation""}"
acct_001603,acct_001603_owner,first_invoice_created,2024-02-13T10:50:00+00:00,2024-02-01,,"{""source"": ""simulation""}"
acct_001603,acct_001603_owner,first_payment_received,2024-02-15T10:50:00+00:00,2024-02-01,,"{""source"": ""simulation""}"
acct_001604,acct_001604_owner,signup,2024-09-13T19:23:00+00:00,2024-09-01,,"{""source"": ""simulation""}"
acct_001604,acct_001604_owner,first_invoice_created,2024-09-22T19:23:00+00:00,2024-09-01,,"{""source"": ""simulation""}"
acct_001604,acct_001604_owner,first_payment_received,2024-09-30T19:23:00+00:00,2024-09-01,,"{""source"": ""simulation""}"
acct_001604,acct_001604_owner,app_integration_connected,2024-10-18T19:23:00+00:00,2024-10-01,,"{""source"": ""simulation""}"
acct_001604,acct_001604_owner,feature_activated,2024-10-29T19:23:00+00:00,2024-10-01,bank_feed_sync,"{""source"": ""simulation""}"
acct_001605,acct_001605_owner,signup,2024-04-02T20:39:00+00:00,2024-04-01,,"{""source"": ""simulation""}"
acct_001606,acct_001606_owner,signup,2024-03-11T11:03:00+00:00,2024-03-01,,"{""source"": ""simulation""}"
acct_001607,acct_001607_owner,signup,2024-09-19T15:13:00+00:00,2024-09-01,,"{""source"": ""simulation""}"
acct_001607,acct_001607_owner,first_invoice_created,2024-09-20T15:13:00+00:00,2024-09-01,,"{""source"": ""simulation""}"
acct_001607,acct_001607_owner,first_payment_received,2024-09-20T15:13:00+00:00,2024-09-01,,"{""source"": ""simulation""}"
acct_001607,acct_001607_owner,app_integration_connected,2024-09-28T15:13:00+00:00,2024-09-01,,"{""source"": ""simulation""}"
acct_001608,acct_001608_owner,signup,2024-02-06T16:24:00+00:00,2024-02-01,,"{""source"": ""simulation""}"
acct_001608,acct_001608_owner,first_invoice_created,2024-02-11T16:24:00+00:00,2024-02-01,,"{""source"": ""simulation""}"
acct_001608,acct_001608_owner,first_payment_received,2024-02-12T16:24:00+00:00,2024-02-01,,"{""source"": ""simulation""}"
acct_001608,acct_001608_owner,app_integration_connected,2024-02-15T16:24:00+00:00,2024-02-01,,"{""source"": ""simulation""}"
acct_001609,acct_001609_owner,signup,2024-09-15T10:20:00+00:00,2024-09-01,,"{""source"": ""simulation""}"
acct_001610,acct_001610_owner,signup,2024-08-16T12:37:00+00:00,2024-08-01,,"{""source"": ""simulation""}"
acct_001611,acct_001611_owner,signup,2024-04-08T11:28:00+00:00,2024-04-01,,"{""source"": ""simulation""}"
acct_001611,acct_001611_owner,first_invoice_created,2024-04-16T11:28:00+00:00,2024-04-01,,"{""source"": ""simulation""}"
acct_001611,acct_001611_owner,first_payment_received,2024-04-17T11:28:00+00:00,2024-04-01,,"{""source"": ""simulation""}"
acct_001611,acct_001611_owner,app_integration_connected,2024-04-21T11:28:00+00:00,2024-04-01,,"{""source"": ""simulation""}"
acct_001611,acct_001611_owner,feature_activated,2024-05-08T11:28:00+00:00,2024-05-01,bank_feed_sync,"{""source"": ""simulation""}"
acct_001611,acct_001611_owner,plan_upgrade,2024-07-11T11:28:00+00:00,2024-07-01,,"{""source"": ""simulation""}"
acct_001612,acct_001612_owner,signup,2024-04-10T14:56:00+00:00,2024-04-01,,"{""source"": ""simulation""}"
acct_001612,acct_001612_owner,first_invoice_created,2024-04-17T14:56:00+00:00,2024-04-01,,"{""source"": ""simulation""}"
acct_001612,acct_001612_owner,first_payment_received,2024-04-19T14:56:00+00:00,2024-04-01,,"{""source"": ""simulation""}"
acct_001613,acct_001613_owner,signup,2024-06-09T16:05:00+00:00,2024-06-01,,"{""source"": ""simulation""}"
acct_001613,acct_001613_owner,first_invoice_created,2024-06-16T16:05:00+00:00,2024-06-01,,"{""source"": ""simulation""}"
acct_001613,acct_001613_owner,first_payment_received,2024-06-18T16:05:00+00:00,2024-06-01,,"{""source"": ""simulation""}"
acct_001614,acct_001614_owner,signup,2024-05-15T16:22:00+00:00,2024-05-01,,"{""source"": ""simulation""}"
acct_001614,acct_001614_owner,first_invoice_created,2024-05-20T16:22:00+00:00,2024-05-01,,"{""source"": ""simulation""}"
acct_001614,acct_001614_owner,first_payment_received,2024-05-28T16:22:00+00:00,2024-05-01,,"{""source"": ""simulation""}"
acct_001615,acct_001615_owner,signup,2024-08-17T17:21:00+00:00,2024-08-01,,"{""source"": ""simulation""}"
acct_001615,acct_001615_owner,first_invoice_created,2024-08-21T17:21:00+00:00,2024-08-01,,"{""source"": ""simulation""}"
acct_001615,acct_001615_owner,first_payment_received,2024-08-26T17:21:00+00:00,2024-08-01,,"{""source"": ""simulation""}"
acct_001615,acct_001615_owner,app_integration_connected,2024-09-02T17:21:00+00:00,2024-09-01,,"{""source"": ""simulation""}"
acct_001616,acct_001616_owner,signup,2024-08-14T14:23:00+00:00,2024-08-01,,"{""source"": ""simulation""}"
acct_001617,acct_001617_owner,signup,2024-05-13T08:11:00+00:00,2024-05-01,,"{""source"": ""simulation""}"
acct_001617,acct_001617_owner,first_invoice_created,2024-05-22T08:11:00+00:00,2024-05-01,,"{""source"": ""simulation""}"
acct_001617,acct_001617_owner,first_payment_received,2024-05-29T08:11:00+00:00,2024-05-01,,"{""source"": ""simulation""}"
acct_001618,acct_001618_owner,signup,2024-05-21T09:22:00+00:00,2024-05-01,,"{""source"": ""simulation""}"
acct_001618,acct_001618_owner,first_invoice_created,2024-05-23T09:22:00+00:00,2024-05-01,,"{""source"": ""simulation""}"
acct_001618,acct_001618_owner,first_payment_received,2024-05-23T09:22:00+00:00,2024-05-01,,"{""source"": ""simulation""}"
acct_001619,acct_001619_owner,signup,2024-09-17T16:41:00+00:00,2024-09-01,,"{""source"": ""simulation""}"
acct_001619,acct_001619_owner,first_invoice_created,2024-09-27T16:41:00+00:00,2024-09-01,,"{""source"": ""simulation""}"
acct_001619,acct_001619_owner,first_payment_received,2024-10-01T16:41:00+00:00,2024-10-01,,"{""source"": ""simulation""}"
acct_001619,acct_001619_owner,app_integration_connected,2024-10-07T16:41:00+00:00,2024-10-01,,"{""source"": ""simulation""}"
acct_001619,acct_001619_owner,plan_upgrade,2024-10-27T16:41:00+00:00,2024-10-01,,"{""source"": ""simulation""}"
acct_001620,acct_001620_owner,signup,2024-04-04T09:04:00+00:00,2024-04-01,,"{""source"": ""simulation""}"
acct_001620,acct_001620_owner,first_invoice_created,2024-04-08T09:04:00+00:00,2024-04-01,,"{""source"": ""simulation""}"
acct_001621,acct_001621_owner,signup,2024-09-07T13:12:00+00:00,2024-09-01,,"{""source"": ""simulation""}"
acct_001621,acct_001621_owner,first_invoice_created,2024-09-17T13:12:00+00:00,2024-09-01,,"{""source"": ""simulation""}"
acct_001621,acct_001621_owner,first_payment_received,2024-09-18T13:12:00+00:00,2024-09-01,,"{""source"": ""simulation""}"
acct_001621,acct_001621_owner,app_integration_connected,2024-10-08T13:12:00+00:00,2024-10-01,,"{""source"": ""simulation""}"
acct_001622,acct_001622_owner,signup,2024-05-24T20:43:00+00:00,2024-05-01,,"{""source"": ""simulation""}"
acct_001622,acct_001622_owner,first_invoice_created,2024-06-03T20:43:00+00:00,2024-06-01,,"{""source"": ""simulation""}"
acct_001622,acct_001622_owner,first_payment_received,2024-06-03T20:43:00+00:00,2024-06-01,,"{""source"": ""simulation""}"
acct_001622,acct_001622_owner,app_integration_connected,2024-06-07T20:43:00+00:00,2024-06-01,,"{""source"": ""simulation""}"
acct_001622,acct_001622_owner,feature_activated,2024-06-13T20:43:00+00:00,2024-06-01,bank_feed_sync,"{""source"": ""simulation""}"
acct_001623,acct_001623_owner,signup,2024-03-25T19:47:00+00:00,2024-03-01,,"{""source"": ""simulation""}"
acct_001623,acct_001623_owner,first_invoice_created,2024-04-04T19:47:00+00:00,2024-04-01,,"{""source"": ""simulation""}"
acct_001623,acct_001623_owner,first_payment_received,2024-04-10T19:47:00+00:00,2024-04-01,,"{""source"": ""simulation""}"
acct_001624,acct_001624_owner,signup,2024-05-10T13:50:00+00:00,2024-05-01,,"{""source"": ""simulation""}"
acct_001625,acct_001625_owner,signup,2024-01-16T18:32:00+00:00,2024-01-01,,"{""source"": ""simulation""}"
acct_001625,acct_001625_owner,first_invoice_created,2024-01-21T18:32:00+00:00,2024-01-01,,"{""source"": ""simulation""}"
acct_001625,acct_001625_owner,first_payment_received,2024-01-23T18:32:00+00:00,2024-01-01,,"{""source"": ""simulation""}"
acct_001626,acct_001626_owner,signup,2024-04-08T19:47:00+00:00,2024-04-01,,"{""source"": ""simulation""}"
acct_001627,acct_001627_owner,signup,2024-04-17T17:50:00+00:00,2024-04-01,,"{""source"": ""simulation""}"
acct_001627,acct_001627_owner,first_invoice_created,2024-04-25T17:50:00+00:00,2024-04-01,,"{""source"": ""simulation""}"
acct_001628,acct_001628_owner,signup,2024-06-03T13:54:00+00:00,2024-06-01,,"{""source"": ""simulation""}"
acct_001629,acct_001629_owner,signup,2024-07-07T15:28:00+00:00,2024-07-01,,"{""source"": ""simulation""}"
acct_001630,acct_001630_owner,signup,2024-03-19T10:19:00+00:00,2024-03-01,,"{""source"": ""simulation""}"
acct_001631,acct_001631_owner,signup,2024-06-11T11:26:00+00:00,2024-06-01,,"{""source"": ""simulation""}"
acct_001631,acct_001631_owner,first_invoice_created,2024-06-18T11:26:00+00:00,2024-06-01,,"{""source"": ""simulation""}"
acct_001632,acct_001632_owner,signup,2024-09-10T13:37:00+00:00,2024-09-01,,"{""source"": ""simulation""}"
acct_001632,acct_001632_owner,first_invoice_created,2024-09-16T13:37:00+00:00,2024-09-01,,"{""source"": ""simulation""}"
acct_001632,acct_001632_owner,first_payment_received,2024-09-23T13:37:00+00:00,2024-09-01,,"{""source"": ""simulation""}"
acct_001633,acct_001633_owner,signup,2024-03-05T13:36:00+00:00,2024-03-01,,"{""source"": ""simulation""}"
acct_001633,acct_001633_owner,first_invoice_created,2024-03-09T13:36:00+00:00,2024-03-01,,"{""source"": ""simulation""}"
acct_001633,acct_001633_owner,first_payment_received,2024-03-12T13:36:00+00:00,2024-03-01,,"{""source"": ""simulation""}"
acct_001634,acct_001634_owner,signup,2024-04-13T09:34:00+00:00,2024-04-01,,"{""source"": ""simulation""}"
acct_001634,acct_001634_owner,first_invoice_created,2024-04-14T09:34:00+00:00,2024-04-01,,"{""source"": ""simulation""}"
acct_001634,acct_001634_owner,first_payment_received,2024-04-21T09:34:00+00:00,2024-04-01,,"{""source"": ""simulation""}"
acct_001635,acct_001635_owner,signup,2024-08-04T13:36:00+00:00,2024-08-01,,"{""source"": ""simulation""}"
acct_001636,acct_001636_owner,signup,2024-02-06T09:43:00+00:00,2024-02-01,,"{""source"": ""simulation""}"
acct_001636,acct_001636_owner,first_invoice_created,2024-02-07T09:43:00+00:00,2024-02-01,,"{""source"": ""simulation""}"
acct_001636,acct_001636_owner,first_payment_received,2024-02-14T09:43:00+00:00,2024-02-01,,"{""source"": ""simulation""}"
acct_001636,acct_001636_owner,app_integration_connected,2024-03-02T09:43:00+00:00,2024-03-01,,"{""source"": ""simulation""}"
acct_001636,acct_001636_owner,plan_upgrade,2024-04-23T09:43:00+00:00,2024-04-01,,"{""source"": ""simulation""}"
acct_001637,acct_001637_owner,signup,2024-08-01T10:12:00+00:00,2024-08-01,,"{""source"": ""simulation""}"
acct_001637,acct_001637_owner,first_invoice_created,2024-08-06T10:12:00+00:00,2024-08-01,,"{""source"": ""simulation""}"
acct_001637,acct_001637_owner,first_payment_received,2024-08-07T10:12:00+00:00,2024-08-01,,"{""source"": ""simulation""}"
acct_001637,acct_001637_owner,app_integration_connected,2024-08-14T10:12:00+00:00,2024-08-01,,"{""source"": ""simulation""}"
acct_001638,acct_001638_owner,signup,2024-05-07T11:18:00+00:00,2024-05-01,,"{""source"": ""simulation""}"
acct_001638,acct_001638_owner,first_invoice_created,2024-05-11T11:18:00+00:00,2024-05-01,,"{""source"": ""simulation""}"
acct_001638,acct_001638_owner,first_payment_received,2024-05-13T11:18:00+00:00,2024-05-01,,"{""source"": ""simulation""}"
acct_001639,acct_001639_owner,signup,2024-01-12T16:00:00+00:00,2024-01-01,,"{""source"": ""simulation""}"
acct_001639,acct_001639_owner,first_invoice_created,2024-01-20T16:00:00+00:00,2024-01-01,,"{""source"": ""simulation""}"
acct_001640,acct_001640_owner,signup,2024-07-13T10:07:00+00:00,2024-07-01,,"{""source"": ""simulation""}"
acct_001641,acct_001641_owner,signup,2024-08-24T09:24:00+00:00,2024-08-01,,"{""source"": ""simulation""}"
acct_001641,acct_001641_owner,first_invoice_created,2024-08-31T09:24:00+00:00,2024-08-01,,"{""source"": ""simulation""}"
acct_001642,acct_001642_owner,signup,2024-04-10T14:52:00+00:00,2024-04-01,,"{""source"": ""simulation""}"
acct_001642,acct_001642_owner,first_invoice_created,2024-04-11T14:52:00+00:00,2024-04-01,,"{""source"": ""simulation""}"
acct_001642,acct_001642_owner,first_payment_received,2024-04-19T14:52:00+00:00,2024-04-01,,"{""source"": ""simulation""}"
acct_001643,acct_001643_owner,signup,2024-05-19T11:32:00+00:00,2024-05-01,,"{""source"": ""simulation""}"
acct_001643,acct_001643_owner,first_invoice_created,2024-05-25T11:32:00+00:00,2024-05-01,,"{""source"": ""simulation""}"
acct_001643,acct_001643_owner,first_payment_received,2024-05-29T11:32:00+00:00,2024-05-01,,"{""source"": ""simulation""}"
acct_001644,acct_001644_owner,signup,2024-04-01T10:28:00+00:00,2024-04-01,,"{""source"": ""simulation""}"
acct_001644,acct_001644_owner,first_invoice_created,2024-04-07T10:28:00+00:00,2024-04-01,,"{""source"": ""simulation""}"
acct_001644,acct_001644_owner,first_payment_received,2024-04-15T10:28:00+00:00,2024-04-01,,"{""source"": ""simulation""}"
acct_001645,acct_001645_owner,signup,2024-04-17T13:58:00+00:00,2024-04-01,,"{""source"": ""simulation""}"
acct_001645,acct_001645_owner,first_invoice_created,2024-04-22T13:58:00+00:00,2024-04-01,,"{""source"": ""simulation""}"
acct_001645,acct_001645_owner,first_payment_received,2024-04-28T13:58:00+00:00,2024-04-01,,"{""source"": ""simulation""}"
acct_001645,acct_001645_owner,app_integration_connected,2024-05-18T13:58:00+00:00,2024-05-01,,"{""source"": ""simulation""}"
acct_001646,acct_001646_owner,signup,2024-08-19T08:47:00+00:00,2024-08-01,,"{""source"": ""simulation""}"
acct_001647,acct_001647_owner,signup,2024-08-12T19:53:00+00:00,2024-08-01,,"{""source"": ""simulation""}"
acct_001648,acct_001648_owner,signup,2024-03-14T11:11:00+00:00,2024-03-01,,"{""source"": ""simulation""}"
acct_001648,acct_001648_owner,first_invoice_created,2024-03-22T11:11:00+00:00,2024-03-01,,"{""source"": ""simulation""}"
acct_001648,acct_001648_owner,first_payment_received,2024-03-25T11:11:00+00:00,2024-03-01,,"{""source"": ""simulation""}"
acct_001649,acct_001649_owner,signup,2024-07-22T10:44:00+00:00,2024-07-01,,"{""source"": ""simulation""}"
acct_001649,acct_001649_owner,first_invoice_created,2024-07-31T10:44:00+00:00,2024-07-01,,"{""source"": ""simulation""}"
acct_001649,acct_001649_owner,first_payment_received,2024-08-01T10:44:00+00:00,2024-08-01,,"{""source"": ""simulation""}"
acct_001650,acct_001650_owner,signup,2024-01-08T10:17:00+00:00,2024-01-01,,"{""source"": ""simulation""}"
acct_001650,acct_001650_owner,first_invoice_created,2024-01-11T10:17:00+00:00,2024-01-01,,"{""source"": ""simulation""}"
acct_001650,acct_001650_owner,first_payment_received,2024-01-11T10:17:00+00:00,2024-01-01,,"{""source"": ""simulation""}"
acct_001651,acct_001651_owner,signup,2024-04-16T14:48:00+00:00,2024-04-01,,"{""source"": ""simulation""}"
acct_001651,acct_001651_owner,first_invoice_created,2024-04-18T14:48:00+00:00,2024-04-01,,"{""source"": ""simulation""}"
acct_001651,acct_001651_owner,first_payment_received,2024-04-24T14:48:00+00:00,2024-04-01,,"{""source"": ""simulation""}"
acct_001651,acct_001651_owner,app_integration_connected,2024-04-28T14:48:00+00:00,2024-04-01,,"{""source"": ""simulation""}"
acct_001651,acct_001651_owner,feature_activated,2024-05-12T14:48:00+00:00,2024-05-01,bank_feed_sync,"{""source"": ""simulation""}"
acct_001652,acct_001652_owner,signup,2024-02-25T09:32:00+00:00,2024-02-01,,"{""source"": ""simulation""}"
acct_001652,acct_001652_owner,first_invoice_created,2024-02-27T09:32:00+00:00,2024-02-01,,"{""source"": ""simulation""}"
acct_001652,acct_001652_owner,first_payment_received,2024-03-06T09:32:00+00:00,2024-03-01,,"{""source"": ""simulation""}"
acct_001652,acct_001652_owner,app_integration_connected,2024-03-12T09:32:00+00:00,2024-03-01,,"{""source"": ""simulation""}"
acct_001652,acct_001652_owner,feature_activated,2024-04-07T09:32:00+00:00,2024-04-01,bank_feed_sync,"{""source"": ""simulation""}"
acct_001652,acct_001652_owner,plan_upgrade,2024-05-24T09:32:00+00:00,2024-05-01,,"{""source"": ""simulation""}"
acct_001653,acct_001653_owner,signup,2024-08-06T12:13:00+00:00,2024-08-01,,"{""source"": ""simulation""}"
acct_001653,acct_001653_owner,first_invoice_created,2024-08-16T12:13:00+00:00,2024-08-01,,"{""source"": ""simulation""}"
acct_001653,acct_001653_owner,first_payment_received,2024-08-23T12:13:00+00:00,2024-08-01,,"{""source"": ""simulation""}"
acct_001653,acct_001653_owner,app_integration_connected,2024-09-06T12:13:00+00:00,2024-09-01,,"{""source"": ""simulation""}"
acct_001654,acct_001654_owner,signup,2024-01-03T18:44:00+00:00,2024-01-01,,"{""source"": ""simulation""}"
acct_001654,acct_001654_owner,first_invoice_created,2024-01-12T18:44:00+00:00,2024-01-01,,"{""source"": ""simulation""}"
acct_001654,acct_001654_owner,first_payment_received,2024-01-16T18:44:00+00:00,2024-01-01,,"{""source"": ""simulation""}"
acct_001654,acct_001654_owner,app_integration_connected,2024-01-22T18:44:00+00:00,2024-01-01,,"{""source"": ""simulation""}"
acct_001654,acct_001654_owner,feature_activated,2024-02-12T18:44:00+00:00,2024-02-01,bank_feed_sync,"{""source"": ""simulation""}"
acct_001655,acct_001655_owner,signup,2024-06-24T14:54:00+00:00,2024-06-01,,"{""source"": ""simulation""}"
acct_001655,acct_001655_owner,first_invoice_created,2024-07-03T14:54:00+00:00,2024-07-01,,"{""source"": ""simulation""}"
acct_001655,acct_001655_owner,first_payment_received,2024-07-09T14:54:00+00:00,2024-07-01,,"{""source"": ""simulation""}"
acct_001655,acct_001655_owner,app_integration_connected,2024-07-28T14:54:00+00:00,2024-07-01,,"{""source"": ""simulation""}"
acct_001655,acct_001655_owner,feature_activated,2024-08-11T14:54:00+00:00,2024-08-01,bank_feed_sync,"{""source"": ""simulation""}"
acct_001655,acct_001655_owner,plan_upgrade,2024-09-20T14:54:00+00:00,2024-09-01,,"{""source"": ""simulation""}"
acct_001656,acct_001656_owner,signup,2024-01-01T12:07:00+00:00,2024-01-01,,"{""source"": ""simulation""}"
acct_001656,acct_001656_owner,first_invoice_created,2024-01-02T12:07:00+00:00,2024-01-01,,"{""source"": ""simulation""}"
acct_001656,acct_001656_owner,first_payment_received,2024-01-09T12:07:00+00:00,2024-01-01,,"{""source"": ""simulation""}"
acct_001657,acct_001657_owner,signup,2024-08-16T15:04:00+00:00,2024-08-01,,"{""source"": ""simulation""}"
acct_001657,acct_001657_owner,first_invoice_created,2024-08-25T15:04:00+00:00,2024-08-01,,"{""source"": ""simulation""}"
acct_001657,acct_001657_owner,first_payment_received,2024-08-26T15:04:00+00:00,2024-08-01,,"{""source"": ""simulation""}"
acct_001658,acct_001658_owner,signup,2024-08-05T15:52:00+00:00,2024-08-01,,"{""source"": ""simulation""}"
acct_001658,acct_001658_owner,first_invoice_created,2024-08-10T15:52:00+00:00,2024-08-01,,"{""source"": ""simulation""}"
acct_001658,acct_001658_owner,first_payment_received,2024-08-11T15:52:00+00:00,2024-08-01,,"{""source"": ""simulation""}"
acct_001658,acct_001658_owner,app_integration_connected,2024-08-22T15:52:00+00:00,2024-08-01,,"{""source"": ""simulation""}"
acct_001658,acct_001658_owner,feature_activated,2024-09-02T15:52:00+00:00,2024-09-01,bank_feed_sync,"{""source"": ""simulation""}"
acct_001659,acct_001659_owner,signup,2024-03-01T17:06:00+00:00,2024-03-01,,"{""source"": ""simulation""}"
acct_001660,acct_001660_owner,signup,2024-02-18T19:25:00+00:00,2024-02-01,,"{""source"": ""simulation""}"
acct_001660,acct_001660_owner,first_invoice_created,2024-02-27T19:25:00+00:00,2024-02-01,,"{""source"": ""simulation""}"
acct_001660,acct_001660_owner,first_payment_received,2024-02-28T19:25:00+00:00,2024-02-01,,"{""source"": ""simulation""}"
acct_001660,acct_001660_owner,app_integration_connected,2024-03-12T19:25:00+00:00,2024-03-01,,"{""source"": ""simulation""}"
acct_001660,acct_001660_owner,plan_upgrade,2024-05-22T19:25:00+00:00,2024-05-01,,"{""source"": ""simulation""}"
acct_001661,acct_001661_owner,signup,2024-01-22T12:09:00+00:00,2024-01-01,,"{""source"": ""simulation""}"
acct_001661,acct_001661_owner,first_invoice_created,2024-01-31T12:09:00+00:00,2024-01-01,,"{""source"": ""simulation""}"
acct_001661,acct_001661_owner,first_payment_received,2024-02-04T12:09:00+00:00,2024-02-01,,"{""source"": ""simulation""}"
acct_001662,acct_001662_owner,signup,2024-03-07T19:02:00+00:00,2024-03-01,,"{""source"": ""simulation""}"
acct_001662,acct_001662_owner,first_invoice_created,2024-03-11T19:02:00+00:00,2024-03-01,,"{""source"": ""simulation""}"
acct_001662,acct_001662_owner,first_payment_received,2024-03-18T19:02:00+00:00,2024-03-01,,"{""source"": ""simulation""}"
acct_001662,acct_001662_owner,app_integration_connected,2024-04-06T19:02:00+00:00,2024-04-01,,"{""source"": ""simulation""}"
acct_001662,acct_001662_owner,feature_activated,2024-05-01T19:02:00+00:00,2024-05-01,bank_feed_sync,"{""source"": ""simulation""}"
acct_001663,acct_001663_owner,signup,2024-01-21T20:33:00+00:00,2024-01-01,,"{""source"": ""simulation""}"
acct_001664,acct_001664_owner,signup,2024-05-15T08:38:00+00:00,2024-05-01,,"{""source"": ""simulation""}"
acct_001664,acct_001664_owner,first_invoice_created,2024-05-19T08:38:00+00:00,2024-05-01,,"{""source"": ""simulation""}"
acct_001664,acct_001664_owner,first_payment_received,2024-05-27T08:38:00+00:00,2024-05-01,,"{""source"": ""simulation""}"
acct_001664,acct_001664_owner,app_integration_connected,2024-06-04T08:38:00+00:00,2024-06-01,,"{""source"": ""simulation""}"
acct_001664,acct_001664_owner,feature_activated,2024-06-19T08:38:00+00:00,2024-06-01,bank_feed_sync,"{""source"": ""simulation""}"
acct_001665,acct_001665_owner,signup,2024-07-25T11:59:00+00:00,2024-07-01,,"{""source"": ""simulation""}"
acct_001665,acct_001665_owner,first_invoice_created,2024-07-28T11:59:00+00:00,2024-07-01,,"{""source"": ""simulation""}"
acct_001665,acct_001665_owner,first_payment_received,2024-07-28T11:59:00+00:00,2024-07-01,,"{""source"": ""simulation""}"
acct_001665,acct_001665_owner,app_integration_connected,2024-08-01T11:59:00+00:00,2024-08-01,,"{""source"": ""simulation""}"
acct_001665,acct_001665_owner,feature_activated,2024-08-24T11:59:00+00:00,2024-08-01,bank_feed_sync,"{""source"": ""simulation""}"
acct_001666,acct_001666_owner,signup,2024-04-07T09:01:00+00:00,2024-04-01,,"{""source"": ""simulation""}"
acct_001666,acct_001666_owner,first_invoice_created,2024-04-14T09:01:00+00:00,2024-04-01,,"{""source"": ""simulation""}"
acct_001666,acct_001666_owner,first_payment_received,2024-04-22T09:01:00+00:00,2024-04-01,,"{""source"": ""simulation""}"
acct_001666,acct_001666_owner,app_integration_connected,2024-04-24T09:01:00+00:00,2024-04-01,,"{""source"": ""simulation""}"
acct_001666,acct_001666_owner,plan_upgrade,2024-07-17T09:01:00+00:00,2024-07-01,,"{""source"": ""simulation""}"
acct_001667,acct_001667_owner,signup,2024-01-11T11:43:00+00:00,2024-01-01,,"{""source"": ""simulation""}"
acct_001668,acct_001668_owner,signup,2024-02-22T10:46:00+00:00,2024-02-01,,"{""source"": ""simulation""}"
acct_001668,acct_001668_owner,first_invoice_created,2024-03-02T10:46:00+00:00,2024-03-01,,"{""source"": ""simulation""}"
acct_001668,acct_001668_owner,first_payment_received,2024-03-09T10:46:00+00:00,2024-03-01,,"{""source"": ""simulation""}"
acct_001669,acct_001669_owner,signup,2024-07-17T09:52:00+00:00,2024-07-01,,"{""source"": ""simulation""}"
acct_001669,acct_001669_owner,first_invoice_created,2024-07-25T09:52:00+00:00,2024-07-01,,"{""source"": ""simulation""}"
acct_001669,acct_001669_owner,first_payment_received,2024-07-28T09:52:00+00:00,2024-07-01,,"{""source"": ""simulation""}"
acct_001669,acct_001669_owner,app_integration_connected,2024-07-29T09:52:00+00:00,2024-07-01,,"{""source"": ""simulation""}"
acct_001669,acct_001669_owner,feature_activated,2024-08-20T09:52:00+00:00,2024-08-01,bank_feed_sync,"{""source"": ""simulation""}"
acct_001670,acct_001670_owner,signup,2024-09-21T11:39:00+00:00,2024-09-01,,"{""source"": ""simulation""}"
acct_001670,acct_001670_owner,first_invoice_created,2024-09-28T11:39:00+00:00,2024-09-01,,"{""source"": ""simulation""}"
acct_001670,acct_001670_owner,first_payment_received,2024-09-28T11:39:00+00:00,2024-09-01,,"{""source"": ""simulation""}"
acct_001671,acct_001671_owner,signup,2024-07-04T11:13:00+00:00,2024-07-01,,"{""source"": ""simulation""}"
acct_001671,acct_001671_owner,first_invoice_created,2024-07-10T11:13:00+00:00,2024-07-01,,"{""source"": ""simulation""}"
acct_001671,acct_001671_owner,first_payment_received,2024-07-13T11:13:00+00:00,2024-07-01,,"{""source"": ""simulation""}"
acct_001672,acct_001672_owner,signup,2024-06-06T08:25:00+00:00,2024-06-01,,"{""source"": ""simulation""}"
acct_001672,acct_001672_owner,first_invoice_created,2024-06-10T08:25:00+00:00,2024-06-01,,"{""source"": ""simulation""}"
acct_001672,acct_001672_owner,first_payment_received,2024-06-11T08:25:00+00:00,2024-06-01,,"{""source"": ""simulation""}"
acct_001673,acct_001673_owner,signup,2024-07-07T15:14:00+00:00,2024-07-01,,"{""source"": ""simulation""}"
acct_001673,acct_001673_owner,first_invoice_created,2024-07-15T15:14:00+00:00,2024-07-01,,"{""source"": ""simulation""}"
acct_001674,acct_001674_owner,signup,2024-06-02T09:56:00+00:00,2024-06-01,,"{""source"": ""simulation""}"
acct_001675,acct_001675_owner,signup,2024-05-25T17:31:00+00:00,2024-05-01,,"{""source"": ""simulation""}"
acct_001675,acct_001675_owner,first_invoice_created,2024-05-26T17:31:00+00:00,2024-05-01,,"{""source"": ""simulation""}"
acct_001675,acct_001675_owner,first_payment_received,2024-05-26T17:31:00+00:00,2024-05-01,,"{""source"": ""simulation""}"
acct_001675,acct_001675_owner,app_integration_connected,2024-06-07T17:31:00+00:00,2024-06-01,,"{""source"": ""simulation""}"
acct_001675,acct_001675_owner,plan_upgrade,2024-07-25T17:31:00+00:00,2024-07-01,,"{""source"": ""simulation""}"
acct_001676,acct_001676_owner,signup,2024-05-04T17:20:00+00:00,2024-05-01,,"{""source"": ""simulation""}"
acct_001677,acct_001677_owner,signup,2024-06-06T18:48:00+00:00,2024-06-01,,"{""source"": ""simulation""}"
acct_001677,acct_001677_owner,first_invoice_created,2024-06-14T18:48:00+00:00,2024-06-01,,"{""source"": ""simulation""}"
acct_001677,acct_001677_owner,first_payment_received,2024-06-17T18:48:00+00:00,2024-06-01,,"{""source"": ""simulation""}"
acct_001677,acct_001677_owner,app_integration_connected,2024-06-29T18:48:00+00:00,2024-06-01,,"{""source"": ""simulation""}"
acct_001678,acct_001678_owner,signup,2024-02-11T08:38:00+00:00,2024-02-01,,"{""source"": ""simulation""}"
acct_001678,acct_001678_owner,first_invoice_created,2024-02-15T08:38:00+00:00,2024-02-01,,"{""source"": ""simulation""}"
acct_001678,acct_001678_owner,first_payment_received,2024-02-17T08:38:00+00:00,2024-02-01,,"{""source"": ""simulation""}"
acct_001679,acct_001679_owner,signup,2024-09-21T19:14:00+00:00,2024-09-01,,"{""source"": ""simulation""}"
acct_001679,acct_001679_owner,first_invoice_created,2024-10-01T19:14:00+00:00,2024-10-01,,"{""source"": ""simulation""}"
acct_001679,acct_001679_owner,first_payment_received,2024-10-03T19:14:00+00:00,2024-10-01,,"{""source"": ""simulation""}"
acct_001680,acct_001680_owner,signup,2024-01-20T20:57:00+00:00,2024-01-01,,"{""source"": ""simulation""}"
acct_001680,acct_001680_owner,first_invoice_created,2024-01-25T20:57:00+00:00,2024-01-01,,"{""source"": ""simulation""}"
acct_001680,acct_001680_owner,first_payment_received,2024-02-01T20:57:00+00:00,2024-02-01,,"{""source"": ""simulation""}"
acct_001680,acct_001680_owner,app_integration_connected,2024-02-10T20:57:00+00:00,2024-02-01,,"{""source"": ""simulation""}"
acct_001680,acct_001680_owner,feature_activated,2024-02-16T20:57:00+00:00,2024-02-01,bank_feed_sync,"{""source"": ""simulation""}"
acct_001681,acct_001681_owner,signup,2024-04-24T14:48:00+00:00,2024-04-01,,"{""source"": ""simulation""}"
acct_001681,acct_001681_owner,first_invoice_created,2024-04-30T14:48:00+00:00,2024-04-01,,"{""source"": ""simulation""}"
acct_001681,acct_001681_owner,first_payment_received,2024-05-04T14:48:00+00:00,2024-05-01,,"{""source"": ""simulation""}"
acct_001681,acct_001681_owner,app_integration_connected,2024-05-12T14:48:00+00:00,2024-05-01,,"{""source"": ""simulation""}"
acct_001682,acct_001682_owner,signup,2024-01-05T13:31:00+00:00,2024-01-01,,"{""source"": ""simulation""}"
acct_001683,acct_001683_owner,signup,2024-03-13T11:41:00+00:00,2024-03-01,,"{""source"": ""simulation""}"
acct_001683,acct_001683_owner,first_invoice_created,2024-03-22T11:41:00+00:00,2024-03-01,,"{""source"": ""simulation""}"
acct_001683,acct_001683_owner,first_payment_received,2024-03-22T11:41:00+00:00,2024-03-01,,"{""source"": ""simulation""}"
acct_001683,acct_001683_owner,app_integration_connected,2024-03-31T11:41:00+00:00,2024-03-01,,"{""source"": ""simulation""}"
acct_001683,acct_001683_owner,plan_upgrade,2024-05-05T11:41:00+00:00,2024-05-01,,"{""source"": ""simulation""}"
acct_001684,acct_001684_owner,signup,2024-08-24T13:08:00+00:00,2024-08-01,,"{""source"": ""simulation""}"
acct_001685,acct_001685_owner,signup,2024-01-17T20:26:00+00:00,2024-01-01,,"{""source"": ""simulation""}"
acct_001685,acct_001685_owner,first_invoice_created,2024-01-26T20:26:00+00:00,2024-01-01,,"{""source"": ""simulation""}"
acct_001685,acct_001685_owner,first_payment_received,2024-01-31T20:26:00+00:00,2024-01-01,,"{""source"": ""simulation""}"
acct_001686,acct_001686_owner,signup,2024-04-24T13:21:00+00:00,2024-04-01,,"{""source"": ""simulation""}"
acct_001686,acct_001686_owner,first_invoice_created,2024-04-28T13:21:00+00:00,2024-04-01,,"{""source"": ""simulation""}"
acct_001687,acct_001687_owner,signup,2024-09-02T18:15:00+00:00,2024-09-01,,"{""source"": ""simulation""}"
acct_001687,acct_001687_owner,first_invoice_created,2024-09-12T18:15:00+00:00,2024-09-01,,"{""source"": ""simulation""}"
acct_001687,acct_001687_owner,first_payment_received,2024-09-18T18:15:00+00:00,2024-09-01,,"{""source"": ""simulation""}"
acct_001688,acct_001688_owner,signup,2024-09-11T10:28:00+00:00,2024-09-01,,"{""source"": ""simulation""}"
acct_001688,acct_001688_owner,first_invoice_created,2024-09-14T10:28:00+00:00,2024-09-01,,"{""source"": ""simulation""}"
acct_001689,acct_001689_owner,signup,2024-08-03T11:03:00+00:00,2024-08-01,,"{""source"": ""simulation""}"
acct_001689,acct_001689_owner,first_invoice_created,2024-08-10T11:03:00+00:00,2024-08-01,,"{""source"": ""simulation""}"
acct_001689,acct_001689_owner,first_payment_received,2024-08-18T11:03:00+00:00,2024-08-01,,"{""source"": ""simulation""}"
acct_001689,acct_001689_owner,app_integration_connected,2024-09-07T11:03:00+00:00,2024-09-01,,"{""source"": ""simulation""}"
acct_001689,acct_001689_owner,feature_activated,2024-10-02T11:03:00+00:00,2024-10-01,bank_feed_sync,"{""source"": ""simulation""}"
acct_001689,acct_001689_owner,plan_upgrade,2024-11-15T11:03:00+00:00,2024-11-01,,"{""source"": ""simulation""}"
acct_001690,acct_001690_owner,signup,2024-03-03T10:37:00+00:00,2024-03-01,,"{""source"": ""simulation""}"
acct_001690,acct_001690_owner,first_invoice_created,2024-03-09T10:37:00+00:00,2024-03-01,,"{""source"": ""simulation""}"
acct_001690,acct_001690_owner,first_payment_received,2024-03-14T10:37:00+00:00,2024-03-01,,"{""source"": ""simulation""}"
acct_001691,acct_001691_owner,signup,2024-09-03T14:46:00+00:00,2024-09-01,,"{""source"": ""simulation""}"
acct_001691,acct_001691_owner,first_invoice_created,2024-09-05T14:46:00+00:00,2024-09-01,,"{""source"": ""simulation""}"
acct_001691,acct_001691_owner,first_payment_received,2024-09-08T14:46:00+00:00,2024-09-01,,"{""source"": ""simulation""}"
acct_001691,acct_001691_owner,app_integration_connected,2024-09-09T14:46:00+00:00,2024-09-01,,"{""source"": ""simulation""}"
acct_001691,acct_001691_owner,plan_upgrade,2024-10-21T14:46:00+00:00,2024-10-01,,"{""source"": ""simulation""}"
acct_001692,acct_001692_owner,signup,2024-03-24T11:15:00+00:00,2024-03-01,,"{""source"": ""simulation""}"
acct_001692,acct_001692_owner,first_invoice_created,2024-03-30T11:15:00+00:00,2024-03-01,,"{""source"": ""simulation""}"
acct_001693,acct_001693_owner,signup,2024-04-10T12:36:00+00:00,2024-04-01,,"{""source"": ""simulation""}"
acct_001693,acct_001693_owner,first_invoice_created,2024-04-15T12:36:00+00:00,2024-04-01,,"{""source"": ""simulation""}"
acct_001693,acct_001693_owner,first_payment_received,2024-04-19T12:36:00+00:00,2024-04-01,,"{""source"": ""simulation""}"
acct_001693,acct_001693_owner,app_integration_connected,2024-05-08T12:36:00+00:00,2024-05-01,,"{""source"": ""simulation""}"
acct_001693,acct_001693_owner,feature_activated,2024-05-26T12:36:00+00:00,2024-05-01,bank_feed_sync,"{""source"": ""simulation""}"
acct_001694,acct_001694_owner,signup,2024-05-16T09:23:00+00:00,2024-05-01,,"{""source"": ""simulation""}"
acct_001694,acct_001694_owner,first_invoice_created,2024-05-18T09:23:00+00:00,2024-05-01,,"{""source"": ""simulation""}"
acct_001694,acct_001694_owner,first_payment_received,2024-05-19T09:23:00+00:00,2024-05-01,,"{""source"": ""simulation""}"
acct_001694,acct_001694_owner,app_integration_connected,2024-05-28T09:23:00+00:00,2024-05-01,,"{""source"": ""simulation""}"
acct_001694,acct_001694_owner,feature_activated,2024-06-12T09:23:00+00:00,2024-06-01,bank_feed_sync,"{""source"": ""simulation""}"
acct_001695,acct_001695_owner,signup,2024-03-16T15:27:00+00:00,2024-03-01,,"{""source"": ""simulation""}"
acct_001695,acct_001695_owner,first_invoice_created,2024-03-23T15:27:00+00:00,2024-03-01,,"{""source"": ""simulation""}"
acct_001696,acct_001696_owner,signup,2024-08-01T20:24:00+00:00,2024-08-01,,"{""source"": ""simulation""}"
acct_001696,acct_001696_owner,first_invoice_created,2024-08-08T20:24:00+00:00,2024-08-01,,"{""source"": ""simulation""}"
acct_001696,acct_001696_owner,first_payment_received,2024-08-15T20:24:00+00:00,2024-08-01,,"{""source"": ""simulation""}"
acct_001696,acct_001696_owner,app_integration_connected,2024-08-22T20:24:00+00:00,2024-08-01,,"{""source"": ""simulation""}"
acct_001696,acct_001696_owner,feature_activated,2024-08-23T20:24:00+00:00,2024-08-01,bank_feed_sync,"{""source"": ""simulation""}"
acct_001697,acct_001697_owner,signup,2024-05-20T16:09:00+00:00,2024-05-01,,"{""source"": ""simulation""}"
acct_001698,acct_001698_owner,signup,2024-07-15T12:29:00+00:00,2024-07-01,,"{""source"": ""simulation""}"
acct_001699,acct_001699_owner,signup,2024-09-20T15:04:00+00:00,2024-09-01,,"{""source"": ""simulation""}"
acct_001699,acct_001699_owner,first_invoice_created,2024-09-23T15:04:00+00:00,2024-09-01,,"{""source"": ""simulation""}"
acct_001700,acct_001700_owner,signup,2024-08-07T10:58:00+00:00,2024-08-01,,"{""source"": ""simulation""}"
acct_001700,acct_001700_owner,first_invoice_created,2024-08-15T10:58:00+00:00,2024-08-01,,"{""source"": ""simulation""}"
acct_001700,acct_001700_owner,first_payment_received,2024-08-18T10:58:00+00:00,2024-08-01,,"{""source"": ""simulation""}"
acct_001700,acct_001700_owner,app_integration_connected,2024-08-28T10:58:00+00:00,2024-08-01,,"{""source"": ""simulation""}"
acct_001701,acct_001701_owner,signup,2024-01-17T19:46:00+00:00,2024-01-01,,"{""source"": ""simulation""}"
acct_001702,acct_001702_owner,signup,2024-07-14T14:47:00+00:00,2024-07-01,,"{""source"": ""simulation""}"
acct_001702,acct_001702_owner,first_invoice_created,2024-07-23T14:47:00+00:00,2024-07-01,,"{""source"": ""simulation""}"
acct_001702,acct_001702_owner,first_payment_received,2024-07-31T14:47:00+00:00,2024-07-01,,"{""source"": ""simulation""}"
acct_001702,acct_001702_owner,app_integration_connected,2024-08-04T14:47:00+00:00,2024-08-01,,"{""source"": ""simulation""}"
acct_001703,acct_001703_owner,signup,2024-08-10T18:37:00+00:00,2024-08-01,,"{""source"": ""simulation""}"
acct_001704,acct_001704_owner,signup,2024-01-04T14:59:00+00:00,2024-01-01,,"{""source"": ""simulation""}"
acct_001704,acct_001704_owner,first_invoice_created,2024-01-11T14:59:00+00:00,2024-01-01,,"{""source"": ""simulation""}"
acct_001704,acct_001704_owner,first_payment_received,2024-01-17T14:59:00+00:00,2024-01-01,,"{""source"": ""simulation""}"
acct_001704,acct_001704_owner,app_integration_connected,2024-01-18T14:59:00+00:00,2024-01-01,,"{""source"": ""simulation""}"
acct_001704,acct_001704_owner,feature_activated,2024-02-06T14:59:00+00:00,2024-02-01,bank_feed_sync,"{""source"": ""simulation""}"
acct_001704,acct_001704_owner,plan_upgrade,2024-03-24T14:59:00+00:00,2024-03-01,,"{""source"": ""simulation""}"
acct_001705,acct_001705_owner,signup,2024-07-09T20:58:00+00:00,2024-07-01,,"{""source"": ""simulation""}"
acct_001705,acct_001705_owner,first_invoice_created,2024-07-13T20:58:00+00:00,2024-07-01,,"{""source"": ""simulation""}"
acct_001705,acct_001705_owner,first_payment_received,2024-07-15T20:58:00+00:00,2024-07-01,,"{""source"": ""simulation""}"
acct_001705,acct_001705_owner,app_integration_connected,2024-07-23T20:58:00+00:00,2024-07-01,,"{""source"": ""simulation""}"
acct_001706,acct_001706_owner,signup,2024-06-23T08:41:00+00:00,2024-06-01,,"{""source"": ""simulation""}"
acct_001707,acct_001707_owner,signup,2024-04-08T15:02:00+00:00,2024-04-01,,"{""source"": ""simulation""}"
acct_001707,acct_001707_owner,first_invoice_created,2024-04-10T15:02:00+00:00,2024-04-01,,"{""source"": ""simulation""}"
acct_001708,acct_001708_owner,signup,2024-03-09T17:29:00+00:00,2024-03-01,,"{""source"": ""simulation""}"
acct_001708,acct_001708_owner,first_invoice_created,2024-03-14T17:29:00+00:00,2024-03-01,,"{""source"": ""simulation""}"
acct_001708,acct_001708_owner,first_payment_received,2024-03-17T17:29:00+00:00,2024-03-01,,"{""source"": ""simulation""}"
acct_001708,acct_001708_owner,app_integration_connected,2024-03-28T17:29:00+00:00,2024-03-01,,"{""source"": ""simulation""}"
acct_001708,acct_001708_owner,feature_activated,2024-04-04T17:29:00+00:00,2024-04-01,bank_feed_sync,"{""source"": ""simulation""}"
acct_001709,acct_001709_owner,signup,2024-04-20T17:42:00+00:00,2024-04-01,,"{""source"": ""simulation""}"
acct_001710,acct_001710_owner,signup,2024-02-25T09:41:00+00:00,2024-02-01,,"{""source"": ""simulation""}"
acct_001710,acct_001710_owner,first_invoice_created,2024-02-29T09:41:00+00:00,2024-02-01,,"{""source"": ""simulation""}"
acct_001710,acct_001710_owner,first_payment_received,2024-03-06T09:41:00+00:00,2024-03-01,,"{""source"": ""simulation""}"
acct_001710,acct_001710_owner,app_integration_connected,2024-03-09T09:41:00+00:00,2024-03-01,,"{""source"": ""simulation""}"
acct_001710,acct_001710_owner,feature_activated,2024-03-10T09:41:00+00:00,2024-03-01,bank_feed_sync,"{""source"": ""simulation""}"
acct_001710,acct_001710_owner,plan_upgrade,2024-05-22T09:41:00+00:00,2024-05-01,,"{""source"": ""simulation""}"
acct_001711,acct_001711_owner,signup,2024-02-17T11:56:00+00:00,2024-02-01,,"{""source"": ""simulation""}"
acct_001711,acct_001711_owner,first_invoice_created,2024-02-27T11:56:00+00:00,2024-02-01,,"{""source"": ""simulation""}"
acct_001712,acct_001712_owner,signup,2024-07-09T19:19:00+00:00,2024-07-01,,"{""source"": ""simulation""}"
acct_001712,acct_001712_owner,first_invoice_created,2024-07-17T19:19:00+00:00,2024-07-01,,"{""source"": ""simulation""}"
acct_001712,acct_001712_owner,first_payment_received,2024-07-18T19:19:00+00:00,2024-07-01,,"{""source"": ""simulation""}"
acct_001712,acct_001712_owner,app_integration_connected,2024-07-22T19:19:00+00:00,2024-07-01,,"{""source"": ""simulation""}"
acct_001713,acct_001713_owner,signup,2024-07-25T19:55:00+00:00,2024-07-01,,"{""source"": ""simulation""}"
acct_001713,acct_001713_owner,first_invoice_created,2024-07-26T19:55:00+00:00,2024-07-01,,"{""source"": ""simulation""}"
acct_001713,acct_001713_owner,first_payment_received,2024-07-29T19:55:00+00:00,2024-07-01,,"{""source"": ""simulation""}"
acct_001714,acct_001714_owner,signup,2024-06-05T12:47:00+00:00,2024-06-01,,"{""source"": ""simulation""}"
acct_001714,acct_001714_owner,first_invoice_created,2024-06-13T12:47:00+00:00,2024-06-01,,"{""source"": ""simulation""}"
acct_001714,acct_001714_owner,first_payment_received,2024-06-16T12:47:00+00:00,2024-06-01,,"{""source"": ""simulation""}"
acct_001714,acct_001714_owner,app_integration_connected,2024-06-17T12:47:00+00:00,2024-06-01,,"{""source"": ""simulation""}"
acct_001714,acct_001714_owner,feature_activated,2024-07-13T12:47:00+00:00,2024-07-01,bank_feed_sync,"{""source"": ""simulation""}"
acct_001715,acct_001715_owner,signup,2024-05-01T10:52:00+00:00,2024-05-01,,"{""source"": ""simulation""}"
acct_001716,acct_001716_owner,signup,2024-02-03T20:44:00+00:00,2024-02-01,,"{""source"": ""simulation""}"
acct_001716,acct_001716_owner,first_invoice_created,2024-02-13T20:44:00+00:00,2024-02-01,,"{""source"": ""simulation""}"
acct_001716,acct_001716_owner,first_payment_received,2024-02-17T20:44:00+00:00,2024-02-01,,"{""source"": ""simulation""}"
acct_001716,acct_001716_owner,app_integration_connected,2024-03-03T20:44:00+00:00,2024-03-01,,"{""source"": ""simulation""}"
acct_001716,acct_001716_owner,feature_activated,2024-03-04T20:44:00+00:00,2024-03-01,bank_feed_sync,"{""source"": ""simulation""}"
acct_001717,acct_001717_owner,signup,2024-05-24T14:10:00+00:00,2024-05-01,,"{""source"": ""simulation""}"
acct_001717,acct_001717_owner,first_invoice_created,2024-06-02T14:10:00+00:00,2024-06-01,,"{""source"": ""simulation""}"
acct_001717,acct_001717_owner,first_payment_received,2024-06-05T14:10:00+00:00,2024-06-01,,"{""source"": ""simulation""}"
acct_001718,acct_001718_owner,signup,2024-03-23T10:12:00+00:00,2024-03-01,,"{""source"": ""simulation""}"
acct_001718,acct_001718_owner,first_invoice_created,2024-03-27T10:12:00+00:00,2024-03-01,,"{""source"": ""simulation""}"
acct_001718,acct_001718_owner,first_payment_received,2024-03-31T10:12:00+00:00,2024-03-01,,"{""source"": ""simulation""}"
acct_001718,acct_001718_owner,app_integration_connected,2024-04-13T10:12:00+00:00,2024-04-01,,"{""source"": ""simulation""}"
acct_001719,acct_001719_owner,signup,2024-09-04T15:36:00+00:00,2024-09-01,,"{""source"": ""simulation""}"
acct_001719,acct_001719_owner,first_invoice_created,2024-09-12T15:36:00+00:00,2024-09-01,,"{""source"": ""simulation""}"
acct_001719,acct_001719_owner,first_payment_received,2024-09-16T15:36:00+00:00,2024-09-01,,"{""source"": ""simulation""}"
acct_001720,acct_001720_owner,signup,2024-04-02T19:11:00+00:00,2024-04-01,,"{""source"": ""simulation""}"
acct_001721,acct_001721_owner,signup,2024-07-15T18:58:00+00:00,2024-07-01,,"{""source"": ""simulation""}"
acct_001721,acct_001721_owner,first_invoice_created,2024-07-23T18:58:00+00:00,2024-07-01,,"{""source"": ""simulation""}"
acct_001721,acct_001721_owner,first_payment_received,2024-07-27T18:58:00+00:00,2024-07-01,,"{""source"": ""simulation""}"
acct_001721,acct_001721_owner,app_integration_connected,2024-08-07T18:58:00+00:00,2024-08-01,,"{""source"": ""simulation""}"
acct_001721,acct_001721_owner,plan_upgrade,2024-09-30T18:58:00+00:00,2024-09-01,,"{""source"": ""simulation""}"
acct_001722,acct_001722_owner,signup,2024-02-10T09:24:00+00:00,2024-02-01,,"{""source"": ""simulation""}"
acct_001722,acct_001722_owner,first_invoice_created,2024-02-12T09:24:00+00:00,2024-02-01,,"{""source"": ""simulation""}"
acct_001722,acct_001722_owner,first_payment_received,2024-02-13T09:24:00+00:00,2024-02-01,,"{""source"": ""simulation""}"
acct_001723,acct_001723_owner,signup,2024-02-11T08:37:00+00:00,2024-02-01,,"{""source"": ""simulation""}"
acct_001723,acct_001723_owner,first_invoice_created,2024-02-21T08:37:00+00:00,2024-02-01,,"{""source"": ""simulation""}"
acct_001723,acct_001723_owner,first_payment_received,2024-02-24T08:37:00+00:00,2024-02-01,,"{""source"": ""simulation""}"
acct_001723,acct_001723_owner,app_integration_connected,2024-03-06T08:37:00+00:00,2024-03-01,,"{""source"": ""simulation""}"
acct_001724,acct_001724_owner,signup,2024-08-22T20:06:00+00:00,2024-08-01,,"{""source"": ""simulation""}"
acct_001724,acct_001724_owner,first_invoice_created,2024-08-28T20:06:00+00:00,2024-08-01,,"{""source"": ""simulation""}"
acct_001724,acct_001724_owner,first_payment_received,2024-09-03T20:06:00+00:00,2024-09-01,,"{""source"": ""simulation""}"
acct_001724,acct_001724_owner,app_integration_connected,2024-09-11T20:06:00+00:00,2024-09-01,,"{""source"": ""simulation""}"
acct_001724,acct_001724_owner,feature_activated,2024-09-29T20:06:00+00:00,2024-09-01,bank_feed_sync,"{""source"": ""simulation""}"
acct_001725,acct_001725_owner,signup,2024-05-25T08:42:00+00:00,2024-05-01,,"{""source"": ""simulation""}"
acct_001725,acct_001725_owner,first_invoice_created,2024-06-03T08:42:00+00:00,2024-06-01,,"{""source"": ""simulation""}"
acct_001725,acct_001725_owner,first_payment_received,2024-06-11T08:42:00+00:00,2024-06-01,,"{""source"": ""simulation""}"
acct_001725,acct_001725_owner,app_integration_connected,2024-06-12T08:42:00+00:00,2024-06-01,,"{""source"": ""simulation""}"
acct_001725,acct_001725_owner,feature_activated,2024-07-04T08:42:00+00:00,2024-07-01,bank_feed_sync,"{""source"": ""simulation""}"
acct_001726,acct_001726_owner,signup,2024-04-17T20:00:00+00:00,2024-04-01,,"{""source"": ""simulation""}"
acct_001727,acct_001727_owner,signup,2024-08-16T20:21:00+00:00,2024-08-01,,"{""source"": ""simulation""}"
acct_001727,acct_001727_owner,first_invoice_created,2024-08-25T20:21:00+00:00,2024-08-01,,"{""source"": ""simulation""}"
acct_001728,acct_001728_owner,signup,2024-06-22T13:20:00+00:00,2024-06-01,,"{""source"": ""simulation""}"
acct_001728,acct_001728_owner,first_invoice_created,2024-06-27T13:20:00+00:00,2024-06-01,,"{""source"": ""simulation""}"
acct_001729,acct_001729_owner,signup,2024-07-13T17:03:00+00:00,2024-07-01,,"{""source"": ""simulation""}"
acct_001730,acct_001730_owner,signup,2024-02-01T15:55:00+00:00,2024-02-01,,"{""source"": ""simulation""}"
acct_001730,acct_001730_owner,first_invoice_created,2024-02-11T15:55:00+00:00,2024-02-01,,"{""source"": ""simulation""}"
acct_001730,acct_001730_owner,first_payment_received,2024-02-11T15:55:00+00:00,2024-02-01,,"{""source"": ""simulation""}"
acct_001731,acct_001731_owner,signup,2024-01-20T09:55:00+00:00,2024-01-01,,"{""source"": ""simulation""}"
acct_001731,acct_001731_owner,first_invoice_created,2024-01-21T09:55:00+00:00,2024-01-01,,"{""source"": ""simulation""}"
acct_001732,acct_001732_owner,signup,2024-06-15T17:43:00+00:00,2024-06-01,,"{""source"": ""simulation""}"
acct_001732,acct_001732_owner,first_invoice_created,2024-06-19T17:43:00+00:00,2024-06-01,,"{""source"": ""simulation""}"
acct_001732,acct_001732_owner,first_payment_received,2024-06-27T17:43:00+00:00,2024-06-01,,"{""source"": ""simulation""}"
acct_001732,acct_001732_owner,app_integration_connected,2024-07-10T17:43:00+00:00,2024-07-01,,"{""source"": ""simulation""}"
acct_001732,acct_001732_owner,feature_activated,2024-07-11T17:43:00+00:00,2024-07-01,bank_feed_sync,"{""source"": ""simulation""}"
acct_001733,acct_001733_owner,signup,2024-04-01T18:52:00+00:00,2024-04-01,,"{""source"": ""simulation""}"
acct_001733,acct_001733_owner,first_invoice_created,2024-04-05T18:52:00+00:00,2024-04-01,,"{""source"": ""simulation""}"
acct_001733,acct_001733_owner,first_payment_received,2024-04-10T18:52:00+00:00,2024-04-01,,"{""source"": ""simulation""}"
acct_001734,acct_001734_owner,signup,2024-06-02T20:47:00+00:00,2024-06-01,,"{""source"": ""simulation""}"
acct_001734,acct_001734_owner,first_invoice_created,2024-06-07T20:47:00+00:00,2024-06-01,,"{""source"": ""simulation""}"
acct_001734,acct_001734_owner,first_payment_received,2024-06-10T20:47:00+00:00,2024-06-01,,"{""source"": ""simulation""}"
acct_001735,acct_001735_owner,signup,2024-04-20T15:25:00+00:00,2024-04-01,,"{""source"": ""simulation""}"
acct_001736,acct_001736_owner,signup,2024-07-16T18:54:00+00:00,2024-07-01,,"{""source"": ""simulation""}"
acct_001736,acct_001736_owner,first_invoice_created,2024-07-23T18:54:00+00:00,2024-07-01,,"{""source"": ""simulation""}"
acct_001736,acct_001736_owner,first_payment_received,2024-07-23T18:54:00+00:00,2024-07-01,,"{""source"": ""simulation""}"
acct_001736,acct_001736_owner,app_integration_connected,2024-07-24T18:54:00+00:00,2024-07-01,,"{""source"": ""simulation""}"
acct_001737,acct_001737_owner,signup,2024-05-20T11:45:00+00:00,2024-05-01,,"{""source"": ""simulation""}"
acct_001737,acct_001737_owner,first_invoice_created,2024-05-28T11:45:00+00:00,2024-05-01,,"{""source"": ""simulation""}"
acct_001737,acct_001737_owner,first_payment_received,2024-05-28T11:45:00+00:00,2024-05-01,,"{""source"": ""simulation""}"
acct_001737,acct_001737_owner,app_integration_connected,2024-06-14T11:45:00+00:00,2024-06-01,,"{""source"": ""simulation""}"
acct_001737,acct_001737_owner,feature_activated,2024-07-04T11:45:00+00:00,2024-07-01,bank_feed_sync,"{""source"": ""simulation""}"
acct_001738,acct_001738_owner,signup,2024-03-16T20:05:00+00:00,2024-03-01,,"{""source"": ""simulation""}"
acct_001738,acct_001738_owner,first_invoice_created,2024-03-26T20:05:00+00:00,2024-03-01,,"{""source"": ""simulation""}"
acct_001738,acct_001738_owner,first_payment_received,2024-03-30T20:05:00+00:00,2024-03-01,,"{""source"": ""simulation""}"
acct_001738,acct_001738_owner,app_integration_connected,2024-04-19T20:05:00+00:00,2024-04-01,,"{""source"": ""simulation""}"
acct_001738,acct_001738_owner,plan_upgrade,2024-05-22T20:05:00+00:00,2024-05-01,,"{""source"": ""simulation""}"
acct_001739,acct_001739_owner,signup,2024-03-15T09:30:00+00:00,2024-03-01,,"{""source"": ""simulation""}"
acct_001739,acct_001739_owner,first_invoice_created,2024-03-17T09:30:00+00:00,2024-03-01,,"{""source"": ""simulation""}"
acct_001739,acct_001739_owner,first_payment_received,2024-03-22T09:30:00+00:00,2024-03-01,,"{""source"": ""simulation""}"
acct_001739,acct_001739_owner,app_integration_connected,2024-03-29T09:30:00+00:00,2024-03-01,,"{""source"": ""simulation""}"
acct_001739,acct_001739_owner,feature_activated,2024-04-07T09:30:00+00:00,2024-04-01,bank_feed_sync,"{""source"": ""simulation""}"
acct_001740,acct_001740_owner,signup,2024-04-06T20:42:00+00:00,2024-04-01,,"{""source"": ""simulation""}"
acct_001741,acct_001741_owner,signup,2024-07-23T08:10:00+00:00,2024-07-01,,"{""source"": ""simulation""}"
acct_001741,acct_001741_owner,first_invoice_created,2024-08-02T08:10:00+00:00,2024-08-01,,"{""source"": ""simulation""}"
acct_001741,acct_001741_owner,first_payment_received,2024-08-02T08:10:00+00:00,2024-08-01,,"{""source"": ""simulation""}"
acct_001742,acct_001742_owner,signup,2024-05-08T19:16:00+00:00,2024-05-01,,"{""source"": ""simulation""}"
acct_001742,acct_001742_owner,first_invoice_created,2024-05-11T19:16:00+00:00,2024-05-01,,"{""source"": ""simulation""}"
acct_001742,acct_001742_owner,first_payment_received,2024-05-13T19:16:00+00:00,2024-05-01,,"{""source"": ""simulation""}"
acct_001742,acct_001742_owner,app_integration_connected,2024-06-02T19:16:00+00:00,2024-06-01,,"{""source"": ""simulation""}"
acct_001743,acct_001743_owner,signup,2024-03-18T18:46:00+00:00,2024-03-01,,"{""source"": ""simulation""}"
acct_001743,acct_001743_owner,first_invoice_created,2024-03-22T18:46:00+00:00,2024-03-01,,"{""source"": ""simulation""}"
acct_001743,acct_001743_owner,first_payment_received,2024-03-25T18:46:00+00:00,2024-03-01,,"{""source"": ""simulation""}"
acct_001744,acct_001744_owner,signup,2024-06-08T17:49:00+00:00,2024-06-01,,"{""source"": ""simulation""}"
acct_001745,acct_001745_owner,signup,2024-07-23T19:47:00+00:00,2024-07-01,,"{""source"": ""simulation""}"
acct_001745,acct_001745_owner,first_invoice_created,2024-08-01T19:47:00+00:00,2024-08-01,,"{""source"": ""simulation""}"
acct_001745,acct_001745_owner,first_payment_received,2024-08-01T19:47:00+00:00,2024-08-01,,"{""source"": ""simulation""}"
acct_001746,acct_001746_owner,signup,2024-04-08T12:07:00+00:00,2024-04-01,,"{""source"": ""simulation""}"
acct_001747,acct_001747_owner,signup,2024-02-03T13:47:00+00:00,2024-02-01,,"{""source"": ""simulation""}"
acct_001747,acct_001747_owner,first_invoice_created,2024-02-09T13:47:00+00:00,2024-02-01,,"{""source"": ""simulation""}"
acct_001747,acct_001747_owner,first_payment_received,2024-02-14T13:47:00+00:00,2024-02-01,,"{""source"": ""simulation""}"
acct_001747,acct_001747_owner,app_integration_connected,2024-02-24T13:47:00+00:00,2024-02-01,,"{""source"": ""simulation""}"
acct_001747,acct_001747_owner,feature_activated,2024-03-19T13:47:00+00:00,2024-03-01,bank_feed_sync,"{""source"": ""simulation""}"
acct_001748,acct_001748_owner,signup,2024-06-05T13:24:00+00:00,2024-06-01,,"{""source"": ""simulation""}"
acct_001748,acct_001748_owner,first_invoice_created,2024-06-06T13:24:00+00:00,2024-06-01,,"{""source"": ""simulation""}"
acct_001748,acct_001748_owner,first_payment_received,2024-06-06T13:24:00+00:00,2024-06-01,,"{""source"": ""simulation""}"
acct_001748,acct_001748_owner,app_integration_connected,2024-06-18T13:24:00+00:00,2024-06-01,,"{""source"": ""simulation""}"
acct_001748,acct_001748_owner,feature_activated,2024-07-18T13:24:00+00:00,2024-07-01,bank_feed_sync,"{""source"": ""simulation""}"
acct_001749,acct_001749_owner,signup,2024-01-19T16:12:00+00:00,2024-01-01,,"{""source"": ""simulation""}"
acct_001750,acct_001750_owner,signup,2024-06-25T13:51:00+00:00,2024-06-01,,"{""source"": ""simulation""}"
acct_001750,acct_001750_owner,first_invoice_created,2024-07-02T13:51:00+00:00,2024-07-01,,"{""source"": ""simulation""}"
acct_001750,acct_001750_owner,first_payment_received,2024-07-07T13:51:00+00:00,2024-07-01,,"{""source"": ""simulation""}"
acct_001750,acct_001750_owner,app_integration_connected,2024-07-20T13:51:00+00:00,2024-07-01,,"{""source"": ""simulation""}"
acct_001750,acct_001750_owner,plan_upgrade,2024-10-15T13:51:00+00:00,2024-10-01,,"{""source"": ""simulation""}"
acct_001751,acct_001751_owner,signup,2024-02-13T08:34:00+00:00,2024-02-01,,"{""source"": ""simulation""}"
acct_001751,acct_001751_owner,first_invoice_created,2024-02-18T08:34:00+00:00,2024-02-01,,"{""source"": ""simulation""}"
acct_001751,acct_001751_owner,first_payment_received,2024-02-21T08:34:00+00:00,2024-02-01,,"{""source"": ""simulation""}"
acct_001751,acct_001751_owner,app_integration_connected,2024-02-29T08:34:00+00:00,2024-02-01,,"{""source"": ""simulation""}"
acct_001752,acct_001752_owner,signup,2024-03-10T11:31:00+00:00,2024-03-01,,"{""source"": ""simulation""}"
acct_001752,acct_001752_owner,first_invoice_created,2024-03-12T11:31:00+00:00,2024-03-01,,"{""source"": ""simulation""}"
acct_001753,acct_001753_owner,signup,2024-05-05T19:42:00+00:00,2024-05-01,,"{""source"": ""simulation""}"
acct_001754,acct_001754_owner,signup,2024-05-17T19:07:00+00:00,2024-05-01,,"{""source"": ""simulation""}"
acct_001755,acct_001755_owner,signup,2024-04-16T12:45:00+00:00,2024-04-01,,"{""source"": ""simulation""}"
acct_001755,acct_001755_owner,first_invoice_created,2024-04-21T12:45:00+00:00,2024-04-01,,"{""source"": ""simulation""}"
acct_001755,acct_001755_owner,first_payment_received,2024-04-23T12:45:00+00:00,2024-04-01,,"{""source"": ""simulation""}"
acct_001756,acct_001756_owner,signup,2024-06-05T19:13:00+00:00,2024-06-01,,"{""source"": ""simulation""}"
acct_001756,acct_001756_owner,first_invoice_created,2024-06-10T19:13:00+00:00,2024-06-01,,"{""source"": ""simulation""}"
acct_001756,acct_001756_owner,first_payment_received,2024-06-18T19:13:00+00:00,2024-06-01,,"{""source"": ""simulation""}"
acct_001756,acct_001756_owner,app_integration_connected,2024-06-20T19:13:00+00:00,2024-06-01,,"{""source"": ""simulation""}"
acct_001756,acct_001756_owner,feature_activated,2024-07-15T19:13:00+00:00,2024-07-01,bank_feed_sync,"{""source"": ""simulation""}"
acct_001757,acct_001757_owner,signup,2024-03-16T19:25:00+00:00,2024-03-01,,"{""source"": ""simulation""}"
acct_001757,acct_001757_owner,first_invoice_created,2024-03-24T19:25:00+00:00,2024-03-01,,"{""source"": ""simulation""}"
acct_001757,acct_001757_owner,first_payment_received,2024-03-24T19:25:00+00:00,2024-03-01,,"{""source"": ""simulation""}"
acct_001758,acct_001758_owner,signup,2024-01-18T14:21:00+00:00,2024-01-01,,"{""source"": ""simulation""}"
acct_001758,acct_001758_owner,first_invoice_created,2024-01-26T14:21:00+00:00,2024-01-01,,"{""source"": ""simulation""}"
acct_001758,acct_001758_owner,first_payment_received,2024-01-29T14:21:00+00:00,2024-01-01,,"{""source"": ""simulation""}"
acct_001759,acct_001759_owner,signup,2024-06-25T14:25:00+00:00,2024-06-01,,"{""source"": ""simulation""}"
acct_001760,acct_001760_owner,signup,2024-05-23T11:44:00+00:00,2024-05-01,,"{""source"": ""simulation""}"
acct_001760,acct_001760_owner,first_invoice_created,2024-05-30T11:44:00+00:00,2024-05-01,,"{""source"": ""simulation""}"
acct_001760,acct_001760_owner,first_payment_received,2024-05-30T11:44:00+00:00,2024-05-01,,"{""source"": ""simulation""}"
acct_001760,acct_001760_owner,app_integration_connected,2024-06-01T11:44:00+00:00,2024-06-01,,"{""source"": ""simulation""}"
acct_001761,acct_001761_owner,signup,2024-03-11T20:50:00+00:00,2024-03-01,,"{""source"": ""simulation""}"
acct_001762,acct_001762_owner,signup,2024-08-21T10:36:00+00:00,2024-08-01,,"{""source"": ""simulation""}"
acct_001762,acct_001762_owner,first_invoice_created,2024-08-25T10:36:00+00:00,2024-08-01,,"{""source"": ""simulation""}"
acct_001762,acct_001762_owner,first_payment_received,2024-08-27T10:36:00+00:00,2024-08-01,,"{""source"": ""simulation""}"
acct_001763,acct_001763_owner,signup,2024-08-10T10:13:00+00:00,2024-08-01,,"{""source"": ""simulation""}"
acct_001764,acct_001764_owner,signup,2024-01-12T19:54:00+00:00,2024-01-01,,"{""source"": ""simulation""}"
acct_001764,acct_001764_owner,first_invoice_created,2024-01-13T19:54:00+00:00,2024-01-01,,"{""source"": ""simulation""}"
acct_001765,acct_001765_owner,signup,2024-07-14T18:53:00+00:00,2024-07-01,,"{""source"": ""simulation""}"
acct_001765,acct_001765_owner,first_invoice_created,2024-07-18T18:53:00+00:00,2024-07-01,,"{""source"": ""simulation""}"
acct_001765,acct_001765_owner,first_payment_received,2024-07-23T18:53:00+00:00,2024-07-01,,"{""source"": ""simulation""}"
acct_001766,acct_001766_owner,signup,2024-02-12T15:11:00+00:00,2024-02-01,,"{""source"": ""simulation""}"
acct_001766,acct_001766_owner,first_invoice_created,2024-02-21T15:11:00+00:00,2024-02-01,,"{""source"": ""simulation""}"
acct_001766,acct_001766_owner,first_payment_received,2024-02-21T15:11:00+00:00,2024-02-01,,"{""source"": ""simulation""}"
acct_001767,acct_001767_owner,signup,2024-09-21T13:37:00+00:00,2024-09-01,,"{""source"": ""simulation""}"
acct_001768,acct_001768_owner,signup,2024-07-08T08:07:00+00:00,2024-07-01,,"{""source"": ""simulation""}"
acct_001768,acct_001768_owner,first_invoice_created,2024-07-13T08:07:00+00:00,2024-07-01,,"{""source"": ""simulation""}"
acct_001768,acct_001768_owner,first_payment_received,2024-07-16T08:07:00+00:00,2024-07-01,,"{""source"": ""simulation""}"
acct_001768,acct_001768_owner,app_integration_connected,2024-07-30T08:07:00+00:00,2024-07-01,,"{""source"": ""simulation""}"
acct_001768,acct_001768_owner,feature_activated,2024-07-31T08:07:00+00:00,2024-07-01,bank_feed_sync,"{""source"": ""simulation""}"
acct_001769,acct_001769_owner,signup,2024-08-10T19:38:00+00:00,2024-08-01,,"{""source"": ""simulation""}"
acct_001769,acct_001769_owner,first_invoice_created,2024-08-12T19:38:00+00:00,2024-08-01,,"{""source"": ""simulation""}"
acct_001769,acct_001769_owner,first_payment_received,2024-08-20T19:38:00+00:00,2024-08-01,,"{""source"": ""simulation""}"
acct_001770,acct_001770_owner,signup,2024-02-25T15:55:00+00:00,2024-02-01,,"{""source"": ""simulation""}"
acct_001770,acct_001770_owner,first_invoice_created,2024-02-28T15:55:00+00:00,2024-02-01,,"{""source"": ""simulation""}"
acct_001770,acct_001770_owner,first_payment_received,2024-03-03T15:55:00+00:00,2024-03-01,,"{""source"": ""simulation""}"
acct_001771,acct_001771_owner,signup,2024-08-12T08:07:00+00:00,2024-08-01,,"{""source"": ""simulation""}"
acct_001771,acct_001771_owner,first_invoice_created,2024-08-22T08:07:00+00:00,2024-08-01,,"{""source"": ""simulation""}"
acct_001771,acct_001771_owner,first_payment_received,2024-08-27T08:07:00+00:00,2024-08-01,,"{""source"": ""simulation""}"
acct_001772,acct_001772_owner,signup,2024-02-16T18:42:00+00:00,2024-02-01,,"{""source"": ""simulation""}"
acct_001772,acct_001772_owner,first_invoice_created,2024-02-23T18:42:00+00:00,2024-02-01,,"{""source"": ""simulation""}"
acct_001772,acct_001772_owner,first_payment_received,2024-02-25T18:42:00+00:00,2024-02-01,,"{""source"": ""simulation""}"
acct_001772,acct_001772_owner,app_integration_connected,2024-03-06T18:42:00+00:00,2024-03-01,,"{""source"": ""simulation""}"
acct_001773,acct_001773_owner,signup,2024-08-09T19:47:00+00:00,2024-08-01,,"{""source"": ""simulation""}"
acct_001773,acct_001773_owner,first_invoice_created,2024-08-15T19:47:00+00:00,2024-08-01,,"{""source"": ""simulation""}"
acct_001773,acct_001773_owner,first_payment_received,2024-08-20T19:47:00+00:00,2024-08-01,,"{""source"": ""simulation""}"
acct_001774,acct_001774_owner,signup,2024-07-16T18:44:00+00:00,2024-07-01,,"{""source"": ""simulation""}"
acct_001774,acct_001774_owner,first_invoice_created,2024-07-23T18:44:00+00:00,2024-07-01,,"{""source"": ""simulation""}"
acct_001774,acct_001774_owner,first_payment_received,2024-07-25T18:44:00+00:00,2024-07-01,,"{""source"": ""simulation""}"
acct_001775,acct_001775_owner,signup,2024-03-04T13:04:00+00:00,2024-03-01,,"{""source"": ""simulation""}"
acct_001775,acct_001775_owner,first_invoice_created,2024-03-12T13:04:00+00:00,2024-03-01,,"{""source"": ""simulation""}"
acct_001775,acct_001775_owner,first_payment_received,2024-03-12T13:04:00+00:00,2024-03-01,,"{""source"": ""simulation""}"
acct_001776,acct_001776_owner,signup,2024-01-13T16:52:00+00:00,2024-01-01,,"{""source"": ""simulation""}"
acct_001776,acct_001776_owner,first_invoice_created,2024-01-16T16:52:00+00:00,2024-01-01,,"{""source"": ""simulation""}"
acct_001776,acct_001776_owner,first_payment_received,2024-01-20T16:52:00+00:00,2024-01-01,,"{""source"": ""simulation""}"
acct_001777,acct_001777_owner,signup,2024-09-19T16:45:00+00:00,2024-09-01,,"{""source"": ""simulation""}"
acct_001777,acct_001777_owner,first_invoice_created,2024-09-22T16:45:00+00:00,2024-09-01,,"{""source"": ""simulation""}"
acct_001778,acct_001778_owner,signup,2024-02-06T17:44:00+00:00,2024-02-01,,"{""source"": ""simulation""}"
acct_001778,acct_001778_owner,first_invoice_created,2024-02-12T17:44:00+00:00,2024-02-01,,"{""source"": ""simulation""}"
acct_001778,acct_001778_owner,first_payment_received,2024-02-13T17:44:00+00:00,2024-02-01,,"{""source"": ""simulation""}"
acct_001779,acct_001779_owner,signup,2024-09-15T20:20:00+00:00,2024-09-01,,"{""source"": ""simulation""}"
acct_001780,acct_001780_owner,signup,2024-03-19T11:41:00+00:00,2024-03-01,,"{""source"": ""simulation""}"
acct_001780,acct_001780_owner,first_invoice_created,2024-03-22T11:41:00+00:00,2024-03-01,,"{""source"": ""simulation""}"
acct_001781,acct_001781_owner,signup,2024-09-09T20:02:00+00:00,2024-09-01,,"{""source"": ""simulation""}"
acct_001781,acct_001781_owner,first_invoice_created,2024-09-11T20:02:00+00:00,2024-09-01,,"{""source"": ""simulation""}"
acct_001781,acct_001781_owner,first_payment_received,2024-09-17T20:02:00+00:00,2024-09-01,,"{""source"": ""simulation""}"
acct_001781,acct_001781_owner,app_integration_connected,2024-09-25T20:02:00+00:00,2024-09-01,,"{""source"": ""simulation""}"
acct_001782,acct_001782_owner,signup,2024-09-10T13:34:00+00:00,2024-09-01,,"{""source"": ""simulation""}"
acct_001783,acct_001783_owner,signup,2024-01-08T12:02:00+00:00,2024-01-01,,"{""source"": ""simulation""}"
acct_001783,acct_001783_owner,first_invoice_created,2024-01-10T12:02:00+00:00,2024-01-01,,"{""source"": ""simulation""}"
acct_001783,acct_001783_owner,first_payment_received,2024-01-10T12:02:00+00:00,2024-01-01,,"{""source"": ""simulation""}"
acct_001784,acct_001784_owner,signup,2024-03-19T15:44:00+00:00,2024-03-01,,"{""source"": ""simulation""}"
acct_001784,acct_001784_owner,first_invoice_created,2024-03-25T15:44:00+00:00,2024-03-01,,"{""source"": ""simulation""}"
acct_001784,acct_001784_owner,first_payment_received,2024-03-29T15:44:00+00:00,2024-03-01,,"{""source"": ""simulation""}"
acct_001785,acct_001785_owner,signup,2024-09-17T11:44:00+00:00,2024-09-01,,"{""source"": ""simulation""}"
acct_001786,acct_001786_owner,signup,2024-04-02T11:09:00+00:00,2024-04-01,,"{""source"": ""simulation""}"
acct_001787,acct_001787_owner,signup,2024-03-20T16:13:00+00:00,2024-03-01,,"{""source"": ""simulation""}"
acct_001787,acct_001787_owner,first_invoice_created,2024-03-23T16:13:00+00:00,2024-03-01,,"{""source"": ""simulation""}"
acct_001788,acct_001788_owner,signup,2024-03-24T17:27:00+00:00,2024-03-01,,"{""source"": ""simulation""}"
acct_001788,acct_001788_owner,first_invoice_created,2024-03-29T17:27:00+00:00,2024-03-01,,"{""source"": ""simulation""}"
acct_001788,acct_001788_owner,first_payment_received,2024-04-05T17:27:00+00:00,2024-04-01,,"{""source"": ""simulation""}"
acct_001789,acct_001789_owner,signup,2024-05-13T18:57:00+00:00,2024-05-01,,"{""source"": ""simulation""}"
acct_001789,acct_001789_owner,first_invoice_created,2024-05-18T18:57:00+00:00,2024-05-01,,"{""source"": ""simulation""}"
acct_001790,acct_001790_owner,signup,2024-08-03T12:43:00+00:00,2024-08-01,,"{""source"": ""simulation""}"
acct_001790,acct_001790_owner,first_invoice_created,2024-08-09T12:43:00+00:00,2024-08-01,,"{""source"": ""simulation""}"
acct_001790,acct_001790_owner,first_payment_received,2024-08-16T12:43:00+00:00,2024-08-01,,"{""source"": ""simulation""}"
acct_001790,acct_001790_owner,app_integration_connected,2024-08-20T12:43:00+00:00,2024-08-01,,"{""source"": ""simulation""}"
acct_001791,acct_001791_owner,signup,2024-09-07T09:40:00+00:00,2024-09-01,,"{""source"": ""simulation""}"
acct_001791,acct_001791_owner,first_invoice_created,2024-09-09T09:40:00+00:00,2024-09-01,,"{""source"": ""simulation""}"
acct_001791,acct_001791_owner,first_payment_received,2024-09-14T09:40:00+00:00,2024-09-01,,"{""source"": ""simulation""}"
acct_001792,acct_001792_owner,signup,2024-06-19T18:41:00+00:00,2024-06-01,,"{""source"": ""simulation""}"
acct_001792,acct_001792_owner,first_invoice_created,2024-06-23T18:41:00+00:00,2024-06-01,,"{""source"": ""simulation""}"
acct_001793,acct_001793_owner,signup,2024-03-11T20:27:00+00:00,2024-03-01,,"{""source"": ""simulation""}"
acct_001793,acct_001793_owner,first_invoice_created,2024-03-18T20:27:00+00:00,2024-03-01,,"{""source"": ""simulation""}"
acct_001793,acct_001793_owner,first_payment_received,2024-03-18T20:27:00+00:00,2024-03-01,,"{""source"": ""simulation""}"
acct_001793,acct_001793_owner,app_integration_connected,2024-03-24T20:27:00+00:00,2024-03-01,,"{""source"": ""simulation""}"
acct_001794,acct_001794_owner,signup,2024-04-03T12:07:00+00:00,2024-04-01,,"{""source"": ""simulation""}"
acct_001794,acct_001794_owner,first_invoice_created,2024-04-04T12:07:00+00:00,2024-04-01,,"{""source"": ""simulation""}"
acct_001794,acct_001794_owner,first_payment_received,2024-04-06T12:07:00+00:00,2024-04-01,,"{""source"": ""simulation""}"
acct_001794,acct_001794_owner,app_integration_connected,2024-04-14T12:07:00+00:00,2024-04-01,,"{""source"": ""simulation""}"
acct_001794,acct_001794_owner,feature_activated,2024-05-11T12:07:00+00:00,2024-05-01,bank_feed_sync,"{""source"": ""simulation""}"
acct_001795,acct_001795_owner,signup,2024-02-11T18:05:00+00:00,2024-02-01,,"{""source"": ""simulation""}"
acct_001795,acct_001795_owner,first_invoice_created,2024-02-17T18:05:00+00:00,2024-02-01,,"{""source"": ""simulation""}"
acct_001795,acct_001795_owner,first_payment_received,2024-02-24T18:05:00+00:00,2024-02-01,,"{""source"": ""simulation""}"
acct_001796,acct_001796_owner,signup,2024-05-05T20:14:00+00:00,2024-05-01,,"{""source"": ""simulation""}"
acct_001796,acct_001796_owner,first_invoice_created,2024-05-10T20:14:00+00:00,2024-05-01,,"{""source"": ""simulation""}"
acct_001797,acct_001797_owner,signup,2024-02-13T11:24:00+00:00,2024-02-01,,"{""source"": ""simulation""}"
acct_001797,acct_001797_owner,first_invoice_created,2024-02-14T11:24:00+00:00,2024-02-01,,"{""source"": ""simulation""}"
acct_001798,acct_001798_owner,signup,2024-03-17T19:56:00+00:00,2024-03-01,,"{""source"": ""simulation""}"
acct_001799,acct_001799_owner,signup,2024-02-17T13:44:00+00:00,2024-02-01,,"{""source"": ""simulation""}"
acct_001799,acct_001799_owner,first_invoice_created,2024-02-27T13:44:00+00:00,2024-02-01,,"{""source"": ""simulation""}"
acct_001799,acct_001799_owner,first_payment_received,2024-02-28T13:44:00+00:00,2024-02-01,,"{""source"": ""simulation""}"
acct_001799,acct_001799_owner,app_integration_connected,2024-03-09T13:44:00+00:00,2024-03-01,,"{""source"": ""simulation""}"
acct_001799,acct_001799_owner,plan_upgrade,2024-05-30T13:44:00+00:00,2024-05-01,,"{""source"": ""simulation""}"
acct_001800,acct_001800_owner,signup,2024-02-02T10:20:00+00:00,2024-02-01,,"{""source"": ""simulation""}"
acct_001800,acct_001800_owner,first_invoice_created,2024-02-07T10:20:00+00:00,2024-02-01,,"{""source"": ""simulation""}"
acct_001801,acct_001801_owner,signup,2024-06-24T18:50:00+00:00,2024-06-01,,"{""source"": ""simulation""}"
acct_001801,acct_001801_owner,first_invoice_created,2024-06-28T18:50:00+00:00,2024-06-01,,"{""source"": ""simulation""}"
acct_001801,acct_001801_owner,first_payment_received,2024-07-05T18:50:00+00:00,2024-07-01,,"{""source"": ""simulation""}"
acct_001801,acct_001801_owner,app_integration_connected,2024-07-09T18:50:00+00:00,2024-07-01,,"{""source"": ""simulation""}"
acct_001802,acct_001802_owner,signup,2024-03-09T08:43:00+00:00,2024-03-01,,"{""source"": ""simulation""}"
acct_001802,acct_001802_owner,first_invoice_created,2024-03-10T08:43:00+00:00,2024-03-01,,"{""source"": ""simulation""}"
acct_001802,acct_001802_owner,first_payment_received,2024-03-10T08:43:00+00:00,2024-03-01,,"{""source"": ""simulation""}"
acct_001803,acct_001803_owner,signup,2024-03-13T17:47:00+00:00,2024-03-01,,"{""source"": ""simulation""}"
acct_001803,acct_001803_owner,first_invoice_created,2024-03-15T17:47:00+00:00,2024-03-01,,"{""source"": ""simulation""}"
acct_001803,acct_001803_owner,first_payment_received,2024-03-22T17:47:00+00:00,2024-03-01,,"{""source"": ""simulation""}"
acct_001803,acct_001803_owner,app_integration_connected,2024-04-05T17:47:00+00:00,2024-04-01,,"{""source"": ""simulation""}"
acct_001803,acct_001803_owner,feature_activated,2024-04-18T17:47:00+00:00,2024-04-01,bank_feed_sync,"{""source"": ""simulation""}"
acct_001804,acct_001804_owner,signup,2024-06-23T20:15:00+00:00,2024-06-01,,"{""source"": ""simulation""}"
acct_001805,acct_001805_owner,signup,2024-03-15T13:51:00+00:00,2024-03-01,,"{""source"": ""simulation""}"
acct_001805,acct_001805_owner,first_invoice_created,2024-03-21T13:51:00+00:00,2024-03-01,,"{""source"": ""simulation""}"
acct_001805,acct_001805_owner,first_payment_received,2024-03-24T13:51:00+00:00,2024-03-01,,"{""source"": ""simulation""}"
acct_001805,acct_001805_owner,app_integration_connected,2024-04-04T13:51:00+00:00,2024-04-01,,"{""source"": ""simulation""}"
acct_001805,acct_001805_owner,plan_upgrade,2024-04-25T13:51:00+00:00,2024-04-01,,"{""source"": ""simulation""}"
acct_001806,acct_001806_owner,signup,2024-05-14T16:45:00+00:00,2024-05-01,,"{""source"": ""simulation""}"
acct_001806,acct_001806_owner,first_invoice_created,2024-05-18T16:45:00+00:00,2024-05-01,,"{""source"": ""simulation""}"
acct_001806,acct_001806_owner,first_payment_received,2024-05-20T16:45:00+00:00,2024-05-01,,"{""source"": ""simulation""}"
acct_001807,acct_001807_owner,signup,2024-02-10T14:49:00+00:00,2024-02-01,,"{""source"": ""simulation""}"
acct_001807,acct_001807_owner,first_invoice_created,2024-02-17T14:49:00+00:00,2024-02-01,,"{""source"": ""simulation""}"
acct_001808,acct_001808_owner,signup,2024-02-03T19:15:00+00:00,2024-02-01,,"{""source"": ""simulation""}"
acct_001808,acct_001808_owner,first_invoice_created,2024-02-09T19:15:00+00:00,2024-02-01,,"{""source"": ""simulation""}"
acct_001808,acct_001808_owner,first_payment_received,2024-02-09T19:15:00+00:00,2024-02-01,,"{""source"": ""simulation""}"
acct_001808,acct_001808_owner,app_integration_connected,2024-02-21T19:15:00+00:00,2024-02-01,,"{""source"": ""simulation""}"
acct_001808,acct_001808_owner,feature_activated,2024-02-29T19:15:00+00:00,2024-02-01,bank_feed_sync,"{""source"": ""simulation""}"
acct_001809,acct_001809_owner,signup,2024-01-03T19:18:00+00:00,2024-01-01,,"{""source"": ""simulation""}"
acct_001809,acct_001809_owner,first_invoice_created,2024-01-11T19:18:00+00:00,2024-01-01,,"{""source"": ""simulation""}"
acct_001809,acct_001809_owner,first_payment_received,2024-01-12T19:18:00+00:00,2024-01-01,,"{""source"": ""simulation""}"
acct_001810,acct_001810_owner,signup,2024-07-22T16:59:00+00:00,2024-07-01,,"{""source"": ""simulation""}"
acct_001810,acct_001810_owner,first_invoice_created,2024-07-28T16:59:00+00:00,2024-07-01,,"{""source"": ""simulation""}"
acct_001810,acct_001810_owner,first_payment_received,2024-08-01T16:59:00+00:00,2024-08-01,,"{""source"": ""simulation""}"
acct_001811,acct_001811_owner,signup,2024-08-17T18:43:00+00:00,2024-08-01,,"{""source"": ""simulation""}"
acct_001811,acct_001811_owner,first_invoice_created,2024-08-25T18:43:00+00:00,2024-08-01,,"{""source"": ""simulation""}"
acct_001811,acct_001811_owner,first_payment_received,2024-08-30T18:43:00+00:00,2024-08-01,,"{""source"": ""simulation""}"
acct_001812,acct_001812_owner,signup,2024-01-20T11:58:00+00:00,2024-01-01,,"{""source"": ""simulation""}"
acct_001812,acct_001812_owner,first_invoice_created,2024-01-30T11:58:00+00:00,2024-01-01,,"{""source"": ""simulation""}"
acct_001812,acct_001812_owner,first_payment_received,2024-02-04T11:58:00+00:00,2024-02-01,,"{""source"": ""simulation""}"
acct_001812,acct_001812_owner,app_integration_connected,2024-02-10T11:58:00+00:00,2024-02-01,,"{""source"": ""simulation""}"
acct_001812,acct_001812_owner,feature_activated,2024-02-18T11:58:00+00:00,2024-02-01,bank_feed_sync,"{""source"": ""simulation""}"
acct_001813,acct_001813_owner,signup,2024-09-24T13:15:00+00:00,2024-09-01,,"{""source"": ""simulation""}"
acct_001813,acct_001813_owner,first_invoice_created,2024-09-25T13:15:00+00:00,2024-09-01,,"{""source"": ""simulation""}"
acct_001813,acct_001813_owner,first_payment_received,2024-10-03T13:15:00+00:00,2024-10-01,,"{""source"": ""simulation""}"
acct_001813,acct_001813_owner,app_integration_connected,2024-10-04T13:15:00+00:00,2024-10-01,,"{""source"": ""simulation""}"
acct_001813,acct_001813_owner,feature_activated,2024-10-20T13:15:00+00:00,2024-10-01,bank_feed_sync,"{""source"": ""simulation""}"
acct_001814,acct_001814_owner,signup,2024-03-22T20:33:00+00:00,2024-03-01,,"{""source"": ""simulation""}"
acct_001815,acct_001815_owner,signup,2024-02-12T10:32:00+00:00,2024-02-01,,"{""source"": ""simulation""}"
acct_001815,acct_001815_owner,first_invoice_created,2024-02-15T10:32:00+00:00,2024-02-01,,"{""source"": ""simulation""}"
acct_001815,acct_001815_owner,first_payment_received,2024-02-23T10:32:00+00:00,2024-02-01,,"{""source"": ""simulation""}"
acct_001816,acct_001816_owner,signup,2024-07-16T14:10:00+00:00,2024-07-01,,"{""source"": ""simulation""}"
acct_001816,acct_001816_owner,first_invoice_created,2024-07-24T14:10:00+00:00,2024-07-01,,"{""source"": ""simulation""}"
acct_001816,acct_001816_owner,first_payment_received,2024-07-30T14:10:00+00:00,2024-07-01,,"{""source"": ""simulation""}"
acct_001816,acct_001816_owner,app_integration_connected,2024-08-08T14:10:00+00:00,2024-08-01,,"{""source"": ""simulation""}"
acct_001817,acct_001817_owner,signup,2024-06-22T11:53:00+00:00,2024-06-01,,"{""source"": ""simulation""}"
acct_001818,acct_001818_owner,signup,2024-05-16T12:16:00+00:00,2024-05-01,,"{""source"": ""simulation""}"
acct_001818,acct_001818_owner,first_invoice_created,2024-05-25T12:16:00+00:00,2024-05-01,,"{""source"": ""simulation""}"
acct_001819,acct_001819_owner,signup,2024-07-07T12:59:00+00:00,2024-07-01,,"{""source"": ""simulation""}"
acct_001820,acct_001820_owner,signup,2024-08-02T13:00:00+00:00,2024-08-01,,"{""source"": ""simulation""}"
acct_001820,acct_001820_owner,first_invoice_created,2024-08-08T13:00:00+00:00,2024-08-01,,"{""source"": ""simulation""}"
acct_001820,acct_001820_owner,first_payment_received,2024-08-15T13:00:00+00:00,2024-08-01,,"{""source"": ""simulation""}"
acct_001820,acct_001820_owner,app_integration_connected,2024-08-16T13:00:00+00:00,2024-08-01,,"{""source"": ""simulation""}"
acct_001821,acct_001821_owner,signup,2024-05-12T09:00:00+00:00,2024-05-01,,"{""source"": ""simulation""}"
acct_001821,acct_001821_owner,first_invoice_created,2024-05-16T09:00:00+00:00,2024-05-01,,"{""source"": ""simulation""}"
acct_001821,acct_001821_owner,first_payment_received,2024-05-20T09:00:00+00:00,2024-05-01,,"{""source"": ""simulation""}"
acct_001821,acct_001821_owner,app_integration_connected,2024-05-24T09:00:00+00:00,2024-05-01,,"{""source"": ""simulation""}"
acct_001821,acct_001821_owner,feature_activated,2024-06-07T09:00:00+00:00,2024-06-01,bank_feed_sync,"{""source"": ""simulation""}"
acct_001822,acct_001822_owner,signup,2024-07-12T08:06:00+00:00,2024-07-01,,"{""source"": ""simulation""}"
acct_001822,acct_001822_owner,first_invoice_created,2024-07-14T08:06:00+00:00,2024-07-01,,"{""source"": ""simulation""}"
acct_001823,acct_001823_owner,signup,2024-04-03T16:32:00+00:00,2024-04-01,,"{""source"": ""simulation""}"
acct_001823,acct_001823_owner,first_invoice_created,2024-04-10T16:32:00+00:00,2024-04-01,,"{""source"": ""simulation""}"
acct_001823,acct_001823_owner,first_payment_received,2024-04-15T16:32:00+00:00,2024-04-01,,"{""source"": ""simulation""}"
acct_001823,acct_001823_owner,app_integration_connected,2024-05-04T16:32:00+00:00,2024-05-01,,"{""source"": ""simulation""}"
acct_001823,acct_001823_owner,feature_activated,2024-05-12T16:32:00+00:00,2024-05-01,bank_feed_sync,"{""source"": ""simulation""}"
acct_001824,acct_001824_owner,signup,2024-02-16T08:09:00+00:00,2024-02-01,,"{""source"": ""simulation""}"
acct_001824,acct_001824_owner,first_invoice_created,2024-02-17T08:09:00+00:00,2024-02-01,,"{""source"": ""simulation""}"
acct_001824,acct_001824_owner,first_payment_received,2024-02-17T08:09:00+00:00,2024-02-01,,"{""source"": ""simulation""}"
acct_001824,acct_001824_owner,app_integration_connected,2024-03-04T08:09:00+00:00,2024-03-01,,"{""source"": ""simulation""}"
acct_001825,acct_001825_owner,signup,2024-08-13T13:19:00+00:00,2024-08-01,,"{""source"": ""simulation""}"
acct_001825,acct_001825_owner,first_invoice_created,2024-08-18T13:19:00+00:00,2024-08-01,,"{""source"": ""simulation""}"
acct_001825,acct_001825_owner,first_payment_received,2024-08-23T13:19:00+00:00,2024-08-01,,"{""source"": ""simulation""}"
acct_001826,acct_001826_owner,signup,2024-03-18T20:17:00+00:00,2024-03-01,,"{""source"": ""simulation""}"
acct_001826,acct_001826_owner,first_invoice_created,2024-03-27T20:17:00+00:00,2024-03-01,,"{""source"": ""simulation""}"
acct_001827,acct_001827_owner,signup,2024-08-06T10:22:00+00:00,2024-08-01,,"{""source"": ""simulation""}"
acct_001827,acct_001827_owner,first_invoice_created,2024-08-14T10:22:00+00:00,2024-08-01,,"{""source"": ""simulation""}"
acct_001827,acct_001827_owner,first_payment_received,2024-08-15T10:22:00+00:00,2024-08-01,,"{""source"": ""simulation""}"
acct_001827,acct_001827_owner,app_integration_connected,2024-09-04T10:22:00+00:00,2024-09-01,,"{""source"": ""simulation""}"
acct_001827,acct_001827_owner,feature_activated,2024-10-04T10:22:00+00:00,2024-10-01,bank_feed_sync,"{""source"": ""simulation""}"
acct_001827,acct_001827_owner,plan_upgrade,2024-10-29T10:22:00+00:00,2024-10-01,,"{""source"": ""simulation""}"
acct_001828,acct_001828_owner,signup,2024-06-23T11:07:00+00:00,2024-06-01,,"{""source"": ""simulation""}"
acct_001829,acct_001829_owner,signup,2024-01-05T14:26:00+00:00,2024-01-01,,"{""source"": ""simulation""}"
acct_001829,acct_001829_owner,first_invoice_created,2024-01-10T14:26:00+00:00,2024-01-01,,"{""source"": ""simulation""}"
acct_001829,acct_001829_owner,first_payment_received,2024-01-10T14:26:00+00:00,2024-01-01,,"{""source"": ""simulation""}"
acct_001829,acct_001829_owner,app_integration_connected,2024-01-18T14:26:00+00:00,2024-01-01,,"{""source"": ""simulation""}"
acct_001829,acct_001829_owner,feature_activated,2024-02-03T14:26:00+00:00,2024-02-01,bank_feed_sync,"{""source"": ""simulation""}"
acct_001829,acct_001829_owner,plan_upgrade,2024-03-05T14:26:00+00:00,2024-03-01,,"{""source"": ""simulation""}"
acct_001830,acct_001830_owner,signup,2024-03-22T11:30:00+00:00,2024-03-01,,"{""source"": ""simulation""}"
acct_001831,acct_001831_owner,signup,2024-07-16T16:31:00+00:00,2024-07-01,,"{""source"": ""simulation""}"
acct_001831,acct_001831_owner,first_invoice_created,2024-07-19T16:31:00+00:00,2024-07-01,,"{""source"": ""simulation""}"
acct_001831,acct_001831_owner,first_payment_received,2024-07-23T16:31:00+00:00,2024-07-01,,"{""source"": ""simulation""}"
acct_001831,acct_001831_owner,app_integration_connected,2024-08-03T16:31:00+00:00,2024-08-01,,"{""source"": ""simulation""}"
acct_001831,acct_001831_owner,feature_activated,2024-08-30T16:31:00+00:00,2024-08-01,bank_feed_sync,"{""source"": ""simulation""}"
acct_001832,acct_001832_owner,signup,2024-07-17T19:59:00+00:00,2024-07-01,,"{""source"": ""simulation""}"
acct_001832,acct_001832_owner,first_invoice_created,2024-07-24T19:59:00+00:00,2024-07-01,,"{""source"": ""simulation""}"
acct_001832,acct_001832_owner,first_payment_received,2024-07-27T19:59:00+00:00,2024-07-01,,"{""source"": ""simulation""}"
acct_001833,acct_001833_owner,signup,2024-02-04T20:01:00+00:00,2024-02-01,,"{""source"": ""simulation""}"
acct_001833,acct_001833_owner,first_invoice_created,2024-02-13T20:01:00+00:00,2024-02-01,,"{""source"": ""simulation""}"
acct_001834,acct_001834_owner,signup,2024-06-17T08:49:00+00:00,2024-06-01,,"{""source"": ""simulation""}"
acct_001834,acct_001834_owner,first_invoice_created,2024-06-21T08:49:00+00:00,2024-06-01,,"{""source"": ""simulation""}"
acct_001834,acct_001834_owner,first_payment_received,2024-06-24T08:49:00+00:00,2024-06-01,,"{""source"": ""simulation""}"
acct_001834,acct_001834_owner,app_integration_connected,2024-06-28T08:49:00+00:00,2024-06-01,,"{""source"": ""simulation""}"
acct_001835,acct_001835_owner,signup,2024-06-14T17:47:00+00:00,2024-06-01,,"{""source"": ""simulation""}"
acct_001835,acct_001835_owner,first_invoice_created,2024-06-21T17:47:00+00:00,2024-06-01,,"{""source"": ""simulation""}"
acct_001836,acct_001836_owner,signup,2024-08-10T12:31:00+00:00,2024-08-01,,"{""source"": ""simulation""}"
acct_001836,acct_001836_owner,first_invoice_created,2024-08-18T12:31:00+00:00,2024-08-01,,"{""source"": ""simulation""}"
acct_001836,acct_001836_owner,first_payment_received,2024-08-23T12:31:00+00:00,2024-08-01,,"{""source"": ""simulation""}"
acct_001836,acct_001836_owner,app_integration_connected,2024-09-08T12:31:00+00:00,2024-09-01,,"{""source"": ""simulation""}"
acct_001837,acct_001837_owner,signup,2024-04-20T10:46:00+00:00,2024-04-01,,"{""source"": ""simulation""}"
acct_001837,acct_001837_owner,first_invoice_created,2024-04-23T10:46:00+00:00,2024-04-01,,"{""source"": ""simulation""}"
acct_001837,acct_001837_owner,first_payment_received,2024-04-26T10:46:00+00:00,2024-04-01,,"{""source"": ""simulation""}"
acct_001837,acct_001837_owner,app_integration_connected,2024-05-07T10:46:00+00:00,2024-05-01,,"{""source"": ""simulation""}"
acct_001837,acct_001837_owner,feature_activated,2024-05-11T10:46:00+00:00,2024-05-01,bank_feed_sync,"{""source"": ""simulation""}"
acct_001837,acct_001837_owner,plan_upgrade,2024-06-22T10:46:00+00:00,2024-06-01,,"{""source"": ""simulation""}"
acct_001838,acct_001838_owner,signup,2024-05-25T09:55:00+00:00,2024-05-01,,"{""source"": ""simulation""}"
acct_001838,acct_001838_owner,first_invoice_created,2024-05-28T09:55:00+00:00,2024-05-01,,"{""source"": ""simulation""}"
acct_001838,acct_001838_owner,first_payment_received,2024-06-05T09:55:00+00:00,2024-06-01,,"{""source"": ""simulation""}"
acct_001838,acct_001838_owner,app_integration_connected,2024-06-11T09:55:00+00:00,2024-06-01,,"{""source"": ""simulation""}"
acct_001838,acct_001838_owner,feature_activated,2024-07-08T09:55:00+00:00,2024-07-01,bank_feed_sync,"{""source"": ""simulation""}"
acct_001838,acct_001838_owner,plan_upgrade,2024-07-10T09:55:00+00:00,2024-07-01,,"{""source"": ""simulation""}"
acct_001839,acct_001839_owner,signup,2024-07-07T15:45:00+00:00,2024-07-01,,"{""source"": ""simulation""}"
acct_001840,acct_001840_owner,signup,2024-04-19T18:40:00+00:00,2024-04-01,,"{""source"": ""simulation""}"
acct_001840,acct_001840_owner,first_invoice_created,2024-04-21T18:40:00+00:00,2024-04-01,,"{""source"": ""simulation""}"
acct_001841,acct_001841_owner,signup,2024-02-05T14:02:00+00:00,2024-02-01,,"{""source"": ""simulation""}"
acct_001841,acct_001841_owner,first_invoice_created,2024-02-07T14:02:00+00:00,2024-02-01,,"{""source"": ""simulation""}"
acct_001841,acct_001841_owner,first_payment_received,2024-02-07T14:02:00+00:00,2024-02-01,,"{""source"": ""simulation""}"
acct_001842,acct_001842_owner,signup,2024-03-14T08:39:00+00:00,2024-03-01,,"{""source"": ""simulation""}"
acct_001843,acct_001843_owner,signup,2024-01-13T14:33:00+00:00,2024-01-01,,"{""source"": ""simulation""}"
acct_001844,acct_001844_owner,signup,2024-04-11T14:30:00+00:00,2024-04-01,,"{""source"": ""simulation""}"
acct_001844,acct_001844_owner,first_invoice_created,2024-04-18T14:30:00+00:00,2024-04-01,,"{""source"": ""simulation""}"
acct_001844,acct_001844_owner,first_payment_received,2024-04-24T14:30:00+00:00,2024-04-01,,"{""source"": ""simulation""}"
acct_001844,acct_001844_owner,app_integration_connected,2024-05-06T14:30:00+00:00,2024-05-01,,"{""source"": ""simulation""}"
acct_001845,acct_001845_owner,signup,2024-01-10T09:17:00+00:00,2024-01-01,,"{""source"": ""simulation""}"
acct_001845,acct_001845_owner,first_invoice_created,2024-01-20T09:17:00+00:00,2024-01-01,,"{""source"": ""simulation""}"
acct_001845,acct_001845_owner,first_payment_received,2024-01-24T09:17:00+00:00,2024-01-01,,"{""source"": ""simulation""}"
acct_001846,acct_001846_owner,signup,2024-06-23T14:15:00+00:00,2024-06-01,,"{""source"": ""simulation""}"
acct_001846,acct_001846_owner,first_invoice_created,2024-06-25T14:15:00+00:00,2024-06-01,,"{""source"": ""simulation""}"
acct_001846,acct_001846_owner,first_payment_received,2024-06-26T14:15:00+00:00,2024-06-01,,"{""source"": ""simulation""}"
acct_001846,acct_001846_owner,app_integration_connected,2024-06-27T14:15:00+00:00,2024-06-01,,"{""source"": ""simulation""}"
acct_001846,acct_001846_owner,feature_activated,2024-07-23T14:15:00+00:00,2024-07-01,bank_feed_sync,"{""source"": ""simulation""}"
acct_001847,acct_001847_owner,signup,2024-03-02T08:03:00+00:00,2024-03-01,,"{""source"": ""simulation""}"
acct_001848,acct_001848_owner,signup,2024-05-16T12:58:00+00:00,2024-05-01,,"{""source"": ""simulation""}"
acct_001848,acct_001848_owner,first_invoice_created,2024-05-21T12:58:00+00:00,2024-05-01,,"{""source"": ""simulation""}"
acct_001848,acct_001848_owner,first_payment_received,2024-05-23T12:58:00+00:00,2024-05-01,,"{""source"": ""simulation""}"
acct_001848,acct_001848_owner,app_integration_connected,2024-05-27T12:58:00+00:00,2024-05-01,,"{""source"": ""simulation""}"
acct_001849,acct_001849_owner,signup,2024-03-09T15:23:00+00:00,2024-03-01,,"{""source"": ""simulation""}"
acct_001849,acct_001849_owner,first_invoice_created,2024-03-11T15:23:00+00:00,2024-03-01,,"{""source"": ""simulation""}"
acct_001849,acct_001849_owner,first_payment_received,2024-03-12T15:23:00+00:00,2024-03-01,,"{""source"": ""simulation""}"
acct_001850,acct_001850_owner,signup,2024-02-04T18:00:00+00:00,2024-02-01,,"{""source"": ""simulation""}"
acct_001851,acct_001851_owner,signup,2024-06-24T20:23:00+00:00,2024-06-01,,"{""source"": ""simulation""}"
acct_001851,acct_001851_owner,first_invoice_created,2024-06-29T20:23:00+00:00,2024-06-01,,"{""source"": ""simulation""}"
acct_001851,acct_001851_owner,first_payment_received,2024-07-02T20:23:00+00:00,2024-07-01,,"{""source"": ""simulation""}"
acct_001851,acct_001851_owner,app_integration_connected,2024-07-17T20:23:00+00:00,2024-07-01,,"{""source"": ""simulation""}"
acct_001852,acct_001852_owner,signup,2024-05-07T17:24:00+00:00,2024-05-01,,"{""source"": ""simulation""}"
acct_001852,acct_001852_owner,first_invoice_created,2024-05-14T17:24:00+00:00,2024-05-01,,"{""source"": ""simulation""}"
acct_001852,acct_001852_owner,first_payment_received,2024-05-18T17:24:00+00:00,2024-05-01,,"{""source"": ""simulation""}"
acct_001852,acct_001852_owner,app_integration_connected,2024-05-22T17:24:00+00:00,2024-05-01,,"{""source"": ""simulation""}"
acct_001852,acct_001852_owner,feature_activated,2024-06-17T17:24:00+00:00,2024-06-01,bank_feed_sync,"{""source"": ""simulation""}"
acct_001853,acct_001853_owner,signup,2024-03-21T19:38:00+00:00,2024-03-01,,"{""source"": ""simulation""}"
acct_001853,acct_001853_owner,first_invoice_created,2024-03-25T19:38:00+00:00,2024-03-01,,"{""source"": ""simulation""}"
acct_001853,acct_001853_owner,first_payment_received,2024-03-26T19:38:00+00:00,2024-03-01,,"{""source"": ""simulation""}"
acct_001853,acct_001853_owner,app_integration_connected,2024-03-30T19:38:00+00:00,2024-03-01,,"{""source"": ""simulation""}"
acct_001853,acct_001853_owner,plan_upgrade,2024-05-03T19:38:00+00:00,2024-05-01,,"{""source"": ""simulation""}"
acct_001854,acct_001854_owner,signup,2024-04-07T19:28:00+00:00,2024-04-01,,"{""source"": ""simulation""}"
acct_001854,acct_001854_owner,first_invoice_created,2024-04-13T19:28:00+00:00,2024-04-01,,"{""source"": ""simulation""}"
acct_001854,acct_001854_owner,first_payment_received,2024-04-16T19:28:00+00:00,2024-04-01,,"{""source"": ""simulation""}"
acct_001854,acct_001854_owner,app_integration_connected,2024-04-20T19:28:00+00:00,2024-04-01,,"{""source"": ""simulation""}"
acct_001855,acct_001855_owner,signup,2024-09-20T13:19:00+00:00,2024-09-01,,"{""source"": ""simulation""}"
acct_001856,acct_001856_owner,signup,2024-09-24T10:02:00+00:00,2024-09-01,,"{""source"": ""simulation""}"
acct_001856,acct_001856_owner,first_invoice_created,2024-10-03T10:02:00+00:00,2024-10-01,,"{""source"": ""simulation""}"
acct_001856,acct_001856_owner,first_payment_received,2024-10-08T10:02:00+00:00,2024-10-01,,"{""source"": ""simulation""}"
acct_001857,acct_001857_owner,signup,2024-07-18T19:16:00+00:00,2024-07-01,,"{""source"": ""simulation""}"
acct_001857,acct_001857_owner,first_invoice_created,2024-07-22T19:16:00+00:00,2024-07-01,,"{""source"": ""simulation""}"
acct_001857,acct_001857_owner,first_payment_received,2024-07-27T19:16:00+00:00,2024-07-01,,"{""source"": ""simulation""}"
acct_001857,acct_001857_owner,app_integration_connected,2024-08-15T19:16:00+00:00,2024-08-01,,"{""source"": ""simulation""}"
acct_001858,acct_001858_owner,signup,2024-08-21T19:07:00+00:00,2024-08-01,,"{""source"": ""simulation""}"
acct_001858,acct_001858_owner,first_invoice_created,2024-08-31T19:07:00+00:00,2024-08-01,,"{""source"": ""simulation""}"
acct_001858,acct_001858_owner,first_payment_received,2024-09-06T19:07:00+00:00,2024-09-01,,"{""source"": ""simulation""}"
acct_001858,acct_001858_owner,app_integration_connected,2024-09-25T19:07:00+00:00,2024-09-01,,"{""source"": ""simulation""}"
acct_001858,acct_001858_owner,feature_activated,2024-10-16T19:07:00+00:00,2024-10-01,bank_feed_sync,"{""source"": ""simulation""}"
acct_001858,acct_001858_owner,plan_upgrade,2024-10-21T19:07:00+00:00,2024-10-01,,"{""source"": ""simulation""}"
acct_001859,acct_001859_owner,signup,2024-08-14T16:59:00+00:00,2024-08-01,,"{""source"": ""simulation""}"
acct_001859,acct_001859_owner,first_invoice_created,2024-08-19T16:59:00+00:00,2024-08-01,,"{""source"": ""simulation""}"
acct_001860,acct_001860_owner,signup,2024-05-23T10:18:00+00:00,2024-05-01,,"{""source"": ""simulation""}"
acct_001861,acct_001861_owner,signup,2024-04-24T14:31:00+00:00,2024-04-01,,"{""source"": ""simulation""}"
acct_001861,acct_001861_owner,first_invoice_created,2024-04-29T14:31:00+00:00,2024-04-01,,"{""source"": ""simulation""}"
acct_001862,acct_001862_owner,signup,2024-08-25T16:24:00+00:00,2024-08-01,,"{""source"": ""simulation""}"
acct_001862,acct_001862_owner,first_invoice_created,2024-09-03T16:24:00+00:00,2024-09-01,,"{""source"": ""simulation""}"
acct_001862,acct_001862_owner,first_payment_received,2024-09-08T16:24:00+00:00,2024-09-01,,"{""source"": ""simulation""}"
acct_001863,acct_001863_owner,signup,2024-05-07T10:00:00+00:00,2024-05-01,,"{""source"": ""simulation""}"
acct_001864,acct_001864_owner,signup,2024-01-17T15:32:00+00:00,2024-01-01,,"{""source"": ""simulation""}"
acct_001864,acct_001864_owner,first_invoice_created,2024-01-24T15:32:00+00:00,2024-01-01,,"{""source"": ""simulation""}"
acct_001864,acct_001864_owner,first_payment_received,2024-01-27T15:32:00+00:00,2024-01-01,,"{""source"": ""simulation""}"
acct_001864,acct_001864_owner,app_integration_connected,2024-02-09T15:32:00+00:00,2024-02-01,,"{""source"": ""simulation""}"
acct_001864,acct_001864_owner,feature_activated,2024-03-09T15:32:00+00:00,2024-03-01,bank_feed_sync,"{""source"": ""simulation""}"
acct_001865,acct_001865_owner,signup,2024-04-10T19:17:00+00:00,2024-04-01,,"{""source"": ""simulation""}"
acct_001865,acct_001865_owner,first_invoice_created,2024-04-17T19:17:00+00:00,2024-04-01,,"{""source"": ""simulation""}"
acct_001865,acct_001865_owner,first_payment_received,2024-04-20T19:17:00+00:00,2024-04-01,,"{""source"": ""simulation""}"
acct_001866,acct_001866_owner,signup,2024-04-02T16:15:00+00:00,2024-04-01,,"{""source"": ""simulation""}"
acct_001867,acct_001867_owner,signup,2024-03-09T10:17:00+00:00,2024-03-01,,"{""source"": ""simulation""}"
acct_001867,acct_001867_owner,first_invoice_created,2024-03-13T10:17:00+00:00,2024-03-01,,"{""source"": ""simulation""}"
acct_001867,acct_001867_owner,first_payment_received,2024-03-15T10:17:00+00:00,2024-03-01,,"{""source"": ""simulation""}"
acct_001867,acct_001867_owner,app_integration_connected,2024-03-27T10:17:00+00:00,2024-03-01,,"{""source"": ""simulation""}"
acct_001867,acct_001867_owner,feature_activated,2024-04-17T10:17:00+00:00,2024-04-01,bank_feed_sync,"{""source"": ""simulation""}"
acct_001867,acct_001867_owner,plan_upgrade,2024-05-01T10:17:00+00:00,2024-05-01,,"{""source"": ""simulation""}"
acct_001868,acct_001868_owner,signup,2024-04-18T09:00:00+00:00,2024-04-01,,"{""source"": ""simulation""}"
acct_001868,acct_001868_owner,first_invoice_created,2024-04-28T09:00:00+00:00,2024-04-01,,"{""source"": ""simulation""}"
acct_001868,acct_001868_owner,first_payment_received,2024-05-03T09:00:00+00:00,2024-05-01,,"{""source"": ""simulation""}"
acct_001869,acct_001869_owner,signup,2024-06-03T19:56:00+00:00,2024-06-01,,"{""source"": ""simulation""}"
acct_001870,acct_001870_owner,signup,2024-07-20T12:20:00+00:00,2024-07-01,,"{""source"": ""simulation""}"
acct_001871,acct_001871_owner,signup,2024-06-08T19:17:00+00:00,2024-06-01,,"{""source"": ""simulation""}"
acct_001872,acct_001872_owner,signup,2024-01-18T18:55:00+00:00,2024-01-01,,"{""source"": ""simulation""}"
acct_001872,acct_001872_owner,first_invoice_created,2024-01-26T18:55:00+00:00,2024-01-01,,"{""source"": ""simulation""}"
acct_001872,acct_001872_owner,first_payment_received,2024-01-26T18:55:00+00:00,2024-01-01,,"{""source"": ""simulation""}"
acct_001872,acct_001872_owner,app_integration_connected,2024-01-29T18:55:00+00:00,2024-01-01,,"{""source"": ""simulation""}"
acct_001872,acct_001872_owner,feature_activated,2024-02-19T18:55:00+00:00,2024-02-01,bank_feed_sync,"{""source"": ""simulation""}"
acct_001873,acct_001873_owner,signup,2024-05-21T18:38:00+00:00,2024-05-01,,"{""source"": ""simulation""}"
acct_001873,acct_001873_owner,first_invoice_created,2024-05-30T18:38:00+00:00,2024-05-01,,"{""source"": ""simulation""}"
acct_001873,acct_001873_owner,first_payment_received,2024-06-04T18:38:00+00:00,2024-06-01,,"{""source"": ""simulation""}"
acct_001874,acct_001874_owner,signup,2024-04-11T12:13:00+00:00,2024-04-01,,"{""source"": ""simulation""}"
acct_001874,acct_001874_owner,first_invoice_created,2024-04-19T12:13:00+00:00,2024-04-01,,"{""source"": ""simulation""}"
acct_001874,acct_001874_owner,first_payment_received,2024-04-20T12:13:00+00:00,2024-04-01,,"{""source"": ""simulation""}"
acct_001875,acct_001875_owner,signup,2024-08-08T19:46:00+00:00,2024-08-01,,"{""source"": ""simulation""}"
acct_001875,acct_001875_owner,first_invoice_created,2024-08-09T19:46:00+00:00,2024-08-01,,"{""source"": ""simulation""}"
acct_001875,acct_001875_owner,first_payment_received,2024-08-17T19:46:00+00:00,2024-08-01,,"{""source"": ""simulation""}"
acct_001876,acct_001876_owner,signup,2024-03-16T09:31:00+00:00,2024-03-01,,"{""source"": ""simulation""}"
acct_001877,acct_001877_owner,signup,2024-03-06T11:36:00+00:00,2024-03-01,,"{""source"": ""simulation""}"
acct_001877,acct_001877_owner,first_invoice_created,2024-03-10T11:36:00+00:00,2024-03-01,,"{""source"": ""simulation""}"
acct_001877,acct_001877_owner,first_payment_received,2024-03-14T11:36:00+00:00,2024-03-01,,"{""source"": ""simulation""}"
acct_001877,acct_001877_owner,app_integration_connected,2024-03-17T11:36:00+00:00,2024-03-01,,"{""source"": ""simulation""}"
acct_001877,acct_001877_owner,plan_upgrade,2024-04-05T11:36:00+00:00,2024-04-01,,"{""source"": ""simulation""}"
acct_001878,acct_001878_owner,signup,2024-05-01T12:10:00+00:00,2024-05-01,,"{""source"": ""simulation""}"
acct_001878,acct_001878_owner,first_invoice_created,2024-05-02T12:10:00+00:00,2024-05-01,,"{""source"": ""simulation""}"
acct_001878,acct_001878_owner,first_payment_received,2024-05-02T12:10:00+00:00,2024-05-01,,"{""source"": ""simulation""}"
acct_001878,acct_001878_owner,app_integration_connected,2024-05-04T12:10:00+00:00,2024-05-01,,"{""source"": ""simulation""}"
acct_001879,acct_001879_owner,signup,2024-04-03T10:04:00+00:00,2024-04-01,,"{""source"": ""simulation""}"
acct_001880,acct_001880_owner,signup,2024-08-21T14:06:00+00:00,2024-08-01,,"{""source"": ""simulation""}"
acct_001880,acct_001880_owner,first_invoice_created,2024-08-30T14:06:00+00:00,2024-08-01,,"{""source"": ""simulation""}"
acct_001880,acct_001880_owner,first_payment_received,2024-09-03T14:06:00+00:00,2024-09-01,,"{""source"": ""simulation""}"
acct_001881,acct_001881_owner,signup,2024-02-13T14:01:00+00:00,2024-02-01,,"{""source"": ""simulation""}"
acct_001882,acct_001882_owner,signup,2024-01-05T11:49:00+00:00,2024-01-01,,"{""source"": ""simulation""}"
acct_001882,acct_001882_owner,first_invoice_created,2024-01-13T11:49:00+00:00,2024-01-01,,"{""source"": ""simulation""}"
acct_001882,acct_001882_owner,first_payment_received,2024-01-17T11:49:00+00:00,2024-01-01,,"{""source"": ""simulation""}"
acct_001883,acct_001883_owner,signup,2024-03-21T17:00:00+00:00,2024-03-01,,"{""source"": ""simulation""}"
acct_001884,acct_001884_owner,signup,2024-09-24T13:54:00+00:00,2024-09-01,,"{""source"": ""simulation""}"
acct_001884,acct_001884_owner,first_invoice_created,2024-09-28T13:54:00+00:00,2024-09-01,,"{""source"": ""simulation""}"
acct_001885,acct_001885_owner,signup,2024-03-16T20:36:00+00:00,2024-03-01,,"{""source"": ""simulation""}"
acct_001885,acct_001885_owner,first_invoice_created,2024-03-23T20:36:00+00:00,2024-03-01,,"{""source"": ""simulation""}"
acct_001885,acct_001885_owner,first_payment_received,2024-03-27T20:36:00+00:00,2024-03-01,,"{""source"": ""simulation""}"
acct_001885,acct_001885_owner,app_integration_connected,2024-03-29T20:36:00+00:00,2024-03-01,,"{""source"": ""simulation""}"
acct_001885,acct_001885_owner,feature_activated,2024-04-07T20:36:00+00:00,2024-04-01,bank_feed_sync,"{""source"": ""simulation""}"
acct_001886,acct_001886_owner,signup,2024-05-11T15:09:00+00:00,2024-05-01,,"{""source"": ""simulation""}"
acct_001886,acct_001886_owner,first_invoice_created,2024-05-19T15:09:00+00:00,2024-05-01,,"{""source"": ""simulation""}"
acct_001886,acct_001886_owner,first_payment_received,2024-05-23T15:09:00+00:00,2024-05-01,,"{""source"": ""simulation""}"
acct_001886,acct_001886_owner,app_integration_connected,2024-05-31T15:09:00+00:00,2024-05-01,,"{""source"": ""simulation""}"
acct_001886,acct_001886_owner,feature_activated,2024-06-08T15:09:00+00:00,2024-06-01,bank_feed_sync,"{""source"": ""simulation""}"
acct_001887,acct_001887_owner,signup,2024-09-23T12:40:00+00:00,2024-09-01,,"{""source"": ""simulation""}"
acct_001888,acct_001888_owner,signup,2024-01-04T16:18:00+00:00,2024-01-01,,"{""source"": ""simulation""}"
acct_001888,acct_001888_owner,first_invoice_created,2024-01-10T16:18:00+00:00,2024-01-01,,"{""source"": ""simulation""}"
acct_001888,acct_001888_owner,first_payment_received,2024-01-12T16:18:00+00:00,2024-01-01,,"{""source"": ""simulation""}"
acct_001889,acct_001889_owner,signup,2024-03-01T11:01:00+00:00,2024-03-01,,"{""source"": ""simulation""}"
acct_001889,acct_001889_owner,first_invoice_created,2024-03-10T11:01:00+00:00,2024-03-01,,"{""source"": ""simulation""}"
acct_001889,acct_001889_owner,first_payment_received,2024-03-10T11:01:00+00:00,2024-03-01,,"{""source"": ""simulation""}"
acct_001889,acct_001889_owner,app_integration_connected,2024-03-21T11:01:00+00:00,2024-03-01,,"{""source"": ""simulation""}"
acct_001890,acct_001890_owner,signup,2024-07-05T13:41:00+00:00,2024-07-01,,"{""source"": ""simulation""}"
acct_001890,acct_001890_owner,first_invoice_created,2024-07-13T13:41:00+00:00,2024-07-01,,"{""source"": ""simulation""}"
acct_001890,acct_001890_owner,first_payment_received,2024-07-15T13:41:00+00:00,2024-07-01,,"{""source"": ""simulation""}"
acct_001891,acct_001891_owner,signup,2024-07-22T19:52:00+00:00,2024-07-01,,"{""source"": ""simulation""}"
acct_001892,acct_001892_owner,signup,2024-03-04T11:06:00+00:00,2024-03-01,,"{""source"": ""simulation""}"
acct_001893,acct_001893_owner,signup,2024-02-20T13:07:00+00:00,2024-02-01,,"{""source"": ""simulation""}"
acct_001893,acct_001893_owner,first_invoice_created,2024-02-26T13:07:00+00:00,2024-02-01,,"{""source"": ""simulation""}"
acct_001893,acct_001893_owner,first_payment_received,2024-02-26T13:07:00+00:00,2024-02-01,,"{""source"": ""simulation""}"
acct_001893,acct_001893_owner,app_integration_connected,2024-03-05T13:07:00+00:00,2024-03-01,,"{""source"": ""simulation""}"
acct_001893,acct_001893_owner,feature_activated,2024-03-20T13:07:00+00:00,2024-03-01,bank_feed_sync,"{""source"": ""simulation""}"
acct_001894,acct_001894_owner,signup,2024-01-20T10:11:00+00:00,2024-01-01,,"{""source"": ""simulation""}"
acct_001895,acct_001895_owner,signup,2024-03-22T14:09:00+00:00,2024-03-01,,"{""source"": ""simulation""}"
acct_001895,acct_001895_owner,first_invoice_created,2024-03-30T14:09:00+00:00,2024-03-01,,"{""source"": ""simulation""}"
acct_001895,acct_001895_owner,first_payment_received,2024-04-02T14:09:00+00:00,2024-04-01,,"{""source"": ""simulation""}"
acct_001896,acct_001896_owner,signup,2024-06-04T12:58:00+00:00,2024-06-01,,"{""source"": ""simulation""}"
acct_001896,acct_001896_owner,first_invoice_created,2024-06-11T12:58:00+00:00,2024-06-01,,"{""source"": ""simulation""}"
acct_001896,acct_001896_owner,first_payment_received,2024-06-19T12:58:00+00:00,2024-06-01,,"{""source"": ""simulation""}"
acct_001896,acct_001896_owner,app_integration_connected,2024-06-26T12:58:00+00:00,2024-06-01,,"{""source"": ""simulation""}"
acct_001897,acct_001897_owner,signup,2024-05-23T20:04:00+00:00,2024-05-01,,"{""source"": ""simulation""}"
acct_001897,acct_001897_owner,first_invoice_created,2024-06-02T20:04:00+00:00,2024-06-01,,"{""source"": ""simulation""}"
acct_001897,acct_001897_owner,first_payment_received,2024-06-03T20:04:00+00:00,2024-06-01,,"{""source"": ""simulation""}"
acct_001897,acct_001897_owner,app_integration_connected,2024-06-19T20:04:00+00:00,2024-06-01,,"{""source"": ""simulation""}"
acct_001897,acct_001897_owner,feature_activated,2024-07-02T20:04:00+00:00,2024-07-01,bank_feed_sync,"{""source"": ""simulation""}"
acct_001898,acct_001898_owner,signup,2024-03-11T10:24:00+00:00,2024-03-01,,"{""source"": ""simulation""}"
acct_001898,acct_001898_owner,first_invoice_created,2024-03-16T10:24:00+00:00,2024-03-01,,"{""source"": ""simulation""}"
acct_001898,acct_001898_owner,first_payment_received,2024-03-23T10:24:00+00:00,2024-03-01,,"{""source"": ""simulation""}"
acct_001898,acct_001898_owner,app_integration_connected,2024-04-04T10:24:00+00:00,2024-04-01,,"{""source"": ""simulation""}"
acct_001899,acct_001899_owner,signup,2024-02-04T17:27:00+00:00,2024-02-01,,"{""source"": ""simulation""}"
acct_001899,acct_001899_owner,first_invoice_created,2024-02-05T17:27:00+00:00,2024-02-01,,"{""source"": ""simulation""}"
acct_001899,acct_001899_owner,first_payment_received,2024-02-07T17:27:00+00:00,2024-02-01,,"{""source"": ""simulation""}"
acct_001900,acct_001900_owner,signup,2024-02-11T10:11:00+00:00,2024-02-01,,"{""source"": ""simulation""}"
acct_001900,acct_001900_owner,first_invoice_created,2024-02-16T10:11:00+00:00,2024-02-01,,"{""source"": ""simulation""}"
acct_001901,acct_001901_owner,signup,2024-06-16T14:30:00+00:00,2024-06-01,,"{""source"": ""simulation""}"
acct_001901,acct_001901_owner,first_invoice_created,2024-06-25T14:30:00+00:00,2024-06-01,,"{""source"": ""simulation""}"
acct_001901,acct_001901_owner,first_payment_received,2024-06-28T14:30:00+00:00,2024-06-01,,"{""source"": ""simulation""}"
acct_001902,acct_001902_owner,signup,2024-03-21T11:24:00+00:00,2024-03-01,,"{""source"": ""simulation""}"
acct_001902,acct_001902_owner,first_invoice_created,2024-03-27T11:24:00+00:00,2024-03-01,,"{""source"": ""simulation""}"
acct_001902,acct_001902_owner,first_payment_received,2024-04-01T11:24:00+00:00,2024-04-01,,"{""source"": ""simulation""}"
acct_001903,acct_001903_owner,signup,2024-09-18T15:34:00+00:00,2024-09-01,,"{""source"": ""simulation""}"
acct_001903,acct_001903_owner,first_invoice_created,2024-09-26T15:34:00+00:00,2024-09-01,,"{""source"": ""simulation""}"
acct_001904,acct_001904_owner,signup,2024-02-19T19:26:00+00:00,2024-02-01,,"{""source"": ""simulation""}"
acct_001904,acct_001904_owner,first_invoice_created,2024-02-22T19:26:00+00:00,2024-02-01,,"{""source"": ""simulation""}"
acct_001904,acct_001904_owner,first_payment_received,2024-02-25T19:26:00+00:00,2024-02-01,,"{""source"": ""simulation""}"
acct_001904,acct_001904_owner,app_integration_connected,2024-03-12T19:26:00+00:00,2024-03-01,,"{""source"": ""simulation""}"
acct_001905,acct_001905_owner,signup,2024-04-12T08:13:00+00:00,2024-04-01,,"{""source"": ""simulation""}"
acct_001906,acct_001906_owner,signup,2024-09-16T10:58:00+00:00,2024-09-01,,"{""source"": ""simulation""}"
acct_001906,acct_001906_owner,first_invoice_created,2024-09-17T10:58:00+00:00,2024-09-01,,"{""source"": ""simulation""}"
acct_001906,acct_001906_owner,first_payment_received,2024-09-20T10:58:00+00:00,2024-09-01,,"{""source"": ""simulation""}"
acct_001907,acct_001907_owner,signup,2024-06-12T20:52:00+00:00,2024-06-01,,"{""source"": ""simulation""}"
acct_001907,acct_001907_owner,first_invoice_created,2024-06-19T20:52:00+00:00,2024-06-01,,"{""source"": ""simulation""}"
acct_001907,acct_001907_owner,first_payment_received,2024-06-25T20:52:00+00:00,2024-06-01,,"{""source"": ""simulation""}"
acct_001907,acct_001907_owner,app_integration_connected,2024-07-04T20:52:00+00:00,2024-07-01,,"{""source"": ""simulation""}"
acct_001908,acct_001908_owner,signup,2024-08-05T16:59:00+00:00,2024-08-01,,"{""source"": ""simulation""}"
acct_001909,acct_001909_owner,signup,2024-04-08T08:47:00+00:00,2024-04-01,,"{""source"": ""simulation""}"
acct_001909,acct_001909_owner,first_invoice_created,2024-04-11T08:47:00+00:00,2024-04-01,,"{""source"": ""simulation""}"
acct_001909,acct_001909_owner,first_payment_received,2024-04-16T08:47:00+00:00,2024-04-01,,"{""source"": ""simulation""}"
acct_001909,acct_001909_owner,app_integration_connected,2024-05-04T08:47:00+00:00,2024-05-01,,"{""source"": ""simulation""}"
acct_001909,acct_001909_owner,feature_activated,2024-05-18T08:47:00+00:00,2024-05-01,bank_feed_sync,"{""source"": ""simulation""}"
acct_001910,acct_001910_owner,signup,2024-03-13T19:01:00+00:00,2024-03-01,,"{""source"": ""simulation""}"
acct_001910,acct_001910_owner,first_invoice_created,2024-03-23T19:01:00+00:00,2024-03-01,,"{""source"": ""simulation""}"
acct_001910,acct_001910_owner,first_payment_received,2024-03-29T19:01:00+00:00,2024-03-01,,"{""source"": ""simulation""}"
acct_001910,acct_001910_owner,app_integration_connected,2024-03-30T19:01:00+00:00,2024-03-01,,"{""source"": ""simulation""}"
acct_001910,acct_001910_owner,feature_activated,2024-04-15T19:01:00+00:00,2024-04-01,bank_feed_sync,"{""source"": ""simulation""}"
acct_001911,acct_001911_owner,signup,2024-01-23T09:42:00+00:00,2024-01-01,,"{""source"": ""simulation""}"
acct_001911,acct_001911_owner,first_invoice_created,2024-01-27T09:42:00+00:00,2024-01-01,,"{""source"": ""simulation""}"
acct_001911,acct_001911_owner,first_payment_received,2024-01-27T09:42:00+00:00,2024-01-01,,"{""source"": ""simulation""}"
acct_001911,acct_001911_owner,app_integration_connected,2024-02-13T09:42:00+00:00,2024-02-01,,"{""source"": ""simulation""}"
acct_001912,acct_001912_owner,signup,2024-03-01T10:23:00+00:00,2024-03-01,,"{""source"": ""simulation""}"
acct_001912,acct_001912_owner,first_invoice_created,2024-03-11T10:23:00+00:00,2024-03-01,,"{""source"": ""simulation""}"
acct_001912,acct_001912_owner,first_payment_received,2024-03-15T10:23:00+00:00,2024-03-01,,"{""source"": ""simulation""}"
acct_001913,acct_001913_owner,signup,2024-04-03T08:36:00+00:00,2024-04-01,,"{""source"": ""simulation""}"
acct_001913,acct_001913_owner,first_invoice_created,2024-04-10T08:36:00+00:00,2024-04-01,,"{""source"": ""simulation""}"
acct_001913,acct_001913_owner,first_payment_received,2024-04-10T08:36:00+00:00,2024-04-01,,"{""source"": ""simulation""}"
acct_001913,acct_001913_owner,app_integration_connected,2024-04-14T08:36:00+00:00,2024-04-01,,"{""source"": ""simulation""}"
acct_001913,acct_001913_owner,feature_activated,2024-04-27T08:36:00+00:00,2024-04-01,bank_feed_sync,"{""source"": ""simulation""}"
acct_001914,acct_001914_owner,signup,2024-03-16T19:08:00+00:00,2024-03-01,,"{""source"": ""simulation""}"
acct_001914,acct_001914_owner,first_invoice_created,2024-03-20T19:08:00+00:00,2024-03-01,,"{""source"": ""simulation""}"
acct_001915,acct_001915_owner,signup,2024-07-24T13:28:00+00:00,2024-07-01,,"{""source"": ""simulation""}"
acct_001915,acct_001915_owner,first_invoice_created,2024-08-01T13:28:00+00:00,2024-08-01,,"{""source"": ""simulation""}"
acct_001916,acct_001916_owner,signup,2024-02-05T08:56:00+00:00,2024-02-01,,"{""source"": ""simulation""}"
acct_001917,acct_001917_owner,signup,2024-09-06T08:25:00+00:00,2024-09-01,,"{""source"": ""simulation""}"
acct_001917,acct_001917_owner,first_invoice_created,2024-09-08T08:25:00+00:00,2024-09-01,,"{""source"": ""simulation""}"
acct_001917,acct_001917_owner,first_payment_received,2024-09-12T08:25:00+00:00,2024-09-01,,"{""source"": ""simulation""}"
acct_001918,acct_001918_owner,signup,2024-09-23T12:58:00+00:00,2024-09-01,,"{""source"": ""simulation""}"
acct_001919,acct_001919_owner,signup,2024-07-06T12:05:00+00:00,2024-07-01,,"{""source"": ""simulation""}"
acct_001919,acct_001919_owner,first_invoice_created,2024-07-14T12:05:00+00:00,2024-07-01,,"{""source"": ""simulation""}"
acct_001919,acct_001919_owner,first_payment_received,2024-07-15T12:05:00+00:00,2024-07-01,,"{""source"": ""simulation""}"
acct_001920,acct_001920_owner,signup,2024-04-13T17:03:00+00:00,2024-04-01,,"{""source"": ""simulation""}"
acct_001920,acct_001920_owner,first_invoice_created,2024-04-15T17:03:00+00:00,2024-04-01,,"{""source"": ""simulation""}"
acct_001921,acct_001921_owner,signup,2024-03-24T16:38:00+00:00,2024-03-01,,"{""source"": ""simulation""}"
acct_001922,acct_001922_owner,signup,2024-08-11T18:41:00+00:00,2024-08-01,,"{""source"": ""simulation""}"
acct_001922,acct_001922_owner,first_invoice_created,2024-08-12T18:41:00+00:00,2024-08-01,,"{""source"": ""simulation""}"
acct_001922,acct_001922_owner,first_payment_received,2024-08-16T18:41:00+00:00,2024-08-01,,"{""source"": ""simulation""}"
acct_001923,acct_001923_owner,signup,2024-03-02T20:23:00+00:00,2024-03-01,,"{""source"": ""simulation""}"
acct_001923,acct_001923_owner,first_invoice_created,2024-03-10T20:23:00+00:00,2024-03-01,,"{""source"": ""simulation""}"
acct_001923,acct_001923_owner,first_payment_received,2024-03-11T20:23:00+00:00,2024-03-01,,"{""source"": ""simulation""}"
acct_001924,acct_001924_owner,signup,2024-05-04T09:04:00+00:00,2024-05-01,,"{""source"": ""simulation""}"
acct_001924,acct_001924_owner,first_invoice_created,2024-05-08T09:04:00+00:00,2024-05-01,,"{""source"": ""simulation""}"
acct_001925,acct_001925_owner,signup,2024-01-08T12:10:00+00:00,2024-01-01,,"{""source"": ""simulation""}"
acct_001925,acct_001925_owner,first_invoice_created,2024-01-14T12:10:00+00:00,2024-01-01,,"{""source"": ""simulation""}"
acct_001925,acct_001925_owner,first_payment_received,2024-01-19T12:10:00+00:00,2024-01-01,,"{""source"": ""simulation""}"
acct_001925,acct_001925_owner,app_integration_connected,2024-02-07T12:10:00+00:00,2024-02-01,,"{""source"": ""simulation""}"
acct_001925,acct_001925_owner,feature_activated,2024-02-15T12:10:00+00:00,2024-02-01,bank_feed_sync,"{""source"": ""simulation""}"
acct_001926,acct_001926_owner,signup,2024-04-20T08:48:00+00:00,2024-04-01,,"{""source"": ""simulation""}"
acct_001926,acct_001926_owner,first_invoice_created,2024-04-24T08:48:00+00:00,2024-04-01,,"{""source"": ""simulation""}"
acct_001926,acct_001926_owner,first_payment_received,2024-05-02T08:48:00+00:00,2024-05-01,,"{""source"": ""simulation""}"
acct_001926,acct_001926_owner,app_integration_connected,2024-05-15T08:48:00+00:00,2024-05-01,,"{""source"": ""simulation""}"
acct_001926,acct_001926_owner,feature_activated,2024-06-04T08:48:00+00:00,2024-06-01,bank_feed_sync,"{""source"": ""simulation""}"
acct_001927,acct_001927_owner,signup,2024-09-07T18:59:00+00:00,2024-09-01,,"{""source"": ""simulation""}"
acct_001927,acct_001927_owner,first_invoice_created,2024-09-15T18:59:00+00:00,2024-09-01,,"{""source"": ""simulation""}"
acct_001927,acct_001927_owner,first_payment_received,2024-09-23T18:59:00+00:00,2024-09-01,,"{""source"": ""simulation""}"
acct_001928,acct_001928_owner,signup,2024-05-03T17:36:00+00:00,2024-05-01,,"{""source"": ""simulation""}"
acct_001928,acct_001928_owner,first_invoice_created,2024-05-07T17:36:00+00:00,2024-05-01,,"{""source"": ""simulation""}"
acct_001928,acct_001928_owner,first_payment_received,2024-05-12T17:36:00+00:00,2024-05-01,,"{""source"": ""simulation""}"
acct_001929,acct_001929_owner,signup,2024-01-02T13:05:00+00:00,2024-01-01,,"{""source"": ""simulation""}"
acct_001929,acct_001929_owner,first_invoice_created,2024-01-12T13:05:00+00:00,2024-01-01,,"{""source"": ""simulation""}"
acct_001929,acct_001929_owner,first_payment_received,2024-01-18T13:05:00+00:00,2024-01-01,,"{""source"": ""simulation""}"
acct_001929,acct_001929_owner,app_integration_connected,2024-02-07T13:05:00+00:00,2024-02-01,,"{""source"": ""simulation""}"
acct_001929,acct_001929_owner,feature_activated,2024-03-06T13:05:00+00:00,2024-03-01,bank_feed_sync,"{""source"": ""simulation""}"
acct_001929,acct_001929_owner,plan_upgrade,2024-03-11T13:05:00+00:00,2024-03-01,,"{""source"": ""simulation""}"
acct_001930,acct_001930_owner,signup,2024-06-25T12:25:00+00:00,2024-06-01,,"{""source"": ""simulation""}"
acct_001930,acct_001930_owner,first_invoice_created,2024-06-27T12:25:00+00:00,2024-06-01,,"{""source"": ""simulation""}"
acct_001931,acct_001931_owner,signup,2024-07-24T13:08:00+00:00,2024-07-01,,"{""source"": ""simulation""}"
acct_001931,acct_001931_owner,first_invoice_created,2024-07-31T13:08:00+00:00,2024-07-01,,"{""source"": ""simulation""}"
acct_001931,acct_001931_owner,first_payment_received,2024-07-31T13:08:00+00:00,2024-07-01,,"{""source"": ""simulation""}"
acct_001932,acct_001932_owner,signup,2024-07-24T16:06:00+00:00,2024-07-01,,"{""source"": ""simulation""}"
acct_001932,acct_001932_owner,first_invoice_created,2024-08-02T16:06:00+00:00,2024-08-01,,"{""source"": ""simulation""}"
acct_001932,acct_001932_owner,first_payment_received,2024-08-06T16:06:00+00:00,2024-08-01,,"{""source"": ""simulation""}"
acct_001933,acct_001933_owner,signup,2024-07-16T17:55:00+00:00,2024-07-01,,"{""source"": ""simulation""}"
acct_001933,acct_001933_owner,first_invoice_created,2024-07-24T17:55:00+00:00,2024-07-01,,"{""source"": ""simulation""}"
acct_001934,acct_001934_owner,signup,2024-03-05T18:29:00+00:00,2024-03-01,,"{""source"": ""simulation""}"
acct_001934,acct_001934_owner,first_invoice_created,2024-03-07T18:29:00+00:00,2024-03-01,,"{""source"": ""simulation""}"
acct_001935,acct_001935_owner,signup,2024-04-07T20:43:00+00:00,2024-04-01,,"{""source"": ""simulation""}"
acct_001935,acct_001935_owner,first_invoice_created,2024-04-10T20:43:00+00:00,2024-04-01,,"{""source"": ""simulation""}"
acct_001936,acct_001936_owner,signup,2024-09-17T19:38:00+00:00,2024-09-01,,"{""source"": ""simulation""}"
acct_001937,acct_001937_owner,signup,2024-03-11T12:23:00+00:00,2024-03-01,,"{""source"": ""simulation""}"
acct_001937,acct_001937_owner,first_invoice_created,2024-03-21T12:23:00+00:00,2024-03-01,,"{""source"": ""simulation""}"
acct_001937,acct_001937_owner,first_payment_received,2024-03-21T12:23:00+00:00,2024-03-01,,"{""source"": ""simulation""}"
acct_001937,acct_001937_owner,app_integration_connected,2024-03-28T12:23:00+00:00,2024-03-01,,"{""source"": ""simulation""}"
acct_001937,acct_001937_owner,feature_activated,2024-04-17T12:23:00+00:00,2024-04-01,bank_feed_sync,"{""source"": ""simulation""}"
acct_001938,acct_001938_owner,signup,2024-07-08T11:39:00+00:00,2024-07-01,,"{""source"": ""simulation""}"
acct_001938,acct_001938_owner,first_invoice_created,2024-07-13T11:39:00+00:00,2024-07-01,,"{""source"": ""simulation""}"
acct_001938,acct_001938_owner,first_payment_received,2024-07-14T11:39:00+00:00,2024-07-01,,"{""source"": ""simulation""}"
acct_001938,acct_001938_owner,app_integration_connected,2024-08-02T11:39:00+00:00,2024-08-01,,"{""source"": ""simulation""}"
acct_001938,acct_001938_owner,feature_activated,2024-08-29T11:39:00+00:00,2024-08-01,bank_feed_sync,"{""source"": ""simulation""}"
acct_001938,acct_001938_owner,plan_upgrade,2024-09-20T11:39:00+00:00,2024-09-01,,"{""source"": ""simulation""}"
acct_001939,acct_001939_owner,signup,2024-08-04T20:00:00+00:00,2024-08-01,,"{""source"": ""simulation""}"
acct_001939,acct_001939_owner,first_invoice_created,2024-08-14T20:00:00+00:00,2024-08-01,,"{""source"": ""simulation""}"
acct_001939,acct_001939_owner,first_payment_received,2024-08-21T20:00:00+00:00,2024-08-01,,"{""source"": ""simulation""}"
acct_001939,acct_001939_owner,app_integration_connected,2024-08-26T20:00:00+00:00,2024-08-01,,"{""source"": ""simulation""}"
acct_001939,acct_001939_owner,plan_upgrade,2024-09-20T20:00:00+00:00,2024-09-01,,"{""source"": ""simulation""}"
acct_001940,acct_001940_owner,signup,2024-09-03T15:06:00+00:00,2024-09-01,,"{""source"": ""simulation""}"
acct_001940,acct_001940_owner,first_invoice_created,2024-09-07T15:06:00+00:00,2024-09-01,,"{""source"": ""simulation""}"
acct_001940,acct_001940_owner,first_payment_received,2024-09-09T15:06:00+00:00,2024-09-01,,"{""source"": ""simulation""}"
acct_001940,acct_001940_owner,app_integration_connected,2024-09-24T15:06:00+00:00,2024-09-01,,"{""source"": ""simulation""}"
acct_001941,acct_001941_owner,signup,2024-03-10T10:04:00+00:00,2024-03-01,,"{""source"": ""simulation""}"
acct_001941,acct_001941_owner,first_invoice_created,2024-03-12T10:04:00+00:00,2024-03-01,,"{""source"": ""simulation""}"
acct_001942,acct_001942_owner,signup,2024-06-03T09:11:00+00:00,2024-06-01,,"{""source"": ""simulation""}"
acct_001942,acct_001942_owner,first_invoice_created,2024-06-13T09:11:00+00:00,2024-06-01,,"{""source"": ""simulation""}"
acct_001943,acct_001943_owner,signup,2024-08-09T20:56:00+00:00,2024-08-01,,"{""source"": ""simulation""}"
acct_001944,acct_001944_owner,signup,2024-02-19T15:02:00+00:00,2024-02-01,,"{""source"": ""simulation""}"
acct_001944,acct_001944_owner,first_invoice_created,2024-02-22T15:02:00+00:00,2024-02-01,,"{""source"": ""simulation""}"
acct_001945,acct_001945_owner,signup,2024-07-14T17:58:00+00:00,2024-07-01,,"{""source"": ""simulation""}"
acct_001945,acct_001945_owner,first_invoice_created,2024-07-15T17:58:00+00:00,2024-07-01,,"{""source"": ""simulation""}"
acct_001945,acct_001945_owner,first_payment_received,2024-07-20T17:58:00+00:00,2024-07-01,,"{""source"": ""simulation""}"
acct_001945,acct_001945_owner,app_integration_connected,2024-07-30T17:58:00+00:00,2024-07-01,,"{""source"": ""simulation""}"
acct_001945,acct_001945_owner,plan_upgrade,2024-10-16T17:58:00+00:00,2024-10-01,,"{""source"": ""simulation""}"
acct_001946,acct_001946_owner,signup,2024-06-17T17:20:00+00:00,2024-06-01,,"{""source"": ""simulation""}"
acct_001946,acct_001946_owner,first_invoice_created,2024-06-21T17:20:00+00:00,2024-06-01,,"{""source"": ""simulation""}"
acct_001947,acct_001947_owner,signup,2024-07-17T15:16:00+00:00,2024-07-01,,"{""source"": ""simulation""}"
acct_001947,acct_001947_owner,first_invoice_created,2024-07-23T15:16:00+00:00,2024-07-01,,"{""source"": ""simulation""}"
acct_001947,acct_001947_owner,first_payment_received,2024-07-30T15:16:00+00:00,2024-07-01,,"{""source"": ""simulation""}"
acct_001948,acct_001948_owner,signup,2024-04-23T16:00:00+00:00,2024-04-01,,"{""source"": ""simulation""}"
acct_001949,acct_001949_owner,signup,2024-05-13T10:36:00+00:00,2024-05-01,,"{""source"": ""simulation""}"
acct_001949,acct_001949_owner,first_invoice_created,2024-05-17T10:36:00+00:00,2024-05-01,,"{""source"": ""simulation""}"
acct_001949,acct_001949_owner,first_payment_received,2024-05-19T10:36:00+00:00,2024-05-01,,"{""source"": ""simulation""}"
acct_001949,acct_001949_owner,app_integration_connected,2024-05-28T10:36:00+00:00,2024-05-01,,"{""source"": ""simulation""}"
acct_001949,acct_001949_owner,feature_activated,2024-06-09T10:36:00+00:00,2024-06-01,bank_feed_sync,"{""source"": ""simulation""}"
acct_001950,acct_001950_owner,signup,2024-04-13T15:42:00+00:00,2024-04-01,,"{""source"": ""simulation""}"
acct_001950,acct_001950_owner,first_invoice_created,2024-04-17T15:42:00+00:00,2024-04-01,,"{""source"": ""simulation""}"
acct_001951,acct_001951_owner,signup,2024-08-15T18:34:00+00:00,2024-08-01,,"{""source"": ""simulation""}"
acct_001951,acct_001951_owner,first_invoice_created,2024-08-17T18:34:00+00:00,2024-08-01,,"{""source"": ""simulation""}"
acct_001951,acct_001951_owner,first_payment_received,2024-08-24T18:34:00+00:00,2024-08-01,,"{""source"": ""simulation""}"
acct_001951,acct_001951_owner,app_integration_connected,2024-09-09T18:34:00+00:00,2024-09-01,,"{""source"": ""simulation""}"
acct_001951,acct_001951_owner,feature_activated,2024-09-23T18:34:00+00:00,2024-09-01,bank_feed_sync,"{""source"": ""simulation""}"
acct_001952,acct_001952_owner,signup,2024-02-06T19:06:00+00:00,2024-02-01,,"{""source"": ""simulation""}"
acct_001952,acct_001952_owner,first_invoice_created,2024-02-11T19:06:00+00:00,2024-02-01,,"{""source"": ""simulation""}"
acct_001952,acct_001952_owner,first_payment_received,2024-02-16T19:06:00+00:00,2024-02-01,,"{""source"": ""simulation""}"
acct_001952,acct_001952_owner,app_integration_connected,2024-03-01T19:06:00+00:00,2024-03-01,,"{""source"": ""simulation""}"
acct_001952,acct_001952_owner,plan_upgrade,2024-05-23T19:06:00+00:00,2024-05-01,,"{""source"": ""simulation""}"
acct_001953,acct_001953_owner,signup,2024-04-13T13:04:00+00:00,2024-04-01,,"{""source"": ""simulation""}"
acct_001954,acct_001954_owner,signup,2024-08-07T19:47:00+00:00,2024-08-01,,"{""source"": ""simulation""}"
acct_001954,acct_001954_owner,first_invoice_created,2024-08-16T19:47:00+00:00,2024-08-01,,"{""source"": ""simulation""}"
acct_001954,acct_001954_owner,first_payment_received,2024-08-24T19:47:00+00:00,2024-08-01,,"{""source"": ""simulation""}"
acct_001955,acct_001955_owner,signup,2024-05-15T08:34:00+00:00,2024-05-01,,"{""source"": ""simulation""}"
acct_001956,acct_001956_owner,signup,2024-03-21T11:20:00+00:00,2024-03-01,,"{""source"": ""simulation""}"
acct_001957,acct_001957_owner,signup,2024-01-12T20:27:00+00:00,2024-01-01,,"{""source"": ""simulation""}"
acct_001958,acct_001958_owner,signup,2024-01-07T08:48:00+00:00,2024-01-01,,"{""source"": ""simulation""}"
acct_001959,acct_001959_owner,signup,2024-05-21T10:05:00+00:00,2024-05-01,,"{""source"": ""simulation""}"
acct_001960,acct_001960_owner,signup,2024-05-13T09:19:00+00:00,2024-05-01,,"{""source"": ""simulation""}"
acct_001961,acct_001961_owner,signup,2024-09-07T18:57:00+00:00,2024-09-01,,"{""source"": ""simulation""}"
acct_001962,acct_001962_owner,signup,2024-01-03T14:21:00+00:00,2024-01-01,,"{""source"": ""simulation""}"
acct_001962,acct_001962_owner,first_invoice_created,2024-01-12T14:21:00+00:00,2024-01-01,,"{""source"": ""simulation""}"
acct_001962,acct_001962_owner,first_payment_received,2024-01-20T14:21:00+00:00,2024-01-01,,"{""source"": ""simulation""}"
acct_001962,acct_001962_owner,app_integration_connected,2024-01-21T14:21:00+00:00,2024-01-01,,"{""source"": ""simulation""}"
acct_001962,acct_001962_owner,feature_activated,2024-01-30T14:21:00+00:00,2024-01-01,bank_feed_sync,"{""source"": ""simulation""}"
acct_001962,acct_001962_owner,plan_upgrade,2024-03-20T14:21:00+00:00,2024-03-01,,"{""source"": ""simulation""}"
acct_001963,acct_001963_owner,signup,2024-04-12T14:30:00+00:00,2024-04-01,,"{""source"": ""simulation""}"
acct_001963,acct_001963_owner,first_invoice_created,2024-04-14T14:30:00+00:00,2024-04-01,,"{""source"": ""simulation""}"
acct_001963,acct_001963_owner,first_payment_received,2024-04-18T14:30:00+00:00,2024-04-01,,"{""source"": ""simulation""}"
acct_001963,acct_001963_owner,app_integration_connected,2024-04-24T14:30:00+00:00,2024-04-01,,"{""source"": ""simulation""}"
acct_001964,acct_001964_owner,signup,2024-07-12T19:36:00+00:00,2024-07-01,,"{""source"": ""simulation""}"
acct_001964,acct_001964_owner,first_invoice_created,2024-07-22T19:36:00+00:00,2024-07-01,,"{""source"": ""simulation""}"
acct_001964,acct_001964_owner,first_payment_received,2024-07-30T19:36:00+00:00,2024-07-01,,"{""source"": ""simulation""}"
acct_001965,acct_001965_owner,signup,2024-09-20T11:04:00+00:00,2024-09-01,,"{""source"": ""simulation""}"
acct_001965,acct_001965_owner,first_invoice_created,2024-09-24T11:04:00+00:00,2024-09-01,,"{""source"": ""simulation""}"
acct_001966,acct_001966_owner,signup,2024-06-01T10:57:00+00:00,2024-06-01,,"{""source"": ""simulation""}"
acct_001966,acct_001966_owner,first_invoice_created,2024-06-07T10:57:00+00:00,2024-06-01,,"{""source"": ""simulation""}"
acct_001966,acct_001966_owner,first_payment_received,2024-06-14T10:57:00+00:00,2024-06-01,,"{""source"": ""simulation""}"
acct_001967,acct_001967_owner,signup,2024-08-11T09:50:00+00:00,2024-08-01,,"{""source"": ""simulation""}"
acct_001967,acct_001967_owner,first_invoice_created,2024-08-15T09:50:00+00:00,2024-08-01,,"{""source"": ""simulation""}"
acct_001967,acct_001967_owner,first_payment_received,2024-08-17T09:50:00+00:00,2024-08-01,,"{""source"": ""simulation""}"
acct_001967,acct_001967_owner,app_integration_connected,2024-08-19T09:50:00+00:00,2024-08-01,,"{""source"": ""simulation""}"
acct_001968,acct_001968_owner,signup,2024-09-24T08:28:00+00:00,2024-09-01,,"{""source"": ""simulation""}"
acct_001968,acct_001968_owner,first_invoice_created,2024-09-26T08:28:00+00:00,2024-09-01,,"{""source"": ""simulation""}"
acct_001968,acct_001968_owner,first_payment_received,2024-10-04T08:28:00+00:00,2024-10-01,,"{""source"": ""simulation""}"
acct_001968,acct_001968_owner,app_integration_connected,2024-10-09T08:28:00+00:00,2024-10-01,,"{""source"": ""simulation""}"
acct_001968,acct_001968_owner,feature_activated,2024-10-27T08:28:00+00:00,2024-10-01,bank_feed_sync,"{""source"": ""simulation""}"
acct_001969,acct_001969_owner,signup,2024-02-02T11:47:00+00:00,2024-02-01,,"{""source"": ""simulation""}"
acct_001969,acct_001969_owner,first_invoice_created,2024-02-08T11:47:00+00:00,2024-02-01,,"{""source"": ""simulation""}"
acct_001969,acct_001969_owner,first_payment_received,2024-02-14T11:47:00+00:00,2024-02-01,,"{""source"": ""simulation""}"
acct_001969,acct_001969_owner,app_integration_connected,2024-03-02T11:47:00+00:00,2024-03-01,,"{""source"": ""simulation""}"
acct_001970,acct_001970_owner,signup,2024-09-25T10:38:00+00:00,2024-09-01,,"{""source"": ""simulation""}"
acct_001970,acct_001970_owner,first_invoice_created,2024-09-29T10:38:00+00:00,2024-09-01,,"{""source"": ""simulation""}"
acct_001971,acct_001971_owner,signup,2024-06-07T11:43:00+00:00,2024-06-01,,"{""source"": ""simulation""}"
acct_001971,acct_001971_owner,first_invoice_created,2024-06-14T11:43:00+00:00,2024-06-01,,"{""source"": ""simulation""}"
acct_001971,acct_001971_owner,first_payment_received,2024-06-17T11:43:00+00:00,2024-06-01,,"{""source"": ""simulation""}"
acct_001972,acct_001972_owner,signup,2024-06-01T12:57:00+00:00,2024-06-01,,"{""source"": ""simulation""}"
acct_001972,acct_001972_owner,first_invoice_created,2024-06-11T12:57:00+00:00,2024-06-01,,"{""source"": ""simulation""}"
acct_001972,acct_001972_owner,first_payment_received,2024-06-17T12:57:00+00:00,2024-06-01,,"{""source"": ""simulation""}"
acct_001972,acct_001972_owner,app_integration_connected,2024-06-22T12:57:00+00:00,2024-06-01,,"{""source"": ""simulation""}"
acct_001973,acct_001973_owner,signup,2024-08-21T15:26:00+00:00,2024-08-01,,"{""source"": ""simulation""}"
acct_001973,acct_001973_owner,first_invoice_created,2024-08-22T15:26:00+00:00,2024-08-01,,"{""source"": ""simulation""}"
acct_001974,acct_001974_owner,signup,2024-06-18T14:33:00+00:00,2024-06-01,,"{""source"": ""simulation""}"
acct_001974,acct_001974_owner,first_invoice_created,2024-06-21T14:33:00+00:00,2024-06-01,,"{""source"": ""simulation""}"
acct_001974,acct_001974_owner,first_payment_received,2024-06-28T14:33:00+00:00,2024-06-01,,"{""source"": ""simulation""}"
acct_001975,acct_001975_owner,signup,2024-03-15T14:23:00+00:00,2024-03-01,,"{""source"": ""simulation""}"
acct_001975,acct_001975_owner,first_invoice_created,2024-03-19T14:23:00+00:00,2024-03-01,,"{""source"": ""simulation""}"
acct_001975,acct_001975_owner,first_payment_received,2024-03-21T14:23:00+00:00,2024-03-01,,"{""source"": ""simulation""}"
acct_001975,acct_001975_owner,app_integration_connected,2024-03-22T14:23:00+00:00,2024-03-01,,"{""source"": ""simulation""}"
acct_001976,acct_001976_owner,signup,2024-09-14T14:18:00+00:00,2024-09-01,,"{""source"": ""simulation""}"
acct_001976,acct_001976_owner,first_invoice_created,2024-09-15T14:18:00+00:00,2024-09-01,,"{""source"": ""simulation""}"
acct_001976,acct_001976_owner,first_payment_received,2024-09-20T14:18:00+00:00,2024-09-01,,"{""source"": ""simulation""}"
acct_001976,acct_001976_owner,app_integration_connected,2024-10-03T14:18:00+00:00,2024-10-01,,"{""source"": ""simulation""}"
acct_001976,acct_001976_owner,plan_upgrade,2024-11-10T14:18:00+00:00,2024-11-01,,"{""source"": ""simulation""}"
acct_001977,acct_001977_owner,signup,2024-02-03T20:53:00+00:00,2024-02-01,,"{""source"": ""simulation""}"
acct_001978,acct_001978_owner,signup,2024-01-20T14:06:00+00:00,2024-01-01,,"{""source"": ""simulation""}"
acct_001978,acct_001978_owner,first_invoice_created,2024-01-24T14:06:00+00:00,2024-01-01,,"{""source"": ""simulation""}"
acct_001978,acct_001978_owner,first_payment_received,2024-02-01T14:06:00+00:00,2024-02-01,,"{""source"": ""simulation""}"
acct_001979,acct_001979_owner,signup,2024-08-17T17:51:00+00:00,2024-08-01,,"{""source"": ""simulation""}"
acct_001979,acct_001979_owner,first_invoice_created,2024-08-18T17:51:00+00:00,2024-08-01,,"{""source"": ""simulation""}"
acct_001979,acct_001979_owner,first_payment_received,2024-08-23T17:51:00+00:00,2024-08-01,,"{""source"": ""simulation""}"
acct_001979,acct_001979_owner,app_integration_connected,2024-09-02T17:51:00+00:00,2024-09-01,,"{""source"": ""simulation""}"
acct_001979,acct_001979_owner,feature_activated,2024-09-11T17:51:00+00:00,2024-09-01,bank_feed_sync,"{""source"": ""simulation""}"
acct_001980,acct_001980_owner,signup,2024-07-07T11:49:00+00:00,2024-07-01,,"{""source"": ""simulation""}"
acct_001980,acct_001980_owner,first_invoice_created,2024-07-15T11:49:00+00:00,2024-07-01,,"{""source"": ""simulation""}"
acct_001980,acct_001980_owner,first_payment_received,2024-07-22T11:49:00+00:00,2024-07-01,,"{""source"": ""simulation""}"
acct_001980,acct_001980_owner,app_integration_connected,2024-08-05T11:49:00+00:00,2024-08-01,,"{""source"": ""simulation""}"
acct_001980,acct_001980_owner,feature_activated,2024-08-15T11:49:00+00:00,2024-08-01,bank_feed_sync,"{""source"": ""simulation""}"
acct_001981,acct_001981_owner,signup,2024-02-07T15:07:00+00:00,2024-02-01,,"{""source"": ""simulation""}"
acct_001981,acct_001981_owner,first_invoice_created,2024-02-13T15:07:00+00:00,2024-02-01,,"{""source"": ""simulation""}"
acct_001982,acct_001982_owner,signup,2024-07-21T19:50:00+00:00,2024-07-01,,"{""source"": ""simulation""}"
acct_001982,acct_001982_owner,first_invoice_created,2024-07-28T19:50:00+00:00,2024-07-01,,"{""source"": ""simulation""}"
acct_001982,acct_001982_owner,first_payment_received,2024-07-31T19:50:00+00:00,2024-07-01,,"{""source"": ""simulation""}"
acct_001982,acct_001982_owner,app_integration_connected,2024-08-18T19:50:00+00:00,2024-08-01,,"{""source"": ""simulation""}"
acct_001983,acct_001983_owner,signup,2024-06-08T16:18:00+00:00,2024-06-01,,"{""source"": ""simulation""}"
acct_001983,acct_001983_owner,first_invoice_created,2024-06-18T16:18:00+00:00,2024-06-01,,"{""source"": ""simulation""}"
acct_001983,acct_001983_owner,first_payment_received,2024-06-24T16:18:00+00:00,2024-06-01,,"{""source"": ""simulation""}"
acct_001983,acct_001983_owner,app_integration_connected,2024-07-06T16:18:00+00:00,2024-07-01,,"{""source"": ""simulation""}"
acct_001983,acct_001983_owner,feature_activated,2024-07-11T16:18:00+00:00,2024-07-01,bank_feed_sync,"{""source"": ""simulation""}"
acct_001984,acct_001984_owner,signup,2024-05-14T18:15:00+00:00,2024-05-01,,"{""source"": ""simulation""}"
acct_001984,acct_001984_owner,first_invoice_created,2024-05-18T18:15:00+00:00,2024-05-01,,"{""source"": ""simulation""}"
acct_001984,acct_001984_owner,first_payment_received,2024-05-19T18:15:00+00:00,2024-05-01,,"{""source"": ""simulation""}"
acct_001984,acct_001984_owner,app_integration_connected,2024-05-30T18:15:00+00:00,2024-05-01,,"{""source"": ""simulation""}"
acct_001985,acct_001985_owner,signup,2024-01-01T08:09:00+00:00,2024-01-01,,"{""source"": ""simulation""}"
acct_001985,acct_001985_owner,first_invoice_created,2024-01-09T08:09:00+00:00,2024-01-01,,"{""source"": ""simulation""}"
acct_001985,acct_001985_owner,first_payment_received,2024-01-16T08:09:00+00:00,2024-01-01,,"{""source"": ""simulation""}"
acct_001985,acct_001985_owner,app_integration_connected,2024-02-04T08:09:00+00:00,2024-02-01,,"{""source"": ""simulation""}"
acct_001985,acct_001985_owner,feature_activated,2024-02-15T08:09:00+00:00,2024-02-01,bank_feed_sync,"{""source"": ""simulation""}"
acct_001985,acct_001985_owner,plan_upgrade,2024-03-30T08:09:00+00:00,2024-03-01,,"{""source"": ""simulation""}"
acct_001986,acct_001986_owner,signup,2024-06-06T17:27:00+00:00,2024-06-01,,"{""source"": ""simulation""}"
acct_001987,acct_001987_owner,signup,2024-04-20T18:25:00+00:00,2024-04-01,,"{""source"": ""simulation""}"
acct_001988,acct_001988_owner,signup,2024-03-21T14:46:00+00:00,2024-03-01,,"{""source"": ""simulation""}"
acct_001988,acct_001988_owner,first_invoice_created,2024-03-26T14:46:00+00:00,2024-03-01,,"{""source"": ""simulation""}"
acct_001989,acct_001989_owner,signup,2024-06-17T10:27:00+00:00,2024-06-01,,"{""source"": ""simulation""}"
acct_001989,acct_001989_owner,first_invoice_created,2024-06-21T10:27:00+00:00,2024-06-01,,"{""source"": ""simulation""}"
acct_001989,acct_001989_owner,first_payment_received,2024-06-26T10:27:00+00:00,2024-06-01,,"{""source"": ""simulation""}"
acct_001989,acct_001989_owner,app_integration_connected,2024-07-07T10:27:00+00:00,2024-07-01,,"{""source"": ""simulation""}"
acct_001989,acct_001989_owner,feature_activated,2024-07-27T10:27:00+00:00,2024-07-01,bank_feed_sync,"{""source"": ""simulation""}"
acct_001989,acct_001989_owner,plan_upgrade,2024-07-29T10:27:00+00:00,2024-07-01,,"{""source"": ""simulation""}"
acct_001990,acct_001990_owner,signup,2024-03-17T09:40:00+00:00,2024-03-01,,"{""source"": ""simulation""}"
acct_001990,acct_001990_owner,first_invoice_created,2024-03-23T09:40:00+00:00,2024-03-01,,"{""source"": ""simulation""}"
acct_001990,acct_001990_owner,first_payment_received,2024-03-29T09:40:00+00:00,2024-03-01,,"{""source"": ""simulation""}"
acct_001990,acct_001990_owner,app_integration_connected,2024-04-10T09:40:00+00:00,2024-04-01,,"{""source"": ""simulation""}"
acct_001990,acct_001990_owner,feature_activated,2024-05-04T09:40:00+00:00,2024-05-01,bank_feed_sync,"{""source"": ""simulation""}"
acct_001991,acct_001991_owner,signup,2024-09-06T13:13:00+00:00,2024-09-01,,"{""source"": ""simulation""}"
acct_001991,acct_001991_owner,first_invoice_created,2024-09-16T13:13:00+00:00,2024-09-01,,"{""source"": ""simulation""}"
acct_001991,acct_001991_owner,first_payment_received,2024-09-24T13:13:00+00:00,2024-09-01,,"{""source"": ""simulation""}"
acct_001992,acct_001992_owner,signup,2024-01-14T08:40:00+00:00,2024-01-01,,"{""source"": ""simulation""}"
acct_001992,acct_001992_owner,first_invoice_created,2024-01-24T08:40:00+00:00,2024-01-01,,"{""source"": ""simulation""}"
acct_001992,acct_001992_owner,first_payment_received,2024-01-30T08:40:00+00:00,2024-01-01,,"{""source"": ""simulation""}"
acct_001993,acct_001993_owner,signup,2024-09-03T17:24:00+00:00,2024-09-01,,"{""source"": ""simulation""}"
acct_001993,acct_001993_owner,first_invoice_created,2024-09-09T17:24:00+00:00,2024-09-01,,"{""source"": ""simulation""}"
acct_001994,acct_001994_owner,signup,2024-08-21T18:49:00+00:00,2024-08-01,,"{""source"": ""simulation""}"
acct_001994,acct_001994_owner,first_invoice_created,2024-08-27T18:49:00+00:00,2024-08-01,,"{""source"": ""simulation""}"
acct_001994,acct_001994_owner,first_payment_received,2024-08-27T18:49:00+00:00,2024-08-01,,"{""source"": ""simulation""}"
acct_001995,acct_001995_owner,signup,2024-04-21T11:19:00+00:00,2024-04-01,,"{""source"": ""simulation""}"
acct_001995,acct_001995_owner,first_invoice_created,2024-04-23T11:19:00+00:00,2024-04-01,,"{""source"": ""simulation""}"
acct_001995,acct_001995_owner,first_payment_received,2024-04-24T11:19:00+00:00,2024-04-01,,"{""source"": ""simulation""}"
acct_001995,acct_001995_owner,app_integration_connected,2024-05-04T11:19:00+00:00,2024-05-01,,"{""source"": ""simulation""}"
acct_001995,acct_001995_owner,feature_activated,2024-05-15T11:19:00+00:00,2024-05-01,bank_feed_sync,"{""source"": ""simulation""}"
acct_001996,acct_001996_owner,signup,2024-07-25T12:42:00+00:00,2024-07-01,,"{""source"": ""simulation""}"
acct_001997,acct_001997_owner,signup,2024-02-05T18:01:00+00:00,2024-02-01,,"{""source"": ""simulation""}"
acct_001997,acct_001997_owner,first_invoice_created,2024-02-08T18:01:00+00:00,2024-02-01,,"{""source"": ""simulation""}"
acct_001997,acct_001997_owner,first_payment_received,2024-02-14T18:01:00+00:00,2024-02-01,,"{""source"": ""simulation""}"
acct_001997,acct_001997_owner,app_integration_connected,2024-02-29T18:01:00+00:00,2024-02-01,,"{""source"": ""simulation""}"
acct_001997,acct_001997_owner,plan_upgrade,2024-04-29T18:01:00+00:00,2024-04-01,,"{""source"": ""simulation""}"
acct_001998,acct_001998_owner,signup,2024-08-20T09:06:00+00:00,2024-08-01,,"{""source"": ""simulation""}"
acct_001998,acct_001998_owner,first_invoice_created,2024-08-25T09:06:00+00:00,2024-08-01,,"{""source"": ""simulation""}"
acct_001998,acct_001998_owner,first_payment_received,2024-08-27T09:06:00+00:00,2024-08-01,,"{""source"": ""simulation""}"
acct_001999,acct_001999_owner,signup,2024-05-06T09:04:00+00:00,2024-05-01,,"{""source"": ""simulation""}"
acct_002000,acct_002000_owner,signup,2024-04-13T09:31:00+00:00,2024-04-01,,"{""source"": ""simulation""}"
acct_002000,acct_002000_owner,first_invoice_created,2024-04-14T09:31:00+00:00,2024-04-01,,"{""source"": ""simulation""}"
acct_002001,acct_002001_owner,signup,2024-02-16T18:04:00+00:00,2024-02-01,,"{""source"": ""simulation""}"
acct_002001,acct_002001_owner,first_invoice_created,2024-02-23T18:04:00+00:00,2024-02-01,,"{""source"": ""simulation""}"
acct_002001,acct_002001_owner,first_payment_received,2024-02-27T18:04:00+00:00,2024-02-01,,"{""source"": ""simulation""}"
acct_002002,acct_002002_owner,signup,2024-07-11T18:58:00+00:00,2024-07-01,,"{""source"": ""simulation""}"
acct_002002,acct_002002_owner,first_invoice_created,2024-07-20T18:58:00+00:00,2024-07-01,,"{""source"": ""simulation""}"
acct_002002,acct_002002_owner,first_payment_received,2024-07-20T18:58:00+00:00,2024-07-01,,"{""source"": ""simulation""}"
acct_002002,acct_002002_owner,app_integration_connected,2024-08-04T18:58:00+00:00,2024-08-01,,"{""source"": ""simulation""}"
acct_002002,acct_002002_owner,feature_activated,2024-08-05T18:58:00+00:00,2024-08-01,bank_feed_sync,"{""source"": ""simulation""}"
acct_002003,acct_002003_owner,signup,2024-03-10T08:57:00+00:00,2024-03-01,,"{""source"": ""simulation""}"
acct_002003,acct_002003_owner,first_invoice_created,2024-03-14T08:57:00+00:00,2024-03-01,,"{""source"": ""simulation""}"
acct_002003,acct_002003_owner,first_payment_received,2024-03-17T08:57:00+00:00,2024-03-01,,"{""source"": ""simulation""}"
acct_002003,acct_002003_owner,app_integration_connected,2024-03-25T08:57:00+00:00,2024-03-01,,"{""source"": ""simulation""}"
acct_002004,acct_002004_owner,signup,2024-02-11T13:30:00+00:00,2024-02-01,,"{""source"": ""simulation""}"
acct_002004,acct_002004_owner,first_invoice_created,2024-02-20T13:30:00+00:00,2024-02-01,,"{""source"": ""simulation""}"
acct_002004,acct_002004_owner,first_payment_received,2024-02-27T13:30:00+00:00,2024-02-01,,"{""source"": ""simulation""}"
acct_002004,acct_002004_owner,app_integration_connected,2024-03-07T13:30:00+00:00,2024-03-01,,"{""source"": ""simulation""}"
acct_002005,acct_002005_owner,signup,2024-09-24T12:59:00+00:00,2024-09-01,,"{""source"": ""simulation""}"
acct_002005,acct_002005_owner,first_invoice_created,2024-09-26T12:59:00+00:00,2024-09-01,,"{""source"": ""simulation""}"
acct_002006,acct_002006_owner,signup,2024-01-18T08:33:00+00:00,2024-01-01,,"{""source"": ""simulation""}"
acct_002006,acct_002006_owner,first_invoice_created,2024-01-27T08:33:00+00:00,2024-01-01,,"{""source"": ""simulation""}"
acct_002006,acct_002006_owner,first_payment_received,2024-01-30T08:33:00+00:00,2024-01-01,,"{""source"": ""simulation""}"
acct_002007,acct_002007_owner,signup,2024-06-04T11:01:00+00:00,2024-06-01,,"{""source"": ""simulation""}"
acct_002007,acct_002007_owner,first_invoice_created,2024-06-06T11:01:00+00:00,2024-06-01,,"{""source"": ""simulation""}"
acct_002008,acct_002008_owner,signup,2024-04-03T19:44:00+00:00,2024-04-01,,"{""source"": ""simulation""}"
acct_002009,acct_002009_owner,signup,2024-05-16T11:05:00+00:00,2024-05-01,,"{""source"": ""simulation""}"
acct_002009,acct_002009_owner,first_invoice_created,2024-05-18T11:05:00+00:00,2024-05-01,,"{""source"": ""simulation""}"
acct_002009,acct_002009_owner,first_payment_received,2024-05-26T11:05:00+00:00,2024-05-01,,"{""source"": ""simulation""}"
acct_002009,acct_002009_owner,app_integration_connected,2024-06-09T11:05:00+00:00,2024-06-01,,"{""source"": ""simulation""}"
acct_002009,acct_002009_owner,feature_activated,2024-06-25T11:05:00+00:00,2024-06-01,bank_feed_sync,"{""source"": ""simulation""}"
acct_002010,acct_002010_owner,signup,2024-08-24T20:31:00+00:00,2024-08-01,,"{""source"": ""simulation""}"
acct_002011,acct_002011_owner,signup,2024-04-09T10:12:00+00:00,2024-04-01,,"{""source"": ""simulation""}"
acct_002011,acct_002011_owner,first_invoice_created,2024-04-10T10:12:00+00:00,2024-04-01,,"{""source"": ""simulation""}"
acct_002011,acct_002011_owner,first_payment_received,2024-04-17T10:12:00+00:00,2024-04-01,,"{""source"": ""simulation""}"
acct_002012,acct_002012_owner,signup,2024-02-19T20:49:00+00:00,2024-02-01,,"{""source"": ""simulation""}"
acct_002013,acct_002013_owner,signup,2024-04-24T15:27:00+00:00,2024-04-01,,"{""source"": ""simulation""}"
acct_002014,acct_002014_owner,signup,2024-05-11T17:06:00+00:00,2024-05-01,,"{""source"": ""simulation""}"
acct_002015,acct_002015_owner,signup,2024-04-19T13:23:00+00:00,2024-04-01,,"{""source"": ""simulation""}"
acct_002015,acct_002015_owner,first_invoice_created,2024-04-26T13:23:00+00:00,2024-04-01,,"{""source"": ""simulation""}"
acct_002015,acct_002015_owner,first_payment_received,2024-05-04T13:23:00+00:00,2024-05-01,,"{""source"": ""simulation""}"
acct_002015,acct_002015_owner,app_integration_connected,2024-05-17T13:23:00+00:00,2024-05-01,,"{""source"": ""simulation""}"
acct_002015,acct_002015_owner,feature_activated,2024-06-01T13:23:00+00:00,2024-06-01,bank_feed_sync,"{""source"": ""simulation""}"
acct_002015,acct_002015_owner,plan_upgrade,2024-07-28T13:23:00+00:00,2024-07-01,,"{""source"": ""simulation""}"
acct_002016,acct_002016_owner,signup,2024-03-02T16:16:00+00:00,2024-03-01,,"{""source"": ""simulation""}"
acct_002016,acct_002016_owner,first_invoice_created,2024-03-08T16:16:00+00:00,2024-03-01,,"{""source"": ""simulation""}"
acct_002016,acct_002016_owner,first_payment_received,2024-03-10T16:16:00+00:00,2024-03-01,,"{""source"": ""simulation""}"
acct_002016,acct_002016_owner,app_integration_connected,2024-03-28T16:16:00+00:00,2024-03-01,,"{""source"": ""simulation""}"
acct_002017,acct_002017_owner,signup,2024-09-12T14:01:00+00:00,2024-09-01,,"{""source"": ""simulation""}"
acct_002017,acct_002017_owner,first_invoice_created,2024-09-22T14:01:00+00:00,2024-09-01,,"{""source"": ""simulation""}"
acct_002018,acct_002018_owner,signup,2024-06-14T20:11:00+00:00,2024-06-01,,"{""source"": ""simulation""}"
acct_002018,acct_002018_owner,first_invoice_created,2024-06-18T20:11:00+00:00,2024-06-01,,"{""source"": ""simulation""}"
acct_002018,acct_002018_owner,first_payment_received,2024-06-21T20:11:00+00:00,2024-06-01,,"{""source"": ""simulation""}"
acct_002018,acct_002018_owner,app_integration_connected,2024-07-10T20:11:00+00:00,2024-07-01,,"{""source"": ""simulation""}"
acct_002018,acct_002018_owner,plan_upgrade,2024-08-14T20:11:00+00:00,2024-08-01,,"{""source"": ""simulation""}"
acct_002019,acct_002019_owner,signup,2024-02-07T18:23:00+00:00,2024-02-01,,"{""source"": ""simulation""}"
acct_002019,acct_002019_owner,first_invoice_created,2024-02-15T18:23:00+00:00,2024-02-01,,"{""source"": ""simulation""}"
acct_002019,acct_002019_owner,first_payment_received,2024-02-21T18:23:00+00:00,2024-02-01,,"{""source"": ""simulation""}"
acct_002019,acct_002019_owner,app_integration_connected,2024-03-11T18:23:00+00:00,2024-03-01,,"{""source"": ""simulation""}"
acct_002019,acct_002019_owner,feature_activated,2024-03-12T18:23:00+00:00,2024-03-01,bank_feed_sync,"{""source"": ""simulation""}"
acct_002020,acct_002020_owner,signup,2024-06-04T08:20:00+00:00,2024-06-01,,"{""source"": ""simulation""}"
acct_002021,acct_002021_owner,signup,2024-04-15T17:50:00+00:00,2024-04-01,,"{""source"": ""simulation""}"
acct_002021,acct_002021_owner,first_invoice_created,2024-04-21T17:50:00+00:00,2024-04-01,,"{""source"": ""simulation""}"
acct_002021,acct_002021_owner,first_payment_received,2024-04-27T17:50:00+00:00,2024-04-01,,"{""source"": ""simulation""}"
acct_002021,acct_002021_owner,app_integration_connected,2024-05-05T17:50:00+00:00,2024-05-01,,"{""source"": ""simulation""}"
acct_002021,acct_002021_owner,feature_activated,2024-05-27T17:50:00+00:00,2024-05-01,bank_feed_sync,"{""source"": ""simulation""}"
acct_002022,acct_002022_owner,signup,2024-09-03T14:18:00+00:00,2024-09-01,,"{""source"": ""simulation""}"
acct_002022,acct_002022_owner,first_invoice_created,2024-09-05T14:18:00+00:00,2024-09-01,,"{""source"": ""simulation""}"
acct_002022,acct_002022_owner,first_payment_received,2024-09-13T14:18:00+00:00,2024-09-01,,"{""source"": ""simulation""}"
acct_002022,acct_002022_owner,app_integration_connected,2024-09-24T14:18:00+00:00,2024-09-01,,"{""source"": ""simulation""}"
acct_002023,acct_002023_owner,signup,2024-02-18T12:45:00+00:00,2024-02-01,,"{""source"": ""simulation""}"
acct_002023,acct_002023_owner,first_invoice_created,2024-02-26T12:45:00+00:00,2024-02-01,,"{""source"": ""simulation""}"
acct_002023,acct_002023_owner,first_payment_received,2024-03-02T12:45:00+00:00,2024-03-01,,"{""source"": ""simulation""}"
acct_002023,acct_002023_owner,app_integration_connected,2024-03-03T12:45:00+00:00,2024-03-01,,"{""source"": ""simulation""}"
acct_002023,acct_002023_owner,feature_activated,2024-03-29T12:45:00+00:00,2024-03-01,bank_feed_sync,"{""source"": ""simulation""}"
acct_002024,acct_002024_owner,signup,2024-07-11T13:12:00+00:00,2024-07-01,,"{""source"": ""simulation""}"
acct_002024,acct_002024_owner,first_invoice_created,2024-07-20T13:12:00+00:00,2024-07-01,,"{""source"": ""simulation""}"
acct_002024,acct_002024_owner,first_payment_received,2024-07-24T13:12:00+00:00,2024-07-01,,"{""source"": ""simulation""}"
acct_002025,acct_002025_owner,signup,2024-08-16T08:17:00+00:00,2024-08-01,,"{""source"": ""simulation""}"
acct_002025,acct_002025_owner,first_invoice_created,2024-08-20T08:17:00+00:00,2024-08-01,,"{""source"": ""simulation""}"
acct_002025,acct_002025_owner,first_payment_received,2024-08-26T08:17:00+00:00,2024-08-01,,"{""source"": ""simulation""}"
acct_002025,acct_002025_owner,app_integration_connected,2024-08-30T08:17:00+00:00,2024-08-01,,"{""source"": ""simulation""}"
acct_002025,acct_002025_owner,plan_upgrade,2024-10-25T08:17:00+00:00,2024-10-01,,"{""source"": ""simulation""}"
acct_002026,acct_002026_owner,signup,2024-02-15T10:38:00+00:00,2024-02-01,,"{""source"": ""simulation""}"
acct_002026,acct_002026_owner,first_invoice_created,2024-02-17T10:38:00+00:00,2024-02-01,,"{""source"": ""simulation""}"
acct_002026,acct_002026_owner,first_payment_received,2024-02-19T10:38:00+00:00,2024-02-01,,"{""source"": ""simulation""}"
acct_002026,acct_002026_owner,app_integration_connected,2024-02-26T10:38:00+00:00,2024-02-01,,"{""source"": ""simulation""}"
acct_002027,acct_002027_owner,signup,2024-04-19T08:18:00+00:00,2024-04-01,,"{""source"": ""simulation""}"
acct_002028,acct_002028_owner,signup,2024-08-10T10:53:00+00:00,2024-08-01,,"{""source"": ""simulation""}"
acct_002029,acct_002029_owner,signup,2024-09-17T08:21:00+00:00,2024-09-01,,"{""source"": ""simulation""}"
acct_002029,acct_002029_owner,first_invoice_created,2024-09-27T08:21:00+00:00,2024-09-01,,"{""source"": ""simulation""}"
acct_002029,acct_002029_owner,first_payment_received,2024-10-02T08:21:00+00:00,2024-10-01,,"{""source"": ""simulation""}"
acct_002029,acct_002029_owner,app_integration_connected,2024-10-13T08:21:00+00:00,2024-10-01,,"{""source"": ""simulation""}"
acct_002030,acct_002030_owner,signup,2024-08-04T20:26:00+00:00,2024-08-01,,"{""source"": ""simulation""}"
acct_002031,acct_002031_owner,signup,2024-06-25T13:25:00+00:00,2024-06-01,,"{""source"": ""simulation""}"
acct_002031,acct_002031_owner,first_invoice_created,2024-06-29T13:25:00+00:00,2024-06-01,,"{""source"": ""simulation""}"
acct_002031,acct_002031_owner,first_payment_received,2024-06-29T13:25:00+00:00,2024-06-01,,"{""source"": ""simulation""}"
acct_002032,acct_002032_owner,signup,2024-08-20T08:25:00+00:00,2024-08-01,,"{""source"": ""simulation""}"
acct_002032,acct_002032_owner,first_invoice_created,2024-08-25T08:25:00+00:00,2024-08-01,,"{""source"": ""simulation""}"
acct_002032,acct_002032_owner,first_payment_received,2024-08-27T08:25:00+00:00,2024-08-01,,"{""source"": ""simulation""}"
acct_002032,acct_002032_owner,app_integration_connected,2024-09-03T08:25:00+00:00,2024-09-01,,"{""source"": ""simulation""}"
acct_002032,acct_002032_owner,plan_upgrade,2024-10-04T08:25:00+00:00,2024-10-01,,"{""source"": ""simulation""}"
acct_002033,acct_002033_owner,signup,2024-08-21T09:53:00+00:00,2024-08-01,,"{""source"": ""simulation""}"
acct_002033,acct_002033_owner,first_invoice_created,2024-08-22T09:53:00+00:00,2024-08-01,,"{""source"": ""simulation""}"
acct_002033,acct_002033_owner,first_payment_received,2024-08-30T09:53:00+00:00,2024-08-01,,"{""source"": ""simulation""}"
acct_002033,acct_002033_owner,app_integration_connected,2024-09-03T09:53:00+00:00,2024-09-01,,"{""source"": ""simulation""}"
acct_002033,acct_002033_owner,plan_upgrade,2024-11-30T09:53:00+00:00,2024-11-01,,"{""source"": ""simulation""}"
acct_002034,acct_002034_owner,signup,2024-01-08T08:52:00+00:00,2024-01-01,,"{""source"": ""simulation""}"
acct_002034,acct_002034_owner,first_invoice_created,2024-01-16T08:52:00+00:00,2024-01-01,,"{""source"": ""simulation""}"
acct_002034,acct_002034_owner,first_payment_received,2024-01-23T08:52:00+00:00,2024-01-01,,"{""source"": ""simulation""}"
acct_002035,acct_002035_owner,signup,2024-02-11T19:46:00+00:00,2024-02-01,,"{""source"": ""simulation""}"
acct_002035,acct_002035_owner,first_invoice_created,2024-02-21T19:46:00+00:00,2024-02-01,,"{""source"": ""simulation""}"
acct_002035,acct_002035_owner,first_payment_received,2024-02-29T19:46:00+00:00,2024-02-01,,"{""source"": ""simulation""}"
acct_002035,acct_002035_owner,app_integration_connected,2024-03-06T19:46:00+00:00,2024-03-01,,"{""source"": ""simulation""}"
acct_002036,acct_002036_owner,signup,2024-03-03T11:46:00+00:00,2024-03-01,,"{""source"": ""simulation""}"
acct_002036,acct_002036_owner,first_invoice_created,2024-03-09T11:46:00+00:00,2024-03-01,,"{""source"": ""simulation""}"
acct_002036,acct_002036_owner,first_payment_received,2024-03-09T11:46:00+00:00,2024-03-01,,"{""source"": ""simulation""}"
acct_002036,acct_002036_owner,app_integration_connected,2024-03-11T11:46:00+00:00,2024-03-01,,"{""source"": ""simulation""}"
acct_002036,acct_002036_owner,feature_activated,2024-04-01T11:46:00+00:00,2024-04-01,bank_feed_sync,"{""source"": ""simulation""}"
acct_002037,acct_002037_owner,signup,2024-01-09T20:02:00+00:00,2024-01-01,,"{""source"": ""simulation""}"
acct_002037,acct_002037_owner,first_invoice_created,2024-01-17T20:02:00+00:00,2024-01-01,,"{""source"": ""simulation""}"
acct_002038,acct_002038_owner,signup,2024-05-03T12:21:00+00:00,2024-05-01,,"{""source"": ""simulation""}"
acct_002038,acct_002038_owner,first_invoice_created,2024-05-13T12:21:00+00:00,2024-05-01,,"{""source"": ""simulation""}"
acct_002038,acct_002038_owner,first_payment_received,2024-05-15T12:21:00+00:00,2024-05-01,,"{""source"": ""simulation""}"
acct_002039,acct_002039_owner,signup,2024-03-05T17:29:00+00:00,2024-03-01,,"{""source"": ""simulation""}"
acct_002039,acct_002039_owner,first_invoice_created,2024-03-14T17:29:00+00:00,2024-03-01,,"{""source"": ""simulation""}"
acct_002039,acct_002039_owner,first_payment_received,2024-03-20T17:29:00+00:00,2024-03-01,,"{""source"": ""simulation""}"
acct_002039,acct_002039_owner,app_integration_connected,2024-03-23T17:29:00+00:00,2024-03-01,,"{""source"": ""simulation""}"
acct_002040,acct_002040_owner,signup,2024-06-05T20:37:00+00:00,2024-06-01,,"{""source"": ""simulation""}"
acct_002041,acct_002041_owner,signup,2024-02-17T16:15:00+00:00,2024-02-01,,"{""source"": ""simulation""}"
acct_002041,acct_002041_owner,first_invoice_created,2024-02-26T16:15:00+00:00,2024-02-01,,"{""source"": ""simulation""}"
acct_002041,acct_002041_owner,first_payment_received,2024-03-04T16:15:00+00:00,2024-03-01,,"{""source"": ""simulation""}"
acct_002041,acct_002041_owner,app_integration_connected,2024-03-10T16:15:00+00:00,2024-03-01,,"{""source"": ""simulation""}"
acct_002041,acct_002041_owner,feature_activated,2024-03-12T16:15:00+00:00,2024-03-01,bank_feed_sync,"{""source"": ""simulation""}"
acct_002042,acct_002042_owner,signup,2024-05-11T20:46:00+00:00,2024-05-01,,"{""source"": ""simulation""}"
acct_002042,acct_002042_owner,first_invoice_created,2024-05-13T20:46:00+00:00,2024-05-01,,"{""source"": ""simulation""}"
acct_002042,acct_002042_owner,first_payment_received,2024-05-13T20:46:00+00:00,2024-05-01,,"{""source"": ""simulation""}"
acct_002043,acct_002043_owner,signup,2024-02-09T20:18:00+00:00,2024-02-01,,"{""source"": ""simulation""}"
acct_002044,acct_002044_owner,signup,2024-09-08T18:41:00+00:00,2024-09-01,,"{""source"": ""simulation""}"
acct_002044,acct_002044_owner,first_invoice_created,2024-09-09T18:41:00+00:00,2024-09-01,,"{""source"": ""simulation""}"
acct_002044,acct_002044_owner,first_payment_received,2024-09-11T18:41:00+00:00,2024-09-01,,"{""source"": ""simulation""}"
acct_002045,acct_002045_owner,signup,2024-02-16T08:13:00+00:00,2024-02-01,,"{""source"": ""simulation""}"
acct_002045,acct_002045_owner,first_invoice_created,2024-02-18T08:13:00+00:00,2024-02-01,,"{""source"": ""simulation""}"
acct_002045,acct_002045_owner,first_payment_received,2024-02-19T08:13:00+00:00,2024-02-01,,"{""source"": ""simulation""}"
acct_002045,acct_002045_owner,app_integration_connected,2024-03-06T08:13:00+00:00,2024-03-01,,"{""source"": ""simulation""}"
acct_002045,acct_002045_owner,feature_activated,2024-03-19T08:13:00+00:00,2024-03-01,bank_feed_sync,"{""source"": ""simulation""}"
acct_002046,acct_002046_owner,signup,2024-08-13T11:31:00+00:00,2024-08-01,,"{""source"": ""simulation""}"
acct_002046,acct_002046_owner,first_invoice_created,2024-08-21T11:31:00+00:00,2024-08-01,,"{""source"": ""simulation""}"
acct_002046,acct_002046_owner,first_payment_received,2024-08-26T11:31:00+00:00,2024-08-01,,"{""source"": ""simulation""}"
acct_002046,acct_002046_owner,app_integration_connected,2024-08-30T11:31:00+00:00,2024-08-01,,"{""source"": ""simulation""}"
acct_002046,acct_002046_owner,plan_upgrade,2024-10-06T11:31:00+00:00,2024-10-01,,"{""source"": ""simulation""}"
acct_002047,acct_002047_owner,signup,2024-04-19T20:33:00+00:00,2024-04-01,,"{""source"": ""simulation""}"
acct_002047,acct_002047_owner,first_invoice_created,2024-04-26T20:33:00+00:00,2024-04-01,,"{""source"": ""simulation""}"
acct_002047,acct_002047_owner,first_payment_received,2024-04-29T20:33:00+00:00,2024-04-01,,"{""source"": ""simulation""}"
acct_002048,acct_002048_owner,signup,2024-08-21T10:54:00+00:00,2024-08-01,,"{""source"": ""simulation""}"
acct_002048,acct_002048_owner,first_invoice_created,2024-08-26T10:54:00+00:00,2024-08-01,,"{""source"": ""simulation""}"
acct_002049,acct_002049_owner,signup,2024-04-12T14:28:00+00:00,2024-04-01,,"{""source"": ""simulation""}"
acct_002049,acct_002049_owner,first_invoice_created,2024-04-20T14:28:00+00:00,2024-04-01,,"{""source"": ""simulation""}"
acct_002050,acct_002050_owner,signup,2024-04-03T12:27:00+00:00,2024-04-01,,"{""source"": ""simulation""}"
acct_002051,acct_002051_owner,signup,2024-02-05T15:56:00+00:00,2024-02-01,,"{""source"": ""simulation""}"
acct_002051,acct_002051_owner,first_invoice_created,2024-02-14T15:56:00+00:00,2024-02-01,,"{""source"": ""simulation""}"
acct_002051,acct_002051_owner,first_payment_received,2024-02-20T15:56:00+00:00,2024-02-01,,"{""source"": ""simulation""}"
acct_002051,acct_002051_owner,app_integration_connected,2024-03-05T15:56:00+00:00,2024-03-01,,"{""source"": ""simulation""}"
acct_002052,acct_002052_owner,signup,2024-04-01T15:11:00+00:00,2024-04-01,,"{""source"": ""simulation""}"
acct_002052,acct_002052_owner,first_invoice_created,2024-04-09T15:11:00+00:00,2024-04-01,,"{""source"": ""simulation""}"
acct_002052,acct_002052_owner,first_payment_received,2024-04-12T15:11:00+00:00,2024-04-01,,"{""source"": ""simulation""}"
acct_002052,acct_002052_owner,app_integration_connected,2024-04-28T15:11:00+00:00,2024-04-01,,"{""source"": ""simulation""}"
acct_002053,acct_002053_owner,signup,2024-08-22T16:28:00+00:00,2024-08-01,,"{""source"": ""simulation""}"
acct_002053,acct_002053_owner,first_invoice_created,2024-08-29T16:28:00+00:00,2024-08-01,,"{""source"": ""simulation""}"
acct_002053,acct_002053_owner,first_payment_received,2024-09-05T16:28:00+00:00,2024-09-01,,"{""source"": ""simulation""}"
acct_002053,acct_002053_owner,app_integration_connected,2024-09-18T16:28:00+00:00,2024-09-01,,"{""source"": ""simulation""}"
acct_002053,acct_002053_owner,feature_activated,2024-09-26T16:28:00+00:00,2024-09-01,bank_feed_sync,"{""source"": ""simulation""}"
acct_002054,acct_002054_owner,signup,2024-02-18T09:22:00+00:00,2024-02-01,,"{""source"": ""simulation""}"
acct_002054,acct_002054_owner,first_invoice_created,2024-02-23T09:22:00+00:00,2024-02-01,,"{""source"": ""simulation""}"
acct_002054,acct_002054_owner,first_payment_received,2024-02-25T09:22:00+00:00,2024-02-01,,"{""source"": ""simulation""}"
acct_002054,acct_002054_owner,app_integration_connected,2024-03-14T09:22:00+00:00,2024-03-01,,"{""source"": ""simulation""}"
acct_002054,acct_002054_owner,feature_activated,2024-04-05T09:22:00+00:00,2024-04-01,bank_feed_sync,"{""source"": ""simulation""}"
acct_002055,acct_002055_owner,signup,2024-03-13T16:27:00+00:00,2024-03-01,,"{""source"": ""simulation""}"
acct_002055,acct_002055_owner,first_invoice_created,2024-03-23T16:27:00+00:00,2024-03-01,,"{""source"": ""simulation""}"
acct_002055,acct_002055_owner,first_payment_received,2024-03-31T16:27:00+00:00,2024-03-01,,"{""source"": ""simulation""}"
acct_002055,acct_002055_owner,app_integration_connected,2024-04-02T16:27:00+00:00,2024-04-01,,"{""source"": ""simulation""}"
acct_002056,acct_002056_owner,signup,2024-08-09T13:06:00+00:00,2024-08-01,,"{""source"": ""simulation""}"
acct_002056,acct_002056_owner,first_invoice_created,2024-08-11T13:06:00+00:00,2024-08-01,,"{""source"": ""simulation""}"
acct_002056,acct_002056_owner,first_payment_received,2024-08-15T13:06:00+00:00,2024-08-01,,"{""source"": ""simulation""}"
acct_002056,acct_002056_owner,app_integration_connected,2024-08-29T13:06:00+00:00,2024-08-01,,"{""source"": ""simulation""}"
acct_002056,acct_002056_owner,feature_activated,2024-09-06T13:06:00+00:00,2024-09-01,bank_feed_sync,"{""source"": ""simulation""}"
acct_002057,acct_002057_owner,signup,2024-07-07T12:12:00+00:00,2024-07-01,,"{""source"": ""simulation""}"
acct_002058,acct_002058_owner,signup,2024-05-17T17:31:00+00:00,2024-05-01,,"{""source"": ""simulation""}"
acct_002058,acct_002058_owner,first_invoice_created,2024-05-25T17:31:00+00:00,2024-05-01,,"{""source"": ""simulation""}"
acct_002058,acct_002058_owner,first_payment_received,2024-05-25T17:31:00+00:00,2024-05-01,,"{""source"": ""simulation""}"
acct_002059,acct_002059_owner,signup,2024-01-21T11:07:00+00:00,2024-01-01,,"{""source"": ""simulation""}"
acct_002059,acct_002059_owner,first_invoice_created,2024-01-31T11:07:00+00:00,2024-01-01,,"{""source"": ""simulation""}"
acct_002059,acct_002059_owner,first_payment_received,2024-02-01T11:07:00+00:00,2024-02-01,,"{""source"": ""simulation""}"
acct_002059,acct_002059_owner,app_integration_connected,2024-02-06T11:07:00+00:00,2024-02-01,,"{""source"": ""simulation""}"
acct_002059,acct_002059_owner,feature_activated,2024-02-20T11:07:00+00:00,2024-02-01,bank_feed_sync,"{""source"": ""simulation""}"
acct_002060,acct_002060_owner,signup,2024-01-02T17:17:00+00:00,2024-01-01,,"{""source"": ""simulation""}"
acct_002061,acct_002061_owner,signup,2024-09-04T12:14:00+00:00,2024-09-01,,"{""source"": ""simulation""}"
acct_002061,acct_002061_owner,first_invoice_created,2024-09-14T12:14:00+00:00,2024-09-01,,"{""source"": ""simulation""}"
acct_002061,acct_002061_owner,first_payment_received,2024-09-19T12:14:00+00:00,2024-09-01,,"{""source"": ""simulation""}"
acct_002062,acct_002062_owner,signup,2024-07-04T11:46:00+00:00,2024-07-01,,"{""source"": ""simulation""}"
acct_002062,acct_002062_owner,first_invoice_created,2024-07-10T11:46:00+00:00,2024-07-01,,"{""source"": ""simulation""}"
acct_002062,acct_002062_owner,first_payment_received,2024-07-17T11:46:00+00:00,2024-07-01,,"{""source"": ""simulation""}"
acct_002063,acct_002063_owner,signup,2024-04-06T20:13:00+00:00,2024-04-01,,"{""source"": ""simulation""}"
acct_002064,acct_002064_owner,signup,2024-05-24T08:06:00+00:00,2024-05-01,,"{""source"": ""simulation""}"
acct_002064,acct_002064_owner,first_invoice_created,2024-05-30T08:06:00+00:00,2024-05-01,,"{""source"": ""simulation""}"
acct_002064,acct_002064_owner,first_payment_received,2024-05-31T08:06:00+00:00,2024-05-01,,"{""source"": ""simulation""}"
acct_002065,acct_002065_owner,signup,2024-05-23T11:10:00+00:00,2024-05-01,,"{""source"": ""simulation""}"
acct_002065,acct_002065_owner,first_invoice_created,2024-05-25T11:10:00+00:00,2024-05-01,,"{""source"": ""simulation""}"
acct_002065,acct_002065_owner,first_payment_received,2024-05-25T11:10:00+00:00,2024-05-01,,"{""source"": ""simulation""}"
acct_002065,acct_002065_owner,app_integration_connected,2024-06-12T11:10:00+00:00,2024-06-01,,"{""source"": ""simulation""}"
acct_002065,acct_002065_owner,plan_upgrade,2024-09-05T11:10:00+00:00,2024-09-01,,"{""source"": ""simulation""}"
acct_002066,acct_002066_owner,signup,2024-03-06T13:57:00+00:00,2024-03-01,,"{""source"": ""simulation""}"
acct_002066,acct_002066_owner,first_invoice_created,2024-03-13T13:57:00+00:00,2024-03-01,,"{""source"": ""simulation""}"
acct_002066,acct_002066_owner,first_payment_received,2024-03-14T13:57:00+00:00,2024-03-01,,"{""source"": ""simulation""}"
acct_002067,acct_002067_owner,signup,2024-01-22T15:27:00+00:00,2024-01-01,,"{""source"": ""simulation""}"
acct_002068,acct_002068_owner,signup,2024-03-09T09:10:00+00:00,2024-03-01,,"{""source"": ""simulation""}"
acct_002068,acct_002068_owner,first_invoice_created,2024-03-13T09:10:00+00:00,2024-03-01,,"{""source"": ""simulation""}"
acct_002068,acct_002068_owner,first_payment_received,2024-03-13T09:10:00+00:00,2024-03-01,,"{""source"": ""simulation""}"
acct_002068,acct_002068_owner,app_integration_connected,2024-03-23T09:10:00+00:00,2024-03-01,,"{""source"": ""simulation""}"
acct_002068,acct_002068_owner,plan_upgrade,2024-05-20T09:10:00+00:00,2024-05-01,,"{""source"": ""simulation""}"
acct_002069,acct_002069_owner,signup,2024-08-19T08:31:00+00:00,2024-08-01,,"{""source"": ""simulation""}"
acct_002070,acct_002070_owner,signup,2024-02-02T08:36:00+00:00,2024-02-01,,"{""source"": ""simulation""}"
acct_002071,acct_002071_owner,signup,2024-09-17T10:48:00+00:00,2024-09-01,,"{""source"": ""simulation""}"
acct_002071,acct_002071_owner,first_invoice_created,2024-09-25T10:48:00+00:00,2024-09-01,,"{""source"": ""simulation""}"
acct_002071,acct_002071_owner,first_payment_received,2024-10-03T10:48:00+00:00,2024-10-01,,"{""source"": ""simulation""}"
acct_002071,acct_002071_owner,app_integration_connected,2024-10-13T10:48:00+00:00,2024-10-01,,"{""source"": ""simulation""}"
acct_002071,acct_002071_owner,feature_activated,2024-11-01T10:48:00+00:00,2024-11-01,bank_feed_sync,"{""source"": ""simulation""}"
acct_002071,acct_002071_owner,plan_upgrade,2024-12-13T10:48:00+00:00,2024-12-01,,"{""source"": ""simulation""}"
acct_002072,acct_002072_owner,signup,2024-02-10T20:47:00+00:00,2024-02-01,,"{""source"": ""simulation""}"
acct_002072,acct_002072_owner,first_invoice_created,2024-02-19T20:47:00+00:00,2024-02-01,,"{""source"": ""simulation""}"
acct_002072,acct_002072_owner,first_payment_received,2024-02-20T20:47:00+00:00,2024-02-01,,"{""source"": ""simulation""}"
acct_002072,acct_002072_owner,app_integration_connected,2024-03-03T20:47:00+00:00,2024-03-01,,"{""source"": ""simulation""}"
acct_002073,acct_002073_owner,signup,2024-08-24T13:34:00+00:00,2024-08-01,,"{""source"": ""simulation""}"
acct_002073,acct_002073_owner,first_invoice_created,2024-09-01T13:34:00+00:00,2024-09-01,,"{""source"": ""simulation""}"
acct_002073,acct_002073_owner,first_payment_received,2024-09-05T13:34:00+00:00,2024-09-01,,"{""source"": ""simulation""}"
acct_002073,acct_002073_owner,app_integration_connected,2024-09-06T13:34:00+00:00,2024-09-01,,"{""source"": ""simulation""}"
acct_002074,acct_002074_owner,signup,2024-05-12T15:00:00+00:00,2024-05-01,,"{""source"": ""simulation""}"
acct_002074,acct_002074_owner,first_invoice_created,2024-05-14T15:00:00+00:00,2024-05-01,,"{""source"": ""simulation""}"
acct_002074,acct_002074_owner,first_payment_received,2024-05-19T15:00:00+00:00,2024-05-01,,"{""source"": ""simulation""}"
acct_002074,acct_002074_owner,app_integration_connected,2024-05-28T15:00:00+00:00,2024-05-01,,"{""source"": ""simulation""}"
acct_002075,acct_002075_owner,signup,2024-06-17T20:42:00+00:00,2024-06-01,,"{""source"": ""simulation""}"
acct_002075,acct_002075_owner,first_invoice_created,2024-06-21T20:42:00+00:00,2024-06-01,,"{""source"": ""simulation""}"
acct_002075,acct_002075_owner,first_payment_received,2024-06-29T20:42:00+00:00,2024-06-01,,"{""source"": ""simulation""}"
acct_002075,acct_002075_owner,app_integration_connected,2024-07-12T20:42:00+00:00,2024-07-01,,"{""source"": ""simulation""}"
acct_002075,acct_002075_owner,feature_activated,2024-07-25T20:42:00+00:00,2024-07-01,bank_feed_sync,"{""source"": ""simulation""}"
acct_002076,acct_002076_owner,signup,2024-05-22T16:46:00+00:00,2024-05-01,,"{""source"": ""simulation""}"
acct_002076,acct_002076_owner,first_invoice_created,2024-05-24T16:46:00+00:00,2024-05-01,,"{""source"": ""simulation""}"
acct_002076,acct_002076_owner,first_payment_received,2024-05-31T16:46:00+00:00,2024-05-01,,"{""source"": ""simulation""}"
acct_002077,acct_002077_owner,signup,2024-07-08T18:09:00+00:00,2024-07-01,,"{""source"": ""simulation""}"
acct_002078,acct_002078_owner,signup,2024-01-08T17:47:00+00:00,2024-01-01,,"{""source"": ""simulation""}"
acct_002079,acct_002079_owner,signup,2024-04-24T09:12:00+00:00,2024-04-01,,"{""source"": ""simulation""}"
acct_002080,acct_002080_owner,signup,2024-05-21T18:34:00+00:00,2024-05-01,,"{""source"": ""simulation""}"
acct_002081,acct_002081_owner,signup,2024-05-22T13:56:00+00:00,2024-05-01,,"{""source"": ""simulation""}"
acct_002081,acct_002081_owner,first_invoice_created,2024-05-31T13:56:00+00:00,2024-05-01,,"{""source"": ""simulation""}"
acct_002082,acct_002082_owner,signup,2024-07-09T12:12:00+00:00,2024-07-01,,"{""source"": ""simulation""}"
acct_002082,acct_002082_owner,first_invoice_created,2024-07-13T12:12:00+00:00,2024-07-01,,"{""source"": ""simulation""}"
acct_002082,acct_002082_owner,first_payment_received,2024-07-15T12:12:00+00:00,2024-07-01,,"{""source"": ""simulation""}"
acct_002082,acct_002082_owner,app_integration_connected,2024-08-01T12:12:00+00:00,2024-08-01,,"{""source"": ""simulation""}"
acct_002082,acct_002082_owner,plan_upgrade,2024-08-27T12:12:00+00:00,2024-08-01,,"{""source"": ""simulation""}"
acct_002083,acct_002083_owner,signup,2024-02-14T20:29:00+00:00,2024-02-01,,"{""source"": ""simulation""}"
acct_002083,acct_002083_owner,first_invoice_created,2024-02-18T20:29:00+00:00,2024-02-01,,"{""source"": ""simulation""}"
acct_002084,acct_002084_owner,signup,2024-02-01T15:59:00+00:00,2024-02-01,,"{""source"": ""simulation""}"
acct_002084,acct_002084_owner,first_invoice_created,2024-02-02T15:59:00+00:00,2024-02-01,,"{""source"": ""simulation""}"
acct_002084,acct_002084_owner,first_payment_received,2024-02-08T15:59:00+00:00,2024-02-01,,"{""source"": ""simulation""}"
acct_002084,acct_002084_owner,app_integration_connected,2024-02-10T15:59:00+00:00,2024-02-01,,"{""source"": ""simulation""}"
acct_002084,acct_002084_owner,feature_activated,2024-02-20T15:59:00+00:00,2024-02-01,bank_feed_sync,"{""source"": ""simulation""}"
acct_002084,acct_002084_owner,plan_upgrade,2024-03-01T15:59:00+00:00,2024-03-01,,"{""source"": ""simulation""}"
acct_002085,acct_002085_owner,signup,2024-03-17T12:39:00+00:00,2024-03-01,,"{""source"": ""simulation""}"
acct_002085,acct_002085_owner,first_invoice_created,2024-03-23T12:39:00+00:00,2024-03-01,,"{""source"": ""simulation""}"
acct_002085,acct_002085_owner,first_payment_received,2024-03-25T12:39:00+00:00,2024-03-01,,"{""source"": ""simulation""}"
acct_002085,acct_002085_owner,app_integration_connected,2024-03-29T12:39:00+00:00,2024-03-01,,"{""source"": ""simulation""}"
acct_002086,acct_002086_owner,signup,2024-08-10T09:51:00+00:00,2024-08-01,,"{""source"": ""simulation""}"
acct_002087,acct_002087_owner,signup,2024-08-02T11:18:00+00:00,2024-08-01,,"{""source"": ""simulation""}"
acct_002087,acct_002087_owner,first_invoice_created,2024-08-10T11:18:00+00:00,2024-08-01,,"{""source"": ""simulation""}"
acct_002087,acct_002087_owner,first_payment_received,2024-08-18T11:18:00+00:00,2024-08-01,,"{""source"": ""simulation""}"
acct_002087,acct_002087_owner,app_integration_connected,2024-09-02T11:18:00+00:00,2024-09-01,,"{""source"": ""simulation""}"
acct_002087,acct_002087_owner,feature_activated,2024-09-13T11:18:00+00:00,2024-09-01,bank_feed_sync,"{""source"": ""simulation""}"
acct_002087,acct_002087_owner,plan_upgrade,2024-11-15T11:18:00+00:00,2024-11-01,,"{""source"": ""simulation""}"
acct_002088,acct_002088_owner,signup,2024-08-10T08:27:00+00:00,2024-08-01,,"{""source"": ""simulation""}"
acct_002088,acct_002088_owner,first_invoice_created,2024-08-17T08:27:00+00:00,2024-08-01,,"{""source"": ""simulation""}"
acct_002089,acct_002089_owner,signup,2024-01-09T10:22:00+00:00,2024-01-01,,"{""source"": ""simulation""}"
acct_002089,acct_002089_owner,first_invoice_created,2024-01-13T10:22:00+00:00,2024-01-01,,"{""source"": ""simulation""}"
acct_002089,acct_002089_owner,first_payment_received,2024-01-19T10:22:00+00:00,2024-01-01,,"{""source"": ""simulation""}"
acct_002089,acct_002089_owner,app_integration_connected,2024-01-21T10:22:00+00:00,2024-01-01,,"{""source"": ""simulation""}"
acct_002089,acct_002089_owner,feature_activated,2024-02-01T10:22:00+00:00,2024-02-01,bank_feed_sync,"{""source"": ""simulation""}"
acct_002090,acct_002090_owner,signup,2024-02-23T12:09:00+00:00,2024-02-01,,"{""source"": ""simulation""}"
acct_002090,acct_002090_owner,first_invoice_created,2024-03-02T12:09:00+00:00,2024-03-01,,"{""source"": ""simulation""}"
acct_002090,acct_002090_owner,first_payment_received,2024-03-10T12:09:00+00:00,2024-03-01,,"{""source"": ""simulation""}"
acct_002091,acct_002091_owner,signup,2024-02-10T11:02:00+00:00,2024-02-01,,"{""source"": ""simulation""}"
acct_002091,acct_002091_owner,first_invoice_created,2024-02-14T11:02:00+00:00,2024-02-01,,"{""source"": ""simulation""}"
acct_002091,acct_002091_owner,first_payment_received,2024-02-22T11:02:00+00:00,2024-02-01,,"{""source"": ""simulation""}"
acct_002091,acct_002091_owner,app_integration_connected,2024-02-27T11:02:00+00:00,2024-02-01,,"{""source"": ""simulation""}"
acct_002091,acct_002091_owner,feature_activated,2024-03-03T11:02:00+00:00,2024-03-01,bank_feed_sync,"{""source"": ""simulation""}"
acct_002092,acct_002092_owner,signup,2024-04-22T18:24:00+00:00,2024-04-01,,"{""source"": ""simulation""}"
acct_002092,acct_002092_owner,first_invoice_created,2024-04-28T18:24:00+00:00,2024-04-01,,"{""source"": ""simulation""}"
acct_002093,acct_002093_owner,signup,2024-02-09T12:38:00+00:00,2024-02-01,,"{""source"": ""simulation""}"
acct_002094,acct_002094_owner,signup,2024-07-22T13:51:00+00:00,2024-07-01,,"{""source"": ""simulation""}"
acct_002094,acct_002094_owner,first_invoice_created,2024-07-25T13:51:00+00:00,2024-07-01,,"{""source"": ""simulation""}"
acct_002094,acct_002094_owner,first_payment_received,2024-07-28T13:51:00+00:00,2024-07-01,,"{""source"": ""simulation""}"
acct_002094,acct_002094_owner,app_integration_connected,2024-08-13T13:51:00+00:00,2024-08-01,,"{""source"": ""simulation""}"
acct_002095,acct_002095_owner,signup,2024-05-05T14:35:00+00:00,2024-05-01,,"{""source"": ""simulation""}"
acct_002095,acct_002095_owner,first_invoice_created,2024-05-15T14:35:00+00:00,2024-05-01,,"{""source"": ""simulation""}"
acct_002095,acct_002095_owner,first_payment_received,2024-05-19T14:35:00+00:00,2024-05-01,,"{""source"": ""simulation""}"
acct_002095,acct_002095_owner,app_integration_connected,2024-05-28T14:35:00+00:00,2024-05-01,,"{""source"": ""simulation""}"
acct_002095,acct_002095_owner,plan_upgrade,2024-07-09T14:35:00+00:00,2024-07-01,,"{""source"": ""simulation""}"
acct_002096,acct_002096_owner,signup,2024-05-03T12:36:00+00:00,2024-05-01,,"{""source"": ""simulation""}"
acct_002097,acct_002097_owner,signup,2024-07-14T09:08:00+00:00,2024-07-01,,"{""source"": ""simulation""}"
acct_002097,acct_002097_owner,first_invoice_created,2024-07-20T09:08:00+00:00,2024-07-01,,"{""source"": ""simulation""}"
acct_002098,acct_002098_owner,signup,2024-09-22T19:22:00+00:00,2024-09-01,,"{""source"": ""simulation""}"
acct_002098,acct_002098_owner,first_invoice_created,2024-09-29T19:22:00+00:00,2024-09-01,,"{""source"": ""simulation""}"
acct_002098,acct_002098_owner,first_payment_received,2024-10-04T19:22:00+00:00,2024-10-01,,"{""source"": ""simulation""}"
acct_002098,acct_002098_owner,app_integration_connected,2024-10-10T19:22:00+00:00,2024-10-01,,"{""source"": ""simulation""}"
acct_002099,acct_002099_owner,signup,2024-07-15T14:26:00+00:00,2024-07-01,,"{""source"": ""simulation""}"
acct_002099,acct_002099_owner,first_invoice_created,2024-07-20T14:26:00+00:00,2024-07-01,,"{""source"": ""simulation""}"
acct_002099,acct_002099_owner,first_payment_received,2024-07-23T14:26:00+00:00,2024-07-01,,"{""source"": ""simulation""}"
acct_002099,acct_002099_owner,app_integration_connected,2024-08-09T14:26:00+00:00,2024-08-01,,"{""source"": ""simulation""}"
acct_002099,acct_002099_owner,feature_activated,2024-08-14T14:26:00+00:00,2024-08-01,bank_feed_sync,"{""source"": ""simulation""}"
acct_002100,acct_002100_owner,signup,2024-09-01T20:26:00+00:00,2024-09-01,,"{""source"": ""simulation""}"
acct_002100,acct_002100_owner,first_invoice_created,2024-09-07T20:26:00+00:00,2024-09-01,,"{""source"": ""simulation""}"
acct_002101,acct_002101_owner,signup,2024-05-08T17:32:00+00:00,2024-05-01,,"{""source"": ""simulation""}"
acct_002102,acct_002102_owner,signup,2024-09-19T12:03:00+00:00,2024-09-01,,"{""source"": ""simulation""}"
acct_002102,acct_002102_owner,first_invoice_created,2024-09-26T12:03:00+00:00,2024-09-01,,"{""source"": ""simulation""}"
acct_002102,acct_002102_owner,first_payment_received,2024-09-28T12:03:00+00:00,2024-09-01,,"{""source"": ""simulation""}"
acct_002103,acct_002103_owner,signup,2024-07-22T08:29:00+00:00,2024-07-01,,"{""source"": ""simulation""}"
acct_002103,acct_002103_owner,first_invoice_created,2024-08-01T08:29:00+00:00,2024-08-01,,"{""source"": ""simulation""}"
acct_002103,acct_002103_owner,first_payment_received,2024-08-09T08:29:00+00:00,2024-08-01,,"{""source"": ""simulation""}"
acct_002103,acct_002103_owner,app_integration_connected,2024-08-22T08:29:00+00:00,2024-08-01,,"{""source"": ""simulation""}"
acct_002103,acct_002103_owner,feature_activated,2024-09-02T08:29:00+00:00,2024-09-01,bank_feed_sync,"{""source"": ""simulation""}"
acct_002103,acct_002103_owner,plan_upgrade,2024-09-29T08:29:00+00:00,2024-09-01,,"{""source"": ""simulation""}"
acct_002104,acct_002104_owner,signup,2024-02-02T12:53:00+00:00,2024-02-01,,"{""source"": ""simulation""}"
acct_002104,acct_002104_owner,first_invoice_created,2024-02-03T12:53:00+00:00,2024-02-01,,"{""source"": ""simulation""}"
acct_002105,acct_002105_owner,signup,2024-02-10T17:30:00+00:00,2024-02-01,,"{""source"": ""simulation""}"
acct_002105,acct_002105_owner,first_invoice_created,2024-02-16T17:30:00+00:00,2024-02-01,,"{""source"": ""simulation""}"
acct_002105,acct_002105_owner,first_payment_received,2024-02-20T17:30:00+00:00,2024-02-01,,"{""source"": ""simulation""}"
acct_002106,acct_002106_owner,signup,2024-02-24T17:43:00+00:00,2024-02-01,,"{""source"": ""simulation""}"
acct_002107,acct_002107_owner,signup,2024-09-05T16:47:00+00:00,2024-09-01,,"{""source"": ""simulation""}"
acct_002108,acct_002108_owner,signup,2024-04-22T18:54:00+00:00,2024-04-01,,"{""source"": ""simulation""}"
acct_002108,acct_002108_owner,first_invoice_created,2024-04-26T18:54:00+00:00,2024-04-01,,"{""source"": ""simulation""}"
acct_002109,acct_002109_owner,signup,2024-05-24T08:51:00+00:00,2024-05-01,,"{""source"": ""simulation""}"
acct_002109,acct_002109_owner,first_invoice_created,2024-05-31T08:51:00+00:00,2024-05-01,,"{""source"": ""simulation""}"
acct_002109,acct_002109_owner,first_payment_received,2024-06-01T08:51:00+00:00,2024-06-01,,"{""source"": ""simulation""}"
acct_002110,acct_002110_owner,signup,2024-02-03T08:09:00+00:00,2024-02-01,,"{""source"": ""simulation""}"
acct_002110,acct_002110_owner,first_invoice_created,2024-02-08T08:09:00+00:00,2024-02-01,,"{""source"": ""simulation""}"
acct_002110,acct_002110_owner,first_payment_received,2024-02-14T08:09:00+00:00,2024-02-01,,"{""source"": ""simulation""}"
acct_002111,acct_002111_owner,signup,2024-04-07T09:30:00+00:00,2024-04-01,,"{""source"": ""simulation""}"
acct_002111,acct_002111_owner,first_invoice_created,2024-04-12T09:30:00+00:00,2024-04-01,,"{""source"": ""simulation""}"
acct_002111,acct_002111_owner,first_payment_received,2024-04-20T09:30:00+00:00,2024-04-01,,"{""source"": ""simulation""}"
acct_002111,acct_002111_owner,app_integration_connected,2024-04-27T09:30:00+00:00,2024-04-01,,"{""source"": ""simulation""}"
acct_002112,acct_002112_owner,signup,2024-07-02T09:19:00+00:00,2024-07-01,,"{""source"": ""simulation""}"
acct_002112,acct_002112_owner,first_invoice_created,2024-07-12T09:19:00+00:00,2024-07-01,,"{""source"": ""simulation""}"
acct_002112,acct_002112_owner,first_payment_received,2024-07-20T09:19:00+00:00,2024-07-01,,"{""source"": ""simulation""}"
acct_002113,acct_002113_owner,signup,2024-03-08T16:16:00+00:00,2024-03-01,,"{""source"": ""simulation""}"
acct_002114,acct_002114_owner,signup,2024-07-05T18:01:00+00:00,2024-07-01,,"{""source"": ""simulation""}"
acct_002114,acct_002114_owner,first_invoice_created,2024-07-08T18:01:00+00:00,2024-07-01,,"{""source"": ""simulation""}"
acct_002115,acct_002115_owner,signup,2024-04-06T16:47:00+00:00,2024-04-01,,"{""source"": ""simulation""}"
acct_002115,acct_002115_owner,first_invoice_created,2024-04-14T16:47:00+00:00,2024-04-01,,"{""source"": ""simulation""}"
acct_002115,acct_002115_owner,first_payment_received,2024-04-18T16:47:00+00:00,2024-04-01,,"{""source"": ""simulation""}"
acct_002116,acct_002116_owner,signup,2024-08-10T12:42:00+00:00,2024-08-01,,"{""source"": ""simulation""}"
acct_002117,acct_002117_owner,signup,2024-06-22T12:25:00+00:00,2024-06-01,,"{""source"": ""simulation""}"
acct_002117,acct_002117_owner,first_invoice_created,2024-06-29T12:25:00+00:00,2024-06-01,,"{""source"": ""simulation""}"
acct_002117,acct_002117_owner,first_payment_received,2024-06-30T12:25:00+00:00,2024-06-01,,"{""source"": ""simulation""}"
acct_002118,acct_002118_owner,signup,2024-08-14T14:09:00+00:00,2024-08-01,,"{""source"": ""simulation""}"
acct_002118,acct_002118_owner,first_invoice_created,2024-08-20T14:09:00+00:00,2024-08-01,,"{""source"": ""simulation""}"
acct_002118,acct_002118_owner,first_payment_received,2024-08-22T14:09:00+00:00,2024-08-01,,"{""source"": ""simulation""}"
acct_002118,acct_002118_owner,app_integration_connected,2024-09-09T14:09:00+00:00,2024-09-01,,"{""source"": ""simulation""}"
acct_002118,acct_002118_owner,feature_activated,2024-09-14T14:09:00+00:00,2024-09-01,bank_feed_sync,"{""source"": ""simulation""}"
acct_002118,acct_002118_owner,plan_upgrade,2024-09-25T14:09:00+00:00,2024-09-01,,"{""source"": ""simulation""}"
acct_002119,acct_002119_owner,signup,2024-08-04T17:24:00+00:00,2024-08-01,,"{""source"": ""simulation""}"
acct_002119,acct_002119_owner,first_invoice_created,2024-08-07T17:24:00+00:00,2024-08-01,,"{""source"": ""simulation""}"
acct_002119,acct_002119_owner,first_payment_received,2024-08-13T17:24:00+00:00,2024-08-01,,"{""source"": ""simulation""}"
acct_002119,acct_002119_owner,app_integration_connected,2024-08-26T17:24:00+00:00,2024-08-01,,"{""source"": ""simulation""}"
acct_002120,acct_002120_owner,signup,2024-01-21T18:57:00+00:00,2024-01-01,,"{""source"": ""simulation""}"
acct_002120,acct_002120_owner,first_invoice_created,2024-01-27T18:57:00+00:00,2024-01-01,,"{""source"": ""simulation""}"
acct_002121,acct_002121_owner,signup,2024-06-05T15:56:00+00:00,2024-06-01,,"{""source"": ""simulation""}"
acct_002121,acct_002121_owner,first_invoice_created,2024-06-10T15:56:00+00:00,2024-06-01,,"{""source"": ""simulation""}"
acct_002121,acct_002121_owner,first_payment_received,2024-06-11T15:56:00+00:00,2024-06-01,,"{""source"": ""simulation""}"
acct_002121,acct_002121_owner,app_integration_connected,2024-06-24T15:56:00+00:00,2024-06-01,,"{""source"": ""simulation""}"
acct_002122,acct_002122_owner,signup,2024-01-06T13:32:00+00:00,2024-01-01,,"{""source"": ""simulation""}"
acct_002123,acct_002123_owner,signup,2024-09-13T16:04:00+00:00,2024-09-01,,"{""source"": ""simulation""}"
acct_002123,acct_002123_owner,first_invoice_created,2024-09-21T16:04:00+00:00,2024-09-01,,"{""source"": ""simulation""}"
acct_002123,acct_002123_owner,first_payment_received,2024-09-25T16:04:00+00:00,2024-09-01,,"{""source"": ""simulation""}"
acct_002123,acct_002123_owner,app_integration_connected,2024-10-08T16:04:00+00:00,2024-10-01,,"{""source"": ""simulation""}"
acct_002123,acct_002123_owner,plan_upgrade,2024-10-24T16:04:00+00:00,2024-10-01,,"{""source"": ""simulation""}"
acct_002124,acct_002124_owner,signup,2024-06-21T19:36:00+00:00,2024-06-01,,"{""source"": ""simulation""}"
acct_002124,acct_002124_owner,first_invoice_created,2024-06-29T19:36:00+00:00,2024-06-01,,"{""source"": ""simulation""}"
acct_002124,acct_002124_owner,first_payment_received,2024-07-03T19:36:00+00:00,2024-07-01,,"{""source"": ""simulation""}"
acct_002125,acct_002125_owner,signup,2024-03-09T20:48:00+00:00,2024-03-01,,"{""source"": ""simulation""}"
acct_002125,acct_002125_owner,first_invoice_created,2024-03-12T20:48:00+00:00,2024-03-01,,"{""source"": ""simulation""}"
acct_002125,acct_002125_owner,first_payment_received,2024-03-13T20:48:00+00:00,2024-03-01,,"{""source"": ""simulation""}"
acct_002126,acct_002126_owner,signup,2024-02-21T15:24:00+00:00,2024-02-01,,"{""source"": ""simulation""}"
acct_002126,acct_002126_owner,first_invoice_created,2024-02-28T15:24:00+00:00,2024-02-01,,"{""source"": ""simulation""}"
acct_002126,acct_002126_owner,first_payment_received,2024-03-02T15:24:00+00:00,2024-03-01,,"{""source"": ""simulation""}"
acct_002126,acct_002126_owner,app_integration_connected,2024-03-06T15:24:00+00:00,2024-03-01,,"{""source"": ""simulation""}"
acct_002126,acct_002126_owner,feature_activated,2024-03-14T15:24:00+00:00,2024-03-01,bank_feed_sync,"{""source"": ""simulation""}"
acct_002127,acct_002127_owner,signup,2024-09-25T18:33:00+00:00,2024-09-01,,"{""source"": ""simulation""}"
acct_002127,acct_002127_owner,first_invoice_created,2024-09-29T18:33:00+00:00,2024-09-01,,"{""source"": ""simulation""}"
acct_002127,acct_002127_owner,first_payment_received,2024-09-30T18:33:00+00:00,2024-09-01,,"{""source"": ""simulation""}"
acct_002127,acct_002127_owner,app_integration_connected,2024-10-17T18:33:00+00:00,2024-10-01,,"{""source"": ""simulation""}"
acct_002127,acct_002127_owner,plan_upgrade,2024-11-14T18:33:00+00:00,2024-11-01,,"{""source"": ""simulation""}"
acct_002128,acct_002128_owner,signup,2024-06-19T17:22:00+00:00,2024-06-01,,"{""source"": ""simulation""}"
acct_002128,acct_002128_owner,first_invoice_created,2024-06-20T17:22:00+00:00,2024-06-01,,"{""source"": ""simulation""}"
acct_002128,acct_002128_owner,first_payment_received,2024-06-24T17:22:00+00:00,2024-06-01,,"{""source"": ""simulation""}"
acct_002128,acct_002128_owner,app_integration_connected,2024-07-07T17:22:00+00:00,2024-07-01,,"{""source"": ""simulation""}"
acct_002128,acct_002128_owner,plan_upgrade,2024-09-15T17:22:00+00:00,2024-09-01,,"{""source"": ""simulation""}"
acct_002129,acct_002129_owner,signup,2024-01-01T19:10:00+00:00,2024-01-01,,"{""source"": ""simulation""}"
acct_002130,acct_002130_owner,signup,2024-02-16T18:30:00+00:00,2024-02-01,,"{""source"": ""simulation""}"
acct_002130,acct_002130_owner,first_invoice_created,2024-02-24T18:30:00+00:00,2024-02-01,,"{""source"": ""simulation""}"
acct_002131,acct_002131_owner,signup,2024-04-04T10:46:00+00:00,2024-04-01,,"{""source"": ""simulation""}"
acct_002132,acct_002132_owner,signup,2024-02-02T17:16:00+00:00,2024-02-01,,"{""source"": ""simulation""}"
acct_002133,acct_002133_owner,signup,2024-02-15T20:23:00+00:00,2024-02-01,,"{""source"": ""simulation""}"
acct_002134,acct_002134_owner,signup,2024-06-04T19:28:00+00:00,2024-06-01,,"{""source"": ""simulation""}"
acct_002134,acct_002134_owner,first_invoice_created,2024-06-06T19:28:00+00:00,2024-06-01,,"{""source"": ""simulation""}"
acct_002134,acct_002134_owner,first_payment_received,2024-06-12T19:28:00+00:00,2024-06-01,,"{""source"": ""simulation""}"
acct_002134,acct_002134_owner,app_integration_connected,2024-06-25T19:28:00+00:00,2024-06-01,,"{""source"": ""simulation""}"
acct_002134,acct_002134_owner,feature_activated,2024-07-08T19:28:00+00:00,2024-07-01,bank_feed_sync,"{""source"": ""simulation""}"
acct_002135,acct_002135_owner,signup,2024-09-07T11:16:00+00:00,2024-09-01,,"{""source"": ""simulation""}"
acct_002135,acct_002135_owner,first_invoice_created,2024-09-14T11:16:00+00:00,2024-09-01,,"{""source"": ""simulation""}"
acct_002135,acct_002135_owner,first_payment_received,2024-09-14T11:16:00+00:00,2024-09-01,,"{""source"": ""simulation""}"
acct_002136,acct_002136_owner,signup,2024-05-08T11:47:00+00:00,2024-05-01,,"{""source"": ""simulation""}"
acct_002136,acct_002136_owner,first_invoice_created,2024-05-13T11:47:00+00:00,2024-05-01,,"{""source"": ""simulation""}"
acct_002136,acct_002136_owner,first_payment_received,2024-05-19T11:47:00+00:00,2024-05-01,,"{""source"": ""simulation""}"
acct_002136,acct_002136_owner,app_integration_connected,2024-06-01T11:47:00+00:00,2024-06-01,,"{""source"": ""simulation""}"
acct_002136,acct_002136_owner,feature_activated,2024-06-24T11:47:00+00:00,2024-06-01,bank_feed_sync,"{""source"": ""simulation""}"
acct_002137,acct_002137_owner,signup,2024-09-07T09:37:00+00:00,2024-09-01,,"{""source"": ""simulation""}"
acct_002137,acct_002137_owner,first_invoice_created,2024-09-13T09:37:00+00:00,2024-09-01,,"{""source"": ""simulation""}"
acct_002137,acct_002137_owner,first_payment_received,2024-09-20T09:37:00+00:00,2024-09-01,,"{""source"": ""simulation""}"
acct_002137,acct_002137_owner,app_integration_connected,2024-10-02T09:37:00+00:00,2024-10-01,,"{""source"": ""simulation""}"
acct_002138,acct_002138_owner,signup,2024-04-02T20:08:00+00:00,2024-04-01,,"{""source"": ""simulation""}"
acct_002139,acct_002139_owner,signup,2024-07-19T16:55:00+00:00,2024-07-01,,"{""source"": ""simulation""}"
acct_002139,acct_002139_owner,first_invoice_created,2024-07-21T16:55:00+00:00,2024-07-01,,"{""source"": ""simulation""}"
acct_002139,acct_002139_owner,first_payment_received,2024-07-21T16:55:00+00:00,2024-07-01,,"{""source"": ""simulation""}"
acct_002140,acct_002140_owner,signup,2024-03-22T19:58:00+00:00,2024-03-01,,"{""source"": ""simulation""}"
acct_002140,acct_002140_owner,first_invoice_created,2024-03-23T19:58:00+00:00,2024-03-01,,"{""source"": ""simulation""}"
acct_002140,acct_002140_owner,first_payment_received,2024-03-28T19:58:00+00:00,2024-03-01,,"{""source"": ""simulation""}"
acct_002140,acct_002140_owner,app_integration_connected,2024-04-02T19:58:00+00:00,2024-04-01,,"{""source"": ""simulation""}"
acct_002141,acct_002141_owner,signup,2024-04-19T15:32:00+00:00,2024-04-01,,"{""source"": ""simulation""}"
acct_002142,acct_002142_owner,signup,2024-09-05T20:04:00+00:00,2024-09-01,,"{""source"": ""simulation""}"
acct_002143,acct_002143_owner,signup,2024-07-03T17:05:00+00:00,2024-07-01,,"{""source"": ""simulation""}"
acct_002143,acct_002143_owner,first_invoice_created,2024-07-04T17:05:00+00:00,2024-07-01,,"{""source"": ""simulation""}"
acct_002143,acct_002143_owner,first_payment_received,2024-07-08T17:05:00+00:00,2024-07-01,,"{""source"": ""simulation""}"
acct_002143,acct_002143_owner,app_integration_connected,2024-07-18T17:05:00+00:00,2024-07-01,,"{""source"": ""simulation""}"
acct_002143,acct_002143_owner,feature_activated,2024-08-14T17:05:00+00:00,2024-08-01,bank_feed_sync,"{""source"": ""simulation""}"
acct_002143,acct_002143_owner,plan_upgrade,2024-10-12T17:05:00+00:00,2024-10-01,,"{""source"": ""simulation""}"
acct_002144,acct_002144_owner,signup,2024-02-04T15:14:00+00:00,2024-02-01,,"{""source"": ""simulation""}"
acct_002145,acct_002145_owner,signup,2024-01-08T12:59:00+00:00,2024-01-01,,"{""source"": ""simulation""}"
acct_002145,acct_002145_owner,first_invoice_created,2024-01-14T12:59:00+00:00,2024-01-01,,"{""source"": ""simulation""}"
acct_002145,acct_002145_owner,first_payment_received,2024-01-21T12:59:00+00:00,2024-01-01,,"{""source"": ""simulation""}"
acct_002145,acct_002145_owner,app_integration_connected,2024-01-31T12:59:00+00:00,2024-01-01,,"{""source"": ""simulation""}"
acct_002146,acct_002146_owner,signup,2024-06-03T10:18:00+00:00,2024-06-01,,"{""source"": ""simulation""}"
acct_002146,acct_002146_owner,first_invoice_created,2024-06-12T10:18:00+00:00,2024-06-01,,"{""source"": ""simulation""}"
acct_002146,acct_002146_owner,first_payment_received,2024-06-13T10:18:00+00:00,2024-06-01,,"{""source"": ""simulation""}"
acct_002146,acct_002146_owner,app_integration_connected,2024-06-15T10:18:00+00:00,2024-06-01,,"{""source"": ""simulation""}"
acct_002147,acct_002147_owner,signup,2024-09-20T16:19:00+00:00,2024-09-01,,"{""source"": ""simulation""}"
acct_002148,acct_002148_owner,signup,2024-09-23T09:37:00+00:00,2024-09-01,,"{""source"": ""simulation""}"
acct_002148,acct_002148_owner,first_invoice_created,2024-10-01T09:37:00+00:00,2024-10-01,,"{""source"": ""simulation""}"
acct_002148,acct_002148_owner,first_payment_received,2024-10-01T09:37:00+00:00,2024-10-01,,"{""source"": ""simulation""}"
acct_002149,acct_002149_owner,signup,2024-01-02T13:26:00+00:00,2024-01-01,,"{""source"": ""simulation""}"
acct_002149,acct_002149_owner,first_invoice_created,2024-01-06T13:26:00+00:00,2024-01-01,,"{""source"": ""simulation""}"
acct_002149,acct_002149_owner,first_payment_received,2024-01-13T13:26:00+00:00,2024-01-01,,"{""source"": ""simulation""}"
acct_002149,acct_002149_owner,app_integration_connected,2024-01-22T13:26:00+00:00,2024-01-01,,"{""source"": ""simulation""}"
acct_002149,acct_002149_owner,plan_upgrade,2024-02-28T13:26:00+00:00,2024-02-01,,"{""source"": ""simulation""}"
acct_002150,acct_002150_owner,signup,2024-06-25T08:08:00+00:00,2024-06-01,,"{""source"": ""simulation""}"
acct_002150,acct_002150_owner,first_invoice_created,2024-07-02T08:08:00+00:00,2024-07-01,,"{""source"": ""simulation""}"
acct_002150,acct_002150_owner,first_payment_received,2024-07-06T08:08:00+00:00,2024-07-01,,"{""source"": ""simulation""}"
acct_002151,acct_002151_owner,signup,2024-01-08T15:04:00+00:00,2024-01-01,,"{""source"": ""simulation""}"
acct_002151,acct_002151_owner,first_invoice_created,2024-01-13T15:04:00+00:00,2024-01-01,,"{""source"": ""simulation""}"
acct_002151,acct_002151_owner,first_payment_received,2024-01-19T15:04:00+00:00,2024-01-01,,"{""source"": ""simulation""}"
acct_002151,acct_002151_owner,app_integration_connected,2024-01-25T15:04:00+00:00,2024-01-01,,"{""source"": ""simulation""}"
acct_002152,acct_002152_owner,signup,2024-02-14T17:47:00+00:00,2024-02-01,,"{""source"": ""simulation""}"
acct_002152,acct_002152_owner,first_invoice_created,2024-02-17T17:47:00+00:00,2024-02-01,,"{""source"": ""simulation""}"
acct_002152,acct_002152_owner,first_payment_received,2024-02-20T17:47:00+00:00,2024-02-01,,"{""source"": ""simulation""}"
acct_002152,acct_002152_owner,app_integration_connected,2024-02-24T17:47:00+00:00,2024-02-01,,"{""source"": ""simulation""}"
acct_002152,acct_002152_owner,feature_activated,2024-03-06T17:47:00+00:00,2024-03-01,bank_feed_sync,"{""source"": ""simulation""}"
acct_002153,acct_002153_owner,signup,2024-03-09T19:02:00+00:00,2024-03-01,,"{""source"": ""simulation""}"
acct_002154,acct_002154_owner,signup,2024-08-17T11:41:00+00:00,2024-08-01,,"{""source"": ""simulation""}"
acct_002155,acct_002155_owner,signup,2024-08-10T20:54:00+00:00,2024-08-01,,"{""source"": ""simulation""}"
acct_002155,acct_002155_owner,first_invoice_created,2024-08-12T20:54:00+00:00,2024-08-01,,"{""source"": ""simulation""}"
acct_002155,acct_002155_owner,first_payment_received,2024-08-14T20:54:00+00:00,2024-08-01,,"{""source"": ""simulation""}"
acct_002155,acct_002155_owner,app_integration_connected,2024-08-22T20:54:00+00:00,2024-08-01,,"{""source"": ""simulation""}"
acct_002155,acct_002155_owner,feature_activated,2024-09-12T20:54:00+00:00,2024-09-01,bank_feed_sync,"{""source"": ""simulation""}"
acct_002156,acct_002156_owner,signup,2024-01-01T20:50:00+00:00,2024-01-01,,"{""source"": ""simulation""}"
acct_002156,acct_002156_owner,first_invoice_created,2024-01-10T20:50:00+00:00,2024-01-01,,"{""source"": ""simulation""}"
acct_002156,acct_002156_owner,first_payment_received,2024-01-14T20:50:00+00:00,2024-01-01,,"{""source"": ""simulation""}"
acct_002157,acct_002157_owner,signup,2024-01-18T15:03:00+00:00,2024-01-01,,"{""source"": ""simulation""}"
acct_002158,acct_002158_owner,signup,2024-03-14T19:27:00+00:00,2024-03-01,,"{""source"": ""simulation""}"
acct_002158,acct_002158_owner,first_invoice_created,2024-03-23T19:27:00+00:00,2024-03-01,,"{""source"": ""simulation""}"
acct_002158,acct_002158_owner,first_payment_received,2024-03-25T19:27:00+00:00,2024-03-01,,"{""source"": ""simulation""}"
acct_002158,acct_002158_owner,app_integration_connected,2024-03-31T19:27:00+00:00,2024-03-01,,"{""source"": ""simulation""}"
acct_002158,acct_002158_owner,feature_activated,2024-04-17T19:27:00+00:00,2024-04-01,bank_feed_sync,"{""source"": ""simulation""}"
acct_002158,acct_002158_owner,plan_upgrade,2024-06-15T19:27:00+00:00,2024-06-01,,"{""source"": ""simulation""}"
acct_002159,acct_002159_owner,signup,2024-08-04T17:57:00+00:00,2024-08-01,,"{""source"": ""simulation""}"
acct_002159,acct_002159_owner,first_invoice_created,2024-08-14T17:57:00+00:00,2024-08-01,,"{""source"": ""simulation""}"
acct_002160,acct_002160_owner,signup,2024-04-11T14:58:00+00:00,2024-04-01,,"{""source"": ""simulation""}"
acct_002160,acct_002160_owner,first_invoice_created,2024-04-17T14:58:00+00:00,2024-04-01,,"{""source"": ""simulation""}"
acct_002161,acct_002161_owner,signup,2024-04-03T17:00:00+00:00,2024-04-01,,"{""source"": ""simulation""}"
acct_002162,acct_002162_owner,signup,2024-09-19T08:51:00+00:00,2024-09-01,,"{""source"": ""simulation""}"
acct_002162,acct_002162_owner,first_invoice_created,2024-09-21T08:51:00+00:00,2024-09-01,,"{""source"": ""simulation""}"
acct_002162,acct_002162_owner,first_payment_received,2024-09-27T08:51:00+00:00,2024-09-01,,"{""source"": ""simulation""}"
acct_002162,acct_002162_owner,app_integration_connected,2024-10-02T08:51:00+00:00,2024-10-01,,"{""source"": ""simulation""}"
acct_002162,acct_002162_owner,feature_activated,2024-10-31T08:51:00+00:00,2024-10-01,bank_feed_sync,"{""source"": ""simulation""}"
acct_002163,acct_002163_owner,signup,2024-01-03T08:08:00+00:00,2024-01-01,,"{""source"": ""simulation""}"
acct_002163,acct_002163_owner,first_invoice_created,2024-01-13T08:08:00+00:00,2024-01-01,,"{""source"": ""simulation""}"
acct_002163,acct_002163_owner,first_payment_received,2024-01-13T08:08:00+00:00,2024-01-01,,"{""source"": ""simulation""}"
acct_002163,acct_002163_owner,app_integration_connected,2024-01-31T08:08:00+00:00,2024-01-01,,"{""source"": ""simulation""}"
acct_002164,acct_002164_owner,signup,2024-05-02T13:22:00+00:00,2024-05-01,,"{""source"": ""simulation""}"
acct_002164,acct_002164_owner,first_invoice_created,2024-05-05T13:22:00+00:00,2024-05-01,,"{""source"": ""simulation""}"
acct_002164,acct_002164_owner,first_payment_received,2024-05-07T13:22:00+00:00,2024-05-01,,"{""source"": ""simulation""}"
acct_002165,acct_002165_owner,signup,2024-03-20T14:30:00+00:00,2024-03-01,,"{""source"": ""simulation""}"
acct_002165,acct_002165_owner,first_invoice_created,2024-03-26T14:30:00+00:00,2024-03-01,,"{""source"": ""simulation""}"
acct_002165,acct_002165_owner,first_payment_received,2024-04-02T14:30:00+00:00,2024-04-01,,"{""source"": ""simulation""}"
acct_002165,acct_002165_owner,app_integration_connected,2024-04-21T14:30:00+00:00,2024-04-01,,"{""source"": ""simulation""}"
acct_002165,acct_002165_owner,feature_activated,2024-04-30T14:30:00+00:00,2024-04-01,bank_feed_sync,"{""source"": ""simulation""}"
acct_002165,acct_002165_owner,plan_upgrade,2024-06-22T14:30:00+00:00,2024-06-01,,"{""source"": ""simulation""}"
acct_002166,acct_002166_owner,signup,2024-02-09T16:13:00+00:00,2024-02-01,,"{""source"": ""simulation""}"
acct_002166,acct_002166_owner,first_invoice_created,2024-02-17T16:13:00+00:00,2024-02-01,,"{""source"": ""simulation""}"
acct_002166,acct_002166_owner,first_payment_received,2024-02-20T16:13:00+00:00,2024-02-01,,"{""source"": ""simulation""}"
acct_002166,acct_002166_owner,app_integration_connected,2024-03-11T16:13:00+00:00,2024-03-01,,"{""source"": ""simulation""}"
acct_002166,acct_002166_owner,feature_activated,2024-03-14T16:13:00+00:00,2024-03-01,bank_feed_sync,"{""source"": ""simulation""}"
acct_002167,acct_002167_owner,signup,2024-04-15T19:19:00+00:00,2024-04-01,,"{""source"": ""simulation""}"
acct_002167,acct_002167_owner,first_invoice_created,2024-04-21T19:19:00+00:00,2024-04-01,,"{""source"": ""simulation""}"
acct_002167,acct_002167_owner,first_payment_received,2024-04-24T19:19:00+00:00,2024-04-01,,"{""source"": ""simulation""}"
acct_002167,acct_002167_owner,app_integration_connected,2024-04-26T19:19:00+00:00,2024-04-01,,"{""source"": ""simulation""}"
acct_002167,acct_002167_owner,feature_activated,2024-05-03T19:19:00+00:00,2024-05-01,bank_feed_sync,"{""source"": ""simulation""}"
acct_002167,acct_002167_owner,plan_upgrade,2024-07-05T19:19:00+00:00,2024-07-01,,"{""source"": ""simulation""}"
acct_002168,acct_002168_owner,signup,2024-04-17T12:20:00+00:00,2024-04-01,,"{""source"": ""simulation""}"
acct_002168,acct_002168_owner,first_invoice_created,2024-04-23T12:20:00+00:00,2024-04-01,,"{""source"": ""simulation""}"
acct_002168,acct_002168_owner,first_payment_received,2024-04-27T12:20:00+00:00,2024-04-01,,"{""source"": ""simulation""}"
acct_002169,acct_002169_owner,signup,2024-06-14T19:39:00+00:00,2024-06-01,,"{""source"": ""simulation""}"
acct_002169,acct_002169_owner,first_invoice_created,2024-06-24T19:39:00+00:00,2024-06-01,,"{""source"": ""simulation""}"
acct_002170,acct_002170_owner,signup,2024-02-07T10:53:00+00:00,2024-02-01,,"{""source"": ""simulation""}"
acct_002170,acct_002170_owner,first_invoice_created,2024-02-14T10:53:00+00:00,2024-02-01,,"{""source"": ""simulation""}"
acct_002170,acct_002170_owner,first_payment_received,2024-02-20T10:53:00+00:00,2024-02-01,,"{""source"": ""simulation""}"
acct_002171,acct_002171_owner,signup,2024-09-07T09:23:00+00:00,2024-09-01,,"{""source"": ""simulation""}"
acct_002171,acct_002171_owner,first_invoice_created,2024-09-11T09:23:00+00:00,2024-09-01,,"{""source"": ""simulation""}"
acct_002171,acct_002171_owner,first_payment_received,2024-09-16T09:23:00+00:00,2024-09-01,,"{""source"": ""simulation""}"
acct_002171,acct_002171_owner,app_integration_connected,2024-09-28T09:23:00+00:00,2024-09-01,,"{""source"": ""simulation""}"
acct_002171,acct_002171_owner,feature_activated,2024-10-20T09:23:00+00:00,2024-10-01,bank_feed_sync,"{""source"": ""simulation""}"
acct_002172,acct_002172_owner,signup,2024-04-23T15:41:00+00:00,2024-04-01,,"{""source"": ""simulation""}"
acct_002172,acct_002172_owner,first_invoice_created,2024-05-02T15:41:00+00:00,2024-05-01,,"{""source"": ""simulation""}"
acct_002172,acct_002172_owner,first_payment_received,2024-05-05T15:41:00+00:00,2024-05-01,,"{""source"": ""simulation""}"
acct_002172,acct_002172_owner,app_integration_connected,2024-05-25T15:41:00+00:00,2024-05-01,,"{""source"": ""simulation""}"
acct_002172,acct_002172_owner,feature_activated,2024-06-09T15:41:00+00:00,2024-06-01,bank_feed_sync,"{""source"": ""simulation""}"
acct_002172,acct_002172_owner,plan_upgrade,2024-06-13T15:41:00+00:00,2024-06-01,,"{""source"": ""simulation""}"
acct_002173,acct_002173_owner,signup,2024-01-16T08:17:00+00:00,2024-01-01,,"{""source"": ""simulation""}"
acct_002174,acct_002174_owner,signup,2024-05-03T08:17:00+00:00,2024-05-01,,"{""source"": ""simulation""}"
acct_002174,acct_002174_owner,first_invoice_created,2024-05-13T08:17:00+00:00,2024-05-01,,"{""source"": ""simulation""}"
acct_002174,acct_002174_owner,first_payment_received,2024-05-13T08:17:00+00:00,2024-05-01,,"{""source"": ""simulation""}"
acct_002174,acct_002174_owner,app_integration_connected,2024-05-19T08:17:00+00:00,2024-05-01,,"{""source"": ""simulation""}"
acct_002174,acct_002174_owner,feature_activated,2024-05-28T08:17:00+00:00,2024-05-01,bank_feed_sync,"{""source"": ""simulation""}"
acct_002175,acct_002175_owner,signup,2024-01-13T14:28:00+00:00,2024-01-01,,"{""source"": ""simulation""}"
acct_002175,acct_002175_owner,first_invoice_created,2024-01-18T14:28:00+00:00,2024-01-01,,"{""source"": ""simulation""}"
acct_002175,acct_002175_owner,first_payment_received,2024-01-26T14:28:00+00:00,2024-01-01,,"{""source"": ""simulation""}"
acct_002175,acct_002175_owner,app_integration_connected,2024-01-28T14:28:00+00:00,2024-01-01,,"{""source"": ""simulation""}"
acct_002176,acct_002176_owner,signup,2024-04-13T10:42:00+00:00,2024-04-01,,"{""source"": ""simulation""}"
acct_002176,acct_002176_owner,first_invoice_created,2024-04-21T10:42:00+00:00,2024-04-01,,"{""source"": ""simulation""}"
acct_002177,acct_002177_owner,signup,2024-05-02T16:48:00+00:00,2024-05-01,,"{""source"": ""simulation""}"
acct_002177,acct_002177_owner,first_invoice_created,2024-05-06T16:48:00+00:00,2024-05-01,,"{""source"": ""simulation""}"
acct_002177,acct_002177_owner,first_payment_received,2024-05-07T16:48:00+00:00,2024-05-01,,"{""source"": ""simulation""}"
acct_002178,acct_002178_owner,signup,2024-06-09T20:48:00+00:00,2024-06-01,,"{""source"": ""simulation""}"
acct_002178,acct_002178_owner,first_invoice_created,2024-06-13T20:48:00+00:00,2024-06-01,,"{""source"": ""simulation""}"
acct_002178,acct_002178_owner,first_payment_received,2024-06-13T20:48:00+00:00,2024-06-01,,"{""source"": ""simulation""}"
acct_002179,acct_002179_owner,signup,2024-06-24T17:27:00+00:00,2024-06-01,,"{""source"": ""simulation""}"
acct_002179,acct_002179_owner,first_invoice_created,2024-06-29T17:27:00+00:00,2024-06-01,,"{""source"": ""simulation""}"
acct_002179,acct_002179_owner,first_payment_received,2024-07-06T17:27:00+00:00,2024-07-01,,"{""source"": ""simulation""}"
acct_002179,acct_002179_owner,app_integration_connected,2024-07-18T17:27:00+00:00,2024-07-01,,"{""source"": ""simulation""}"
acct_002179,acct_002179_owner,feature_activated,2024-07-26T17:27:00+00:00,2024-07-01,bank_feed_sync,"{""source"": ""simulation""}"
acct_002179,acct_002179_owner,plan_upgrade,2024-10-13T17:27:00+00:00,2024-10-01,,"{""source"": ""simulation""}"
acct_002180,acct_002180_owner,signup,2024-02-18T14:46:00+00:00,2024-02-01,,"{""source"": ""simulation""}"
acct_002180,acct_002180_owner,first_invoice_created,2024-02-28T14:46:00+00:00,2024-02-01,,"{""source"": ""simulation""}"
acct_002181,acct_002181_owner,signup,2024-07-19T19:36:00+00:00,2024-07-01,,"{""source"": ""simulation""}"
acct_002181,acct_002181_owner,first_invoice_created,2024-07-22T19:36:00+00:00,2024-07-01,,"{""source"": ""simulation""}"
acct_002181,acct_002181_owner,first_payment_received,2024-07-24T19:36:00+00:00,2024-07-01,,"{""source"": ""simulation""}"
acct_002181,acct_002181_owner,app_integration_connected,2024-08-03T19:36:00+00:00,2024-08-01,,"{""source"": ""simulation""}"
acct_002181,acct_002181_owner,feature_activated,2024-08-19T19:36:00+00:00,2024-08-01,bank_feed_sync,"{""source"": ""simulation""}"
acct_002182,acct_002182_owner,signup,2024-07-15T19:59:00+00:00,2024-07-01,,"{""source"": ""simulation""}"
acct_002182,acct_002182_owner,first_invoice_created,2024-07-22T19:59:00+00:00,2024-07-01,,"{""source"": ""simulation""}"
acct_002183,acct_002183_owner,signup,2024-01-09T20:43:00+00:00,2024-01-01,,"{""source"": ""simulation""}"
acct_002183,acct_002183_owner,first_invoice_created,2024-01-18T20:43:00+00:00,2024-01-01,,"{""source"": ""simulation""}"
acct_002183,acct_002183_owner,first_payment_received,2024-01-20T20:43:00+00:00,2024-01-01,,"{""source"": ""simulation""}"
acct_002183,acct_002183_owner,app_integration_connected,2024-02-09T20:43:00+00:00,2024-02-01,,"{""source"": ""simulation""}"
acct_002183,acct_002183_owner,plan_upgrade,2024-03-04T20:43:00+00:00,2024-03-01,,"{""source"": ""simulation""}"
acct_002183,acct_002183_owner,feature_activated,2024-03-06T20:43:00+00:00,2024-03-01,bank_feed_sync,"{""source"": ""simulation""}"
acct_002184,acct_002184_owner,signup,2024-04-25T16:18:00+00:00,2024-04-01,,"{""source"": ""simulation""}"
acct_002184,acct_002184_owner,first_invoice_created,2024-04-30T16:18:00+00:00,2024-04-01,,"{""source"": ""simulation""}"
acct_002185,acct_002185_owner,signup,2024-01-20T12:23:00+00:00,2024-01-01,,"{""source"": ""simulation""}"
acct_002186,acct_002186_owner,signup,2024-01-04T12:36:00+00:00,2024-01-01,,"{""source"": ""simulation""}"
acct_002187,acct_002187_owner,signup,2024-03-15T15:01:00+00:00,2024-03-01,,"{""source"": ""simulation""}"
acct_002187,acct_002187_owner,first_invoice_created,2024-03-25T15:01:00+00:00,2024-03-01,,"{""source"": ""simulation""}"
acct_002187,acct_002187_owner,first_payment_received,2024-03-28T15:01:00+00:00,2024-03-01,,"{""source"": ""simulation""}"
acct_002188,acct_002188_owner,signup,2024-08-02T13:30:00+00:00,2024-08-01,,"{""source"": ""simulation""}"
acct_002188,acct_002188_owner,first_invoice_created,2024-08-07T13:30:00+00:00,2024-08-01,,"{""source"": ""simulation""}"
acct_002188,acct_002188_owner,first_payment_received,2024-08-07T13:30:00+00:00,2024-08-01,,"{""source"": ""simulation""}"
acct_002188,acct_002188_owner,app_integration_connected,2024-08-23T13:30:00+00:00,2024-08-01,,"{""source"": ""simulation""}"
acct_002188,acct_002188_owner,feature_activated,2024-09-05T13:30:00+00:00,2024-09-01,bank_feed_sync,"{""source"": ""simulation""}"
acct_002189,acct_002189_owner,signup,2024-01-19T09:17:00+00:00,2024-01-01,,"{""source"": ""simulation""}"
acct_002189,acct_002189_owner,first_invoice_created,2024-01-26T09:17:00+00:00,2024-01-01,,"{""source"": ""simulation""}"
acct_002189,acct_002189_owner,first_payment_received,2024-01-28T09:17:00+00:00,2024-01-01,,"{""source"": ""simulation""}"
acct_002189,acct_002189_owner,app_integration_connected,2024-02-06T09:17:00+00:00,2024-02-01,,"{""source"": ""simulation""}"
acct_002189,acct_002189_owner,feature_activated,2024-02-14T09:17:00+00:00,2024-02-01,bank_feed_sync,"{""source"": ""simulation""}"
acct_002189,acct_002189_owner,plan_upgrade,2024-03-16T09:17:00+00:00,2024-03-01,,"{""source"": ""simulation""}"
acct_002190,acct_002190_owner,signup,2024-08-06T12:49:00+00:00,2024-08-01,,"{""source"": ""simulation""}"
acct_002190,acct_002190_owner,first_invoice_created,2024-08-08T12:49:00+00:00,2024-08-01,,"{""source"": ""simulation""}"
acct_002190,acct_002190_owner,first_payment_received,2024-08-14T12:49:00+00:00,2024-08-01,,"{""source"": ""simulation""}"
acct_002190,acct_002190_owner,app_integration_connected,2024-08-25T12:49:00+00:00,2024-08-01,,"{""source"": ""simulation""}"
acct_002190,acct_002190_owner,plan_upgrade,2024-10-26T12:49:00+00:00,2024-10-01,,"{""source"": ""simulation""}"
acct_002191,acct_002191_owner,signup,2024-08-05T11:40:00+00:00,2024-08-01,,"{""source"": ""simulation""}"
acct_002191,acct_002191_owner,first_invoice_created,2024-08-08T11:40:00+00:00,2024-08-01,,"{""source"": ""simulation""}"
acct_002191,acct_002191_owner,first_payment_received,2024-08-08T11:40:00+00:00,2024-08-01,,"{""source"": ""simulation""}"
acct_002191,acct_002191_owner,app_integration_connected,2024-08-22T11:40:00+00:00,2024-08-01,,"{""source"": ""simulation""}"
acct_002191,acct_002191_owner,plan_upgrade,2024-10-31T11:40:00+00:00,2024-10-01,,"{""source"": ""simulation""}"
acct_002192,acct_002192_owner,signup,2024-01-08T09:41:00+00:00,2024-01-01,,"{""source"": ""simulation""}"
acct_002193,acct_002193_owner,signup,2024-09-15T17:20:00+00:00,2024-09-01,,"{""source"": ""simulation""}"
acct_002193,acct_002193_owner,first_invoice_created,2024-09-18T17:20:00+00:00,2024-09-01,,"{""source"": ""simulation""}"
acct_002194,acct_002194_owner,signup,2024-01-23T12:16:00+00:00,2024-01-01,,"{""source"": ""simulation""}"
acct_002194,acct_002194_owner,first_invoice_created,2024-01-27T12:16:00+00:00,2024-01-01,,"{""source"": ""simulation""}"
acct_002194,acct_002194_owner,first_payment_received,2024-02-02T12:16:00+00:00,2024-02-01,,"{""source"": ""simulation""}"
acct_002194,acct_002194_owner,app_integration_connected,2024-02-16T12:16:00+00:00,2024-02-01,,"{""source"": ""simulation""}"
acct_002195,acct_002195_owner,signup,2024-09-23T08:38:00+00:00,2024-09-01,,"{""source"": ""simulation""}"
acct_002195,acct_002195_owner,first_invoice_created,2024-09-28T08:38:00+00:00,2024-09-01,,"{""source"": ""simulation""}"
acct_002195,acct_002195_owner,first_payment_received,2024-10-06T08:38:00+00:00,2024-10-01,,"{""source"": ""simulation""}"
acct_002195,acct_002195_owner,app_integration_connected,2024-10-09T08:38:00+00:00,2024-10-01,,"{""source"": ""simulation""}"
acct_002195,acct_002195_owner,feature_activated,2024-10-26T08:38:00+00:00,2024-10-01,bank_feed_sync,"{""source"": ""simulation""}"
acct_002196,acct_002196_owner,signup,2024-02-03T16:28:00+00:00,2024-02-01,,"{""source"": ""simulation""}"
acct_002196,acct_002196_owner,first_invoice_created,2024-02-08T16:28:00+00:00,2024-02-01,,"{""source"": ""simulation""}"
acct_002196,acct_002196_owner,first_payment_received,2024-02-16T16:28:00+00:00,2024-02-01,,"{""source"": ""simulation""}"
acct_002196,acct_002196_owner,app_integration_connected,2024-02-18T16:28:00+00:00,2024-02-01,,"{""source"": ""simulation""}"
acct_002196,acct_002196_owner,feature_activated,2024-03-16T16:28:00+00:00,2024-03-01,bank_feed_sync,"{""source"": ""simulation""}"
acct_002197,acct_002197_owner,signup,2024-04-07T13:36:00+00:00,2024-04-01,,"{""source"": ""simulation""}"
acct_002197,acct_002197_owner,first_invoice_created,2024-04-16T13:36:00+00:00,2024-04-01,,"{""source"": ""simulation""}"
acct_002197,acct_002197_owner,first_payment_received,2024-04-23T13:36:00+00:00,2024-04-01,,"{""source"": ""simulation""}"
acct_002197,acct_002197_owner,app_integration_connected,2024-05-08T13:36:00+00:00,2024-05-01,,"{""source"": ""simulation""}"
acct_002197,acct_002197_owner,feature_activated,2024-06-05T13:36:00+00:00,2024-06-01,bank_feed_sync,"{""source"": ""simulation""}"
acct_002198,acct_002198_owner,signup,2024-02-21T14:56:00+00:00,2024-02-01,,"{""source"": ""simulation""}"
acct_002198,acct_002198_owner,first_invoice_created,2024-03-02T14:56:00+00:00,2024-03-01,,"{""source"": ""simulation""}"
acct_002198,acct_002198_owner,first_payment_received,2024-03-02T14:56:00+00:00,2024-03-01,,"{""source"": ""simulation""}"
acct_002199,acct_002199_owner,signup,2024-01-11T17:50:00+00:00,2024-01-01,,"{""source"": ""simulation""}"
acct_002199,acct_002199_owner,first_invoice_created,2024-01-12T17:50:00+00:00,2024-01-01,,"{""source"": ""simulation""}"
acct_002199,acct_002199_owner,first_payment_received,2024-01-20T17:50:00+00:00,2024-01-01,,"{""source"": ""simulation""}"
acct_002199,acct_002199_owner,app_integration_connected,2024-01-25T17:50:00+00:00,2024-01-01,,"{""source"": ""simulation""}"
acct_002199,acct_002199_owner,feature_activated,2024-02-16T17:50:00+00:00,2024-02-01,bank_feed_sync,"{""source"": ""simulation""}"
acct_002199,acct_002199_owner,plan_upgrade,2024-02-16T17:50:00+00:00,2024-02-01,,"{""source"": ""simulation""}"
acct_002200,acct_002200_owner,signup,2024-07-21T13:30:00+00:00,2024-07-01,,"{""source"": ""simulation""}"
acct_002200,acct_002200_owner,first_invoice_created,2024-07-23T13:30:00+00:00,2024-07-01,,"{""source"": ""simulation""}"
acct_002200,acct_002200_owner,first_payment_received,2024-07-23T13:30:00+00:00,2024-07-01,,"{""source"": ""simulation""}"
acct_002201,acct_002201_owner,signup,2024-03-12T08:18:00+00:00,2024-03-01,,"{""source"": ""simulation""}"
acct_002201,acct_002201_owner,first_invoice_created,2024-03-18T08:18:00+00:00,2024-03-01,,"{""source"": ""simulation""}"
acct_002201,acct_002201_owner,first_payment_received,2024-03-20T08:18:00+00:00,2024-03-01,,"{""source"": ""simulation""}"
acct_002202,acct_002202_owner,signup,2024-02-20T11:51:00+00:00,2024-02-01,,"{""source"": ""simulation""}"
acct_002202,acct_002202_owner,first_invoice_created,2024-02-21T11:51:00+00:00,2024-02-01,,"{""source"": ""simulation""}"
acct_002203,acct_002203_owner,signup,2024-04-13T17:02:00+00:00,2024-04-01,,"{""source"": ""simulation""}"
acct_002203,acct_002203_owner,first_invoice_created,2024-04-20T17:02:00+00:00,2024-04-01,,"{""source"": ""simulation""}"
acct_002203,acct_002203_owner,first_payment_received,2024-04-21T17:02:00+00:00,2024-04-01,,"{""source"": ""simulation""}"
acct_002204,acct_002204_owner,signup,2024-02-03T11:36:00+00:00,2024-02-01,,"{""source"": ""simulation""}"
acct_002205,acct_002205_owner,signup,2024-09-02T17:30:00+00:00,2024-09-01,,"{""source"": ""simulation""}"
acct_002205,acct_002205_owner,first_invoice_created,2024-09-09T17:30:00+00:00,2024-09-01,,"{""source"": ""simulation""}"
acct_002205,acct_002205_owner,first_payment_received,2024-09-12T17:30:00+00:00,2024-09-01,,"{""source"": ""simulation""}"
acct_002205,acct_002205_owner,app_integration_connected,2024-09-29T17:30:00+00:00,2024-09-01,,"{""source"": ""simulation""}"
acct_002205,acct_002205_owner,feature_activated,2024-10-02T17:30:00+00:00,2024-10-01,bank_feed_sync,"{""source"": ""simulation""}"
acct_002206,acct_002206_owner,signup,2024-05-07T17:18:00+00:00,2024-05-01,,"{""source"": ""simulation""}"
acct_002207,acct_002207_owner,signup,2024-04-25T13:14:00+00:00,2024-04-01,,"{""source"": ""simulation""}"
acct_002207,acct_002207_owner,first_invoice_created,2024-04-28T13:14:00+00:00,2024-04-01,,"{""source"": ""simulation""}"
acct_002207,acct_002207_owner,first_payment_received,2024-05-05T13:14:00+00:00,2024-05-01,,"{""source"": ""simulation""}"
acct_002207,acct_002207_owner,app_integration_connected,2024-05-09T13:14:00+00:00,2024-05-01,,"{""source"": ""simulation""}"
acct_002208,acct_002208_owner,signup,2024-02-23T11:28:00+00:00,2024-02-01,,"{""source"": ""simulation""}"
acct_002208,acct_002208_owner,first_invoice_created,2024-02-26T11:28:00+00:00,2024-02-01,,"{""source"": ""simulation""}"
acct_002208,acct_002208_owner,first_payment_received,2024-03-04T11:28:00+00:00,2024-03-01,,"{""source"": ""simulation""}"
acct_002208,acct_002208_owner,app_integration_connected,2024-03-18T11:28:00+00:00,2024-03-01,,"{""source"": ""simulation""}"
acct_002208,acct_002208_owner,plan_upgrade,2024-04-03T11:28:00+00:00,2024-04-01,,"{""source"": ""simulation""}"
acct_002209,acct_002209_owner,signup,2024-02-12T16:32:00+00:00,2024-02-01,,"{""source"": ""simulation""}"
acct_002209,acct_002209_owner,first_invoice_created,2024-02-13T16:32:00+00:00,2024-02-01,,"{""source"": ""simulation""}"
acct_002209,acct_002209_owner,first_payment_received,2024-02-13T16:32:00+00:00,2024-02-01,,"{""source"": ""simulation""}"
acct_002210,acct_002210_owner,signup,2024-08-20T11:28:00+00:00,2024-08-01,,"{""source"": ""simulation""}"
acct_002210,acct_002210_owner,first_invoice_created,2024-08-28T11:28:00+00:00,2024-08-01,,"{""source"": ""simulation""}"
acct_002210,acct_002210_owner,first_payment_received,2024-08-28T11:28:00+00:00,2024-08-01,,"{""source"": ""simulation""}"
acct_002210,acct_002210_owner,app_integration_connected,2024-09-04T11:28:00+00:00,2024-09-01,,"{""source"": ""simulation""}"
acct_002211,acct_002211_owner,signup,2024-03-18T11:49:00+00:00,2024-03-01,,"{""source"": ""simulation""}"
acct_002211,acct_002211_owner,first_invoice_created,2024-03-21T11:49:00+00:00,2024-03-01,,"{""source"": ""simulation""}"
acct_002211,acct_002211_owner,first_payment_received,2024-03-22T11:49:00+00:00,2024-03-01,,"{""source"": ""simulation""}"
acct_002211,acct_002211_owner,app_integration_connected,2024-04-02T11:49:00+00:00,2024-04-01,,"{""source"": ""simulation""}"
acct_002212,acct_002212_owner,signup,2024-05-10T13:20:00+00:00,2024-05-01,,"{""source"": ""simulation""}"
acct_002212,acct_002212_owner,first_invoice_created,2024-05-20T13:20:00+00:00,2024-05-01,,"{""source"": ""simulation""}"
acct_002212,acct_002212_owner,first_payment_received,2024-05-26T13:20:00+00:00,2024-05-01,,"{""source"": ""simulation""}"
acct_002212,acct_002212_owner,app_integration_connected,2024-06-09T13:20:00+00:00,2024-06-01,,"{""source"": ""simulation""}"
acct_002212,acct_002212_owner,feature_activated,2024-06-27T13:20:00+00:00,2024-06-01,bank_feed_sync,"{""source"": ""simulation""}"
acct_002212,acct_002212_owner,plan_upgrade,2024-07-02T13:20:00+00:00,2024-07-01,,"{""source"": ""simulation""}"
acct_002213,acct_002213_owner,signup,2024-07-14T16:09:00+00:00,2024-07-01,,"{""source"": ""simulation""}"
acct_002213,acct_002213_owner,first_invoice_created,2024-07-18T16:09:00+00:00,2024-07-01,,"{""source"": ""simulation""}"
acct_002213,acct_002213_owner,first_payment_received,2024-07-18T16:09:00+00:00,2024-07-01,,"{""source"": ""simulation""}"
acct_002214,acct_002214_owner,signup,2024-03-15T08:10:00+00:00,2024-03-01,,"{""source"": ""simulation""}"
acct_002214,acct_002214_owner,first_invoice_created,2024-03-16T08:10:00+00:00,2024-03-01,,"{""source"": ""simulation""}"
acct_002214,acct_002214_owner,first_payment_received,2024-03-18T08:10:00+00:00,2024-03-01,,"{""source"": ""simulation""}"
acct_002214,acct_002214_owner,app_integration_connected,2024-03-24T08:10:00+00:00,2024-03-01,,"{""source"": ""simulation""}"
acct_002214,acct_002214_owner,feature_activated,2024-03-25T08:10:00+00:00,2024-03-01,bank_feed_sync,"{""source"": ""simulation""}"
acct_002215,acct_002215_owner,signup,2024-05-25T16:45:00+00:00,2024-05-01,,"{""source"": ""simulation""}"
acct_002215,acct_002215_owner,first_invoice_created,2024-06-01T16:45:00+00:00,2024-06-01,,"{""source"": ""simulation""}"
acct_002215,acct_002215_owner,first_payment_received,2024-06-03T16:45:00+00:00,2024-06-01,,"{""source"": ""simulation""}"
acct_002215,acct_002215_owner,app_integration_connected,2024-06-06T16:45:00+00:00,2024-06-01,,"{""source"": ""simulation""}"
acct_002215,acct_002215_owner,feature_activated,2024-07-04T16:45:00+00:00,2024-07-01,bank_feed_sync,"{""source"": ""simulation""}"
acct_002216,acct_002216_owner,signup,2024-03-02T14:01:00+00:00,2024-03-01,,"{""source"": ""simulation""}"
acct_002216,acct_002216_owner,first_invoice_created,2024-03-06T14:01:00+00:00,2024-03-01,,"{""source"": ""simulation""}"
acct_002216,acct_002216_owner,first_payment_received,2024-03-06T14:01:00+00:00,2024-03-01,,"{""source"": ""simulation""}"
acct_002217,acct_002217_owner,signup,2024-03-17T16:58:00+00:00,2024-03-01,,"{""source"": ""simulation""}"
acct_002217,acct_002217_owner,first_invoice_created,2024-03-25T16:58:00+00:00,2024-03-01,,"{""source"": ""simulation""}"
acct_002217,acct_002217_owner,first_payment_received,2024-03-31T16:58:00+00:00,2024-03-01,,"{""source"": ""simulation""}"
acct_002218,acct_002218_owner,signup,2024-06-05T14:44:00+00:00,2024-06-01,,"{""source"": ""simulation""}"
acct_002218,acct_002218_owner,first_invoice_created,2024-06-12T14:44:00+00:00,2024-06-01,,"{""source"": ""simulation""}"
acct_002218,acct_002218_owner,first_payment_received,2024-06-17T14:44:00+00:00,2024-06-01,,"{""source"": ""simulation""}"
acct_002218,acct_002218_owner,app_integration_connected,2024-07-07T14:44:00+00:00,2024-07-01,,"{""source"": ""simulation""}"
acct_002219,acct_002219_owner,signup,2024-02-11T13:37:00+00:00,2024-02-01,,"{""source"": ""simulation""}"
acct_002219,acct_002219_owner,first_invoice_created,2024-02-15T13:37:00+00:00,2024-02-01,,"{""source"": ""simulation""}"
acct_002219,acct_002219_owner,first_payment_received,2024-02-15T13:37:00+00:00,2024-02-01,,"{""source"": ""simulation""}"
acct_002219,acct_002219_owner,app_integration_connected,2024-03-05T13:37:00+00:00,2024-03-01,,"{""source"": ""simulation""}"
acct_002219,acct_002219_owner,feature_activated,2024-04-02T13:37:00+00:00,2024-04-01,bank_feed_sync,"{""source"": ""simulation""}"
acct_002220,acct_002220_owner,signup,2024-02-24T13:28:00+00:00,2024-02-01,,"{""source"": ""simulation""}"
acct_002220,acct_002220_owner,first_invoice_created,2024-02-27T13:28:00+00:00,2024-02-01,,"{""source"": ""simulation""}"
acct_002220,acct_002220_owner,first_payment_received,2024-03-04T13:28:00+00:00,2024-03-01,,"{""source"": ""simulation""}"
acct_002221,acct_002221_owner,signup,2024-07-10T20:30:00+00:00,2024-07-01,,"{""source"": ""simulation""}"
acct_002221,acct_002221_owner,first_invoice_created,2024-07-15T20:30:00+00:00,2024-07-01,,"{""source"": ""simulation""}"
acct_002221,acct_002221_owner,first_payment_received,2024-07-18T20:30:00+00:00,2024-07-01,,"{""source"": ""simulation""}"
acct_002222,acct_002222_owner,signup,2024-09-03T10:57:00+00:00,2024-09-01,,"{""source"": ""simulation""}"
acct_002222,acct_002222_owner,first_invoice_created,2024-09-12T10:57:00+00:00,2024-09-01,,"{""source"": ""simulation""}"
acct_002222,acct_002222_owner,first_payment_received,2024-09-15T10:57:00+00:00,2024-09-01,,"{""source"": ""simulation""}"
acct_002222,acct_002222_owner,app_integration_connected,2024-09-25T10:57:00+00:00,2024-09-01,,"{""source"": ""simulation""}"
acct_002222,acct_002222_owner,plan_upgrade,2024-11-06T10:57:00+00:00,2024-11-01,,"{""source"": ""simulation""}"
acct_002223,acct_002223_owner,signup,2024-08-13T13:28:00+00:00,2024-08-01,,"{""source"": ""simulation""}"
acct_002223,acct_002223_owner,first_invoice_created,2024-08-19T13:28:00+00:00,2024-08-01,,"{""source"": ""simulation""}"
acct_002223,acct_002223_owner,first_payment_received,2024-08-23T13:28:00+00:00,2024-08-01,,"{""source"": ""simulation""}"
acct_002224,acct_002224_owner,signup,2024-02-08T12:31:00+00:00,2024-02-01,,"{""source"": ""simulation""}"
acct_002224,acct_002224_owner,first_invoice_created,2024-02-14T12:31:00+00:00,2024-02-01,,"{""source"": ""simulation""}"
acct_002224,acct_002224_owner,first_payment_received,2024-02-20T12:31:00+00:00,2024-02-01,,"{""source"": ""simulation""}"
acct_002225,acct_002225_owner,signup,2024-09-17T17:32:00+00:00,2024-09-01,,"{""source"": ""simulation""}"
acct_002225,acct_002225_owner,first_invoice_created,2024-09-24T17:32:00+00:00,2024-09-01,,"{""source"": ""simulation""}"
acct_002225,acct_002225_owner,first_payment_received,2024-09-26T17:32:00+00:00,2024-09-01,,"{""source"": ""simulation""}"
acct_002225,acct_002225_owner,app_integration_connected,2024-10-03T17:32:00+00:00,2024-10-01,,"{""source"": ""simulation""}"
acct_002226,acct_002226_owner,signup,2024-06-13T13:48:00+00:00,2024-06-01,,"{""source"": ""simulation""}"
acct_002227,acct_002227_owner,signup,2024-01-24T19:13:00+00:00,2024-01-01,,"{""source"": ""simulation""}"
acct_002227,acct_002227_owner,first_invoice_created,2024-02-02T19:13:00+00:00,2024-02-01,,"{""source"": ""simulation""}"
acct_002227,acct_002227_owner,first_payment_received,2024-02-05T19:13:00+00:00,2024-02-01,,"{""source"": ""simulation""}"
acct_002228,acct_002228_owner,signup,2024-06-04T13:18:00+00:00,2024-06-01,,"{""source"": ""simulation""}"
acct_002228,acct_002228_owner,first_invoice_created,2024-06-07T13:18:00+00:00,2024-06-01,,"{""source"": ""simulation""}"
acct_002228,acct_002228_owner,first_payment_received,2024-06-07T13:18:00+00:00,2024-06-01,,"{""source"": ""simulation""}"
acct_002229,acct_002229_owner,signup,2024-05-09T15:28:00+00:00,2024-05-01,,"{""source"": ""simulation""}"
acct_002229,acct_002229_owner,first_invoice_created,2024-05-14T15:28:00+00:00,2024-05-01,,"{""source"": ""simulation""}"
acct_002229,acct_002229_owner,first_payment_received,2024-05-18T15:28:00+00:00,2024-05-01,,"{""source"": ""simulation""}"
acct_002230,acct_002230_owner,signup,2024-05-09T17:48:00+00:00,2024-05-01,,"{""source"": ""simulation""}"
acct_002230,acct_002230_owner,first_invoice_created,2024-05-11T17:48:00+00:00,2024-05-01,,"{""source"": ""simulation""}"
acct_002230,acct_002230_owner,first_payment_received,2024-05-14T17:48:00+00:00,2024-05-01,,"{""source"": ""simulation""}"
acct_002231,acct_002231_owner,signup,2024-05-05T09:13:00+00:00,2024-05-01,,"{""source"": ""simulation""}"
acct_002231,acct_002231_owner,first_invoice_created,2024-05-12T09:13:00+00:00,2024-05-01,,"{""source"": ""simulation""}"
acct_002231,acct_002231_owner,first_payment_received,2024-05-12T09:13:00+00:00,2024-05-01,,"{""source"": ""simulation""}"
acct_002232,acct_002232_owner,signup,2024-01-18T16:51:00+00:00,2024-01-01,,"{""source"": ""simulation""}"
acct_002232,acct_002232_owner,first_invoice_created,2024-01-22T16:51:00+00:00,2024-01-01,,"{""source"": ""simulation""}"
acct_002232,acct_002232_owner,first_payment_received,2024-01-29T16:51:00+00:00,2024-01-01,,"{""source"": ""simulation""}"
acct_002232,acct_002232_owner,app_integration_connected,2024-02-05T16:51:00+00:00,2024-02-01,,"{""source"": ""simulation""}"
acct_002233,acct_002233_owner,signup,2024-08-01T13:13:00+00:00,2024-08-01,,"{""source"": ""simulation""}"
acct_002233,acct_002233_owner,first_invoice_created,2024-08-07T13:13:00+00:00,2024-08-01,,"{""source"": ""simulation""}"
acct_002233,acct_002233_owner,first_payment_received,2024-08-13T13:13:00+00:00,2024-08-01,,"{""source"": ""simulation""}"
acct_002234,acct_002234_owner,signup,2024-08-17T10:53:00+00:00,2024-08-01,,"{""source"": ""simulation""}"
acct_002235,acct_002235_owner,signup,2024-02-23T19:58:00+00:00,2024-02-01,,"{""source"": ""simulation""}"
acct_002236,acct_002236_owner,signup,2024-07-16T12:05:00+00:00,2024-07-01,,"{""source"": ""simulation""}"
acct_002236,acct_002236_owner,first_invoice_created,2024-07-24T12:05:00+00:00,2024-07-01,,"{""source"": ""simulation""}"
acct_002237,acct_002237_owner,signup,2024-02-12T20:05:00+00:00,2024-02-01,,"{""source"": ""simulation""}"
acct_002237,acct_002237_owner,first_invoice_created,2024-02-20T20:05:00+00:00,2024-02-01,,"{""source"": ""simulation""}"
acct_002237,acct_002237_owner,first_payment_received,2024-02-24T20:05:00+00:00,2024-02-01,,"{""source"": ""simulation""}"
acct_002238,acct_002238_owner,signup,2024-06-06T16:21:00+00:00,2024-06-01,,"{""source"": ""simulation""}"
acct_002238,acct_002238_owner,first_invoice_created,2024-06-14T16:21:00+00:00,2024-06-01,,"{""source"": ""simulation""}"
acct_002239,acct_002239_owner,signup,2024-09-22T20:04:00+00:00,2024-09-01,,"{""source"": ""simulation""}"
acct_002240,acct_002240_owner,signup,2024-07-04T19:50:00+00:00,2024-07-01,,"{""source"": ""simulation""}"
acct_002240,acct_002240_owner,first_invoice_created,2024-07-08T19:50:00+00:00,2024-07-01,,"{""source"": ""simulation""}"
acct_002240,acct_002240_owner,first_payment_received,2024-07-15T19:50:00+00:00,2024-07-01,,"{""source"": ""simulation""}"
acct_002240,acct_002240_owner,app_integration_connected,2024-07-24T19:50:00+00:00,2024-07-01,,"{""source"": ""simulation""}"
acct_002240,acct_002240_owner,feature_activated,2024-08-20T19:50:00+00:00,2024-08-01,bank_feed_sync,"{""source"": ""simulation""}"
acct_002241,acct_002241_owner,signup,2024-09-22T18:02:00+00:00,2024-09-01,,"{""source"": ""simulation""}"
acct_002241,acct_002241_owner,first_invoice_created,2024-09-28T18:02:00+00:00,2024-09-01,,"{""source"": ""simulation""}"
acct_002241,acct_002241_owner,first_payment_received,2024-10-02T18:02:00+00:00,2024-10-01,,"{""source"": ""simulation""}"
acct_002242,acct_002242_owner,signup,2024-03-19T14:55:00+00:00,2024-03-01,,"{""source"": ""simulation""}"
acct_002242,acct_002242_owner,first_invoice_created,2024-03-27T14:55:00+00:00,2024-03-01,,"{""source"": ""simulation""}"
acct_002242,acct_002242_owner,first_payment_received,2024-04-03T14:55:00+00:00,2024-04-01,,"{""source"": ""simulation""}"
acct_002243,acct_002243_owner,signup,2024-05-16T10:31:00+00:00,2024-05-01,,"{""source"": ""simulation""}"
acct_002243,acct_002243_owner,first_invoice_created,2024-05-18T10:31:00+00:00,2024-05-01,,"{""source"": ""simulation""}"
acct_002243,acct_002243_owner,first_payment_received,2024-05-18T10:31:00+00:00,2024-05-01,,"{""source"": ""simulation""}"
acct_002244,acct_002244_owner,signup,2024-05-05T11:40:00+00:00,2024-05-01,,"{""source"": ""simulation""}"
acct_002244,acct_002244_owner,first_invoice_created,2024-05-11T11:40:00+00:00,2024-05-01,,"{""source"": ""simulation""}"
acct_002244,acct_002244_owner,first_payment_received,2024-05-12T11:40:00+00:00,2024-05-01,,"{""source"": ""simulation""}"
acct_002244,acct_002244_owner,app_integration_connected,2024-05-22T11:40:00+00:00,2024-05-01,,"{""source"": ""simulation""}"
acct_002244,acct_002244_owner,feature_activated,2024-05-31T11:40:00+00:00,2024-05-01,bank_feed_sync,"{""source"": ""simulation""}"
acct_002245,acct_002245_owner,signup,2024-01-14T09:31:00+00:00,2024-01-01,,"{""source"": ""simulation""}"
acct_002245,acct_002245_owner,first_invoice_created,2024-01-21T09:31:00+00:00,2024-01-01,,"{""source"": ""simulation""}"
acct_002245,acct_002245_owner,first_payment_received,2024-01-28T09:31:00+00:00,2024-01-01,,"{""source"": ""simulation""}"
acct_002245,acct_002245_owner,app_integration_connected,2024-02-15T09:31:00+00:00,2024-02-01,,"{""source"": ""simulation""}"
acct_002245,acct_002245_owner,feature_activated,2024-02-27T09:31:00+00:00,2024-02-01,bank_feed_sync,"{""source"": ""simulation""}"
acct_002246,acct_002246_owner,signup,2024-01-14T19:16:00+00:00,2024-01-01,,"{""source"": ""simulation""}"
acct_002246,acct_002246_owner,first_invoice_created,2024-01-23T19:16:00+00:00,2024-01-01,,"{""source"": ""simulation""}"
acct_002246,acct_002246_owner,first_payment_received,2024-01-26T19:16:00+00:00,2024-01-01,,"{""source"": ""simulation""}"
acct_002247,acct_002247_owner,signup,2024-06-16T16:42:00+00:00,2024-06-01,,"{""source"": ""simulation""}"
acct_002247,acct_002247_owner,first_invoice_created,2024-06-22T16:42:00+00:00,2024-06-01,,"{""source"": ""simulation""}"
acct_002247,acct_002247_owner,first_payment_received,2024-06-22T16:42:00+00:00,2024-06-01,,"{""source"": ""simulation""}"
acct_002248,acct_002248_owner,signup,2024-04-10T18:31:00+00:00,2024-04-01,,"{""source"": ""simulation""}"
acct_002248,acct_002248_owner,first_invoice_created,2024-04-19T18:31:00+00:00,2024-04-01,,"{""source"": ""simulation""}"
acct_002248,acct_002248_owner,first_payment_received,2024-04-22T18:31:00+00:00,2024-04-01,,"{""source"": ""simulation""}"
acct_002248,acct_002248_owner,app_integration_connected,2024-05-10T18:31:00+00:00,2024-05-01,,"{""source"": ""simulation""}"
acct_002248,acct_002248_owner,feature_activated,2024-05-29T18:31:00+00:00,2024-05-01,bank_feed_sync,"{""source"": ""simulation""}"
acct_002248,acct_002248_owner,plan_upgrade,2024-07-14T18:31:00+00:00,2024-07-01,,"{""source"": ""simulation""}"
acct_002249,acct_002249_owner,signup,2024-06-18T15:18:00+00:00,2024-06-01,,"{""source"": ""simulation""}"
acct_002249,acct_002249_owner,first_invoice_created,2024-06-23T15:18:00+00:00,2024-06-01,,"{""source"": ""simulation""}"
acct_002249,acct_002249_owner,first_payment_received,2024-07-01T15:18:00+00:00,2024-07-01,,"{""source"": ""simulation""}"
acct_002249,acct_002249_owner,app_integration_connected,2024-07-08T15:18:00+00:00,2024-07-01,,"{""source"": ""simulation""}"
acct_002249,acct_002249_owner,feature_activated,2024-08-04T15:18:00+00:00,2024-08-01,bank_feed_sync,"{""source"": ""simulation""}"
acct_002249,acct_002249_owner,plan_upgrade,2024-08-09T15:18:00+00:00,2024-08-01,,"{""source"": ""simulation""}"
acct_002250,acct_002250_owner,signup,2024-02-25T20:18:00+00:00,2024-02-01,,"{""source"": ""simulation""}"
acct_002250,acct_002250_owner,first_invoice_created,2024-03-01T20:18:00+00:00,2024-03-01,,"{""source"": ""simulation""}"
acct_002250,acct_002250_owner,first_payment_received,2024-03-02T20:18:00+00:00,2024-03-01,,"{""source"": ""simulation""}"
acct_002250,acct_002250_owner,app_integration_connected,2024-03-16T20:18:00+00:00,2024-03-01,,"{""source"": ""simulation""}"
acct_002250,acct_002250_owner,feature_activated,2024-03-20T20:18:00+00:00,2024-03-01,bank_feed_sync,"{""source"": ""simulation""}"
acct_002251,acct_002251_owner,signup,2024-06-08T18:27:00+00:00,2024-06-01,,"{""source"": ""simulation""}"
acct_002251,acct_002251_owner,first_invoice_created,2024-06-11T18:27:00+00:00,2024-06-01,,"{""source"": ""simulation""}"
acct_002251,acct_002251_owner,first_payment_received,2024-06-14T18:27:00+00:00,2024-06-01,,"{""source"": ""simulation""}"
acct_002251,acct_002251_owner,app_integration_connected,2024-06-19T18:27:00+00:00,2024-06-01,,"{""source"": ""simulation""}"
acct_002251,acct_002251_owner,feature_activated,2024-07-02T18:27:00+00:00,2024-07-01,bank_feed_sync,"{""source"": ""simulation""}"
acct_002252,acct_002252_owner,signup,2024-08-11T18:07:00+00:00,2024-08-01,,"{""source"": ""simulation""}"
acct_002253,acct_002253_owner,signup,2024-03-25T15:53:00+00:00,2024-03-01,,"{""source"": ""simulation""}"
acct_002254,acct_002254_owner,signup,2024-04-01T12:17:00+00:00,2024-04-01,,"{""source"": ""simulation""}"
acct_002255,acct_002255_owner,signup,2024-01-18T20:20:00+00:00,2024-01-01,,"{""source"": ""simulation""}"
acct_002255,acct_002255_owner,first_invoice_created,2024-01-26T20:20:00+00:00,2024-01-01,,"{""source"": ""simulation""}"
acct_002255,acct_002255_owner,first_payment_received,2024-01-31T20:20:00+00:00,2024-01-01,,"{""source"": ""simulation""}"
acct_002256,acct_002256_owner,signup,2024-07-13T20:28:00+00:00,2024-07-01,,"{""source"": ""simulation""}"
acct_002256,acct_002256_owner,first_invoice_created,2024-07-21T20:28:00+00:00,2024-07-01,,"{""source"": ""simulation""}"
acct_002256,acct_002256_owner,first_payment_received,2024-07-29T20:28:00+00:00,2024-07-01,,"{""source"": ""simulation""}"
acct_002256,acct_002256_owner,app_integration_connected,2024-08-12T20:28:00+00:00,2024-08-01,,"{""source"": ""simulation""}"
acct_002256,acct_002256_owner,feature_activated,2024-09-09T20:28:00+00:00,2024-09-01,bank_feed_sync,"{""source"": ""simulation""}"
acct_002257,acct_002257_owner,signup,2024-05-02T12:31:00+00:00,2024-05-01,,"{""source"": ""simulation""}"
acct_002257,acct_002257_owner,first_invoice_created,2024-05-06T12:31:00+00:00,2024-05-01,,"{""source"": ""simulation""}"
acct_002257,acct_002257_owner,first_payment_received,2024-05-09T12:31:00+00:00,2024-05-01,,"{""source"": ""simulation""}"
acct_002257,acct_002257_owner,app_integration_connected,2024-05-23T12:31:00+00:00,2024-05-01,,"{""source"": ""simulation""}"
acct_002257,acct_002257_owner,feature_activated,2024-06-20T12:31:00+00:00,2024-06-01,bank_feed_sync,"{""source"": ""simulation""}"
acct_002257,acct_002257_owner,plan_upgrade,2024-08-12T12:31:00+00:00,2024-08-01,,"{""source"": ""simulation""}"
acct_002258,acct_002258_owner,signup,2024-01-10T15:26:00+00:00,2024-01-01,,"{""source"": ""simulation""}"
acct_002258,acct_002258_owner,first_invoice_created,2024-01-19T15:26:00+00:00,2024-01-01,,"{""source"": ""simulation""}"
acct_002258,acct_002258_owner,first_payment_received,2024-01-21T15:26:00+00:00,2024-01-01,,"{""source"": ""simulation""}"
acct_002259,acct_002259_owner,signup,2024-09-07T20:40:00+00:00,2024-09-01,,"{""source"": ""simulation""}"
acct_002259,acct_002259_owner,first_invoice_created,2024-09-16T20:40:00+00:00,2024-09-01,,"{""source"": ""simulation""}"
acct_002259,acct_002259_owner,first_payment_received,2024-09-23T20:40:00+00:00,2024-09-01,,"{""source"": ""simulation""}"
acct_002259,acct_002259_owner,app_integration_connected,2024-10-10T20:40:00+00:00,2024-10-01,,"{""source"": ""simulation""}"
acct_002260,acct_002260_owner,signup,2024-03-20T16:01:00+00:00,2024-03-01,,"{""source"": ""simulation""}"
acct_002260,acct_002260_owner,first_invoice_created,2024-03-21T16:01:00+00:00,2024-03-01,,"{""source"": ""simulation""}"
acct_002260,acct_002260_owner,first_payment_received,2024-03-29T16:01:00+00:00,2024-03-01,,"{""source"": ""simulation""}"
acct_002260,acct_002260_owner,app_integration_connected,2024-04-18T16:01:00+00:00,2024-04-01,,"{""source"": ""simulation""}"
acct_002260,acct_002260_owner,plan_upgrade,2024-06-15T16:01:00+00:00,2024-06-01,,"{""source"": ""simulation""}"
acct_002261,acct_002261_owner,signup,2024-02-25T19:21:00+00:00,2024-02-01,,"{""source"": ""simulation""}"
acct_002261,acct_002261_owner,first_invoice_created,2024-02-27T19:21:00+00:00,2024-02-01,,"{""source"": ""simulation""}"
acct_002261,acct_002261_owner,first_payment_received,2024-02-28T19:21:00+00:00,2024-02-01,,"{""source"": ""simulation""}"
acct_002261,acct_002261_owner,app_integration_connected,2024-03-07T19:21:00+00:00,2024-03-01,,"{""source"": ""simulation""}"
acct_002261,acct_002261_owner,feature_activated,2024-03-30T19:21:00+00:00,2024-03-01,bank_feed_sync,"{""source"": ""simulation""}"
acct_002262,acct_002262_owner,signup,2024-01-17T11:23:00+00:00,2024-01-01,,"{""source"": ""simulation""}"
acct_002262,acct_002262_owner,first_invoice_created,2024-01-19T11:23:00+00:00,2024-01-01,,"{""source"": ""simulation""}"
acct_002262,acct_002262_owner,first_payment_received,2024-01-24T11:23:00+00:00,2024-01-01,,"{""source"": ""simulation""}"
acct_002263,acct_002263_owner,signup,2024-09-13T19:14:00+00:00,2024-09-01,,"{""source"": ""simulation""}"
acct_002263,acct_002263_owner,first_invoice_created,2024-09-18T19:14:00+00:00,2024-09-01,,"{""source"": ""simulation""}"
acct_002263,acct_002263_owner,first_payment_received,2024-09-19T19:14:00+00:00,2024-09-01,,"{""source"": ""simulation""}"
acct_002263,acct_002263_owner,app_integration_connected,2024-10-06T19:14:00+00:00,2024-10-01,,"{""source"": ""simulation""}"
acct_002263,acct_002263_owner,feature_activated,2024-10-11T19:14:00+00:00,2024-10-01,bank_feed_sync,"{""source"": ""simulation""}"
acct_002264,acct_002264_owner,signup,2024-06-11T14:13:00+00:00,2024-06-01,,"{""source"": ""simulation""}"
acct_002264,acct_002264_owner,first_invoice_created,2024-06-21T14:13:00+00:00,2024-06-01,,"{""source"": ""simulation""}"
acct_002264,acct_002264_owner,first_payment_received,2024-06-26T14:13:00+00:00,2024-06-01,,"{""source"": ""simulation""}"
acct_002264,acct_002264_owner,app_integration_connected,2024-07-12T14:13:00+00:00,2024-07-01,,"{""source"": ""simulation""}"
acct_002264,acct_002264_owner,feature_activated,2024-07-22T14:13:00+00:00,2024-07-01,bank_feed_sync,"{""source"": ""simulation""}"
acct_002264,acct_002264_owner,plan_upgrade,2024-09-12T14:13:00+00:00,2024-09-01,,"{""source"": ""simulation""}"
acct_002265,acct_002265_owner,signup,2024-01-01T20:33:00+00:00,2024-01-01,,"{""source"": ""simulation""}"
acct_002265,acct_002265_owner,first_invoice_created,2024-01-03T20:33:00+00:00,2024-01-01,,"{""source"": ""simulation""}"
acct_002265,acct_002265_owner,first_payment_received,2024-01-06T20:33:00+00:00,2024-01-01,,"{""source"": ""simulation""}"
acct_002265,acct_002265_owner,app_integration_connected,2024-01-19T20:33:00+00:00,2024-01-01,,"{""source"": ""simulation""}"
acct_002265,acct_002265_owner,feature_activated,2024-01-24T20:33:00+00:00,2024-01-01,bank_feed_sync,"{""source"": ""simulation""}"
acct_002266,acct_002266_owner,signup,2024-08-02T10:18:00+00:00,2024-08-01,,"{""source"": ""simulation""}"
acct_002266,acct_002266_owner,first_invoice_created,2024-08-09T10:18:00+00:00,2024-08-01,,"{""source"": ""simulation""}"
acct_002266,acct_002266_owner,first_payment_received,2024-08-14T10:18:00+00:00,2024-08-01,,"{""source"": ""simulation""}"
acct_002266,acct_002266_owner,app_integration_connected,2024-08-19T10:18:00+00:00,2024-08-01,,"{""source"": ""simulation""}"
acct_002267,acct_002267_owner,signup,2024-04-21T20:44:00+00:00,2024-04-01,,"{""source"": ""simulation""}"
acct_002268,acct_002268_owner,signup,2024-05-24T09:52:00+00:00,2024-05-01,,"{""source"": ""simulation""}"
acct_002268,acct_002268_owner,first_invoice_created,2024-05-31T09:52:00+00:00,2024-05-01,,"{""source"": ""simulation""}"
acct_002268,acct_002268_owner,first_payment_received,2024-06-01T09:52:00+00:00,2024-06-01,,"{""source"": ""simulation""}"
acct_002268,acct_002268_owner,app_integration_connected,2024-06-17T09:52:00+00:00,2024-06-01,,"{""source"": ""simulation""}"
acct_002268,acct_002268_owner,feature_activated,2024-06-25T09:52:00+00:00,2024-06-01,bank_feed_sync,"{""source"": ""simulation""}"
acct_002269,acct_002269_owner,signup,2024-03-24T12:55:00+00:00,2024-03-01,,"{""source"": ""simulation""}"
acct_002269,acct_002269_owner,first_invoice_created,2024-03-27T12:55:00+00:00,2024-03-01,,"{""source"": ""simulation""}"
acct_002269,acct_002269_owner,first_payment_received,2024-04-02T12:55:00+00:00,2024-04-01,,"{""source"": ""simulation""}"
acct_002269,acct_002269_owner,app_integration_connected,2024-04-11T12:55:00+00:00,2024-04-01,,"{""source"": ""simulation""}"
acct_002269,acct_002269_owner,plan_upgrade,2024-06-03T12:55:00+00:00,2024-06-01,,"{""source"": ""simulation""}"
acct_002270,acct_002270_owner,signup,2024-02-17T19:45:00+00:00,2024-02-01,,"{""source"": ""simulation""}"
acct_002270,acct_002270_owner,first_invoice_created,2024-02-21T19:45:00+00:00,2024-02-01,,"{""source"": ""simulation""}"
acct_002270,acct_002270_owner,first_payment_received,2024-02-21T19:45:00+00:00,2024-02-01,,"{""source"": ""simulation""}"
acct_002270,acct_002270_owner,app_integration_connected,2024-03-06T19:45:00+00:00,2024-03-01,,"{""source"": ""simulation""}"
acct_002270,acct_002270_owner,feature_activated,2024-03-23T19:45:00+00:00,2024-03-01,bank_feed_sync,"{""source"": ""simulation""}"
acct_002271,acct_002271_owner,signup,2024-01-24T16:38:00+00:00,2024-01-01,,"{""source"": ""simulation""}"
acct_002271,acct_002271_owner,first_invoice_created,2024-02-01T16:38:00+00:00,2024-02-01,,"{""source"": ""simulation""}"
acct_002271,acct_002271_owner,first_payment_received,2024-02-03T16:38:00+00:00,2024-02-01,,"{""source"": ""simulation""}"
acct_002272,acct_002272_owner,signup,2024-07-07T17:54:00+00:00,2024-07-01,,"{""source"": ""simulation""}"
acct_002272,acct_002272_owner,first_invoice_created,2024-07-10T17:54:00+00:00,2024-07-01,,"{""source"": ""simulation""}"
acct_002272,acct_002272_owner,first_payment_received,2024-07-18T17:54:00+00:00,2024-07-01,,"{""source"": ""simulation""}"
acct_002272,acct_002272_owner,app_integration_connected,2024-07-29T17:54:00+00:00,2024-07-01,,"{""source"": ""simulation""}"
acct_002272,acct_002272_owner,feature_activated,2024-08-25T17:54:00+00:00,2024-08-01,bank_feed_sync,"{""source"": ""simulation""}"
acct_002273,acct_002273_owner,signup,2024-07-17T19:01:00+00:00,2024-07-01,,"{""source"": ""simulation""}"
acct_002273,acct_002273_owner,first_invoice_created,2024-07-19T19:01:00+00:00,2024-07-01,,"{""source"": ""simulation""}"
acct_002273,acct_002273_owner,first_payment_received,2024-07-26T19:01:00+00:00,2024-07-01,,"{""source"": ""simulation""}"
acct_002273,acct_002273_owner,app_integration_connected,2024-08-14T19:01:00+00:00,2024-08-01,,"{""source"": ""simulation""}"
acct_002273,acct_002273_owner,feature_activated,2024-08-15T19:01:00+00:00,2024-08-01,bank_feed_sync,"{""source"": ""simulation""}"
acct_002274,acct_002274_owner,signup,2024-08-07T09:16:00+00:00,2024-08-01,,"{""source"": ""simulation""}"
acct_002275,acct_002275_owner,signup,2024-05-14T09:14:00+00:00,2024-05-01,,"{""source"": ""simulation""}"
acct_002275,acct_002275_owner,first_invoice_created,2024-05-23T09:14:00+00:00,2024-05-01,,"{""source"": ""simulation""}"
acct_002275,acct_002275_owner,first_payment_received,2024-05-29T09:14:00+00:00,2024-05-01,,"{""source"": ""simulation""}"
acct_002276,acct_002276_owner,signup,2024-08-10T19:34:00+00:00,2024-08-01,,"{""source"": ""simulation""}"
acct_002277,acct_002277_owner,signup,2024-01-16T19:25:00+00:00,2024-01-01,,"{""source"": ""simulation""}"
acct_002277,acct_002277_owner,first_invoice_created,2024-01-23T19:25:00+00:00,2024-01-01,,"{""source"": ""simulation""}"
acct_002277,acct_002277_owner,first_payment_received,2024-01-29T19:25:00+00:00,2024-01-01,,"{""source"": ""simulation""}"
acct_002277,acct_002277_owner,app_integration_connected,2024-02-05T19:25:00+00:00,2024-02-01,,"{""source"": ""simulation""}"
acct_002277,acct_002277_owner,feature_activated,2024-02-15T19:25:00+00:00,2024-02-01,bank_feed_sync,"{""source"": ""simulation""}"
acct_002277,acct_002277_owner,plan_upgrade,2024-02-20T19:25:00+00:00,2024-02-01,,"{""source"": ""simulation""}"
acct_002278,acct_002278_owner,signup,2024-08-08T17:01:00+00:00,2024-08-01,,"{""source"": ""simulation""}"
acct_002279,acct_002279_owner,signup,2024-08-12T15:36:00+00:00,2024-08-01,,"{""source"": ""simulation""}"
acct_002279,acct_002279_owner,first_invoice_created,2024-08-16T15:36:00+00:00,2024-08-01,,"{""source"": ""simulation""}"
acct_002279,acct_002279_owner,first_payment_received,2024-08-20T15:36:00+00:00,2024-08-01,,"{""source"": ""simulation""}"
acct_002280,acct_002280_owner,signup,2024-06-05T20:40:00+00:00,2024-06-01,,"{""source"": ""simulation""}"
acct_002280,acct_002280_owner,first_invoice_created,2024-06-14T20:40:00+00:00,2024-06-01,,"{""source"": ""simulation""}"
acct_002280,acct_002280_owner,first_payment_received,2024-06-17T20:40:00+00:00,2024-06-01,,"{""source"": ""simulation""}"
acct_002281,acct_002281_owner,signup,2024-09-06T11:55:00+00:00,2024-09-01,,"{""source"": ""simulation""}"
acct_002281,acct_002281_owner,first_invoice_created,2024-09-08T11:55:00+00:00,2024-09-01,,"{""source"": ""simulation""}"
acct_002281,acct_002281_owner,first_payment_received,2024-09-15T11:55:00+00:00,2024-09-01,,"{""source"": ""simulation""}"
acct_002282,acct_002282_owner,signup,2024-02-05T14:39:00+00:00,2024-02-01,,"{""source"": ""simulation""}"
acct_002283,acct_002283_owner,signup,2024-01-25T15:16:00+00:00,2024-01-01,,"{""source"": ""simulation""}"
acct_002283,acct_002283_owner,first_invoice_created,2024-02-01T15:16:00+00:00,2024-02-01,,"{""source"": ""simulation""}"
acct_002283,acct_002283_owner,first_payment_received,2024-02-05T15:16:00+00:00,2024-02-01,,"{""source"": ""simulation""}"
acct_002284,acct_002284_owner,signup,2024-06-05T08:20:00+00:00,2024-06-01,,"{""source"": ""simulation""}"
acct_002285,acct_002285_owner,signup,2024-05-23T11:48:00+00:00,2024-05-01,,"{""source"": ""simulation""}"
acct_002285,acct_002285_owner,first_invoice_created,2024-06-02T11:48:00+00:00,2024-06-01,,"{""source"": ""simulation""}"
acct_002285,acct_002285_owner,first_payment_received,2024-06-09T11:48:00+00:00,2024-06-01,,"{""source"": ""simulation""}"
acct_002285,acct_002285_owner,app_integration_connected,2024-06-13T11:48:00+00:00,2024-06-01,,"{""source"": ""simulation""}"
acct_002285,acct_002285_owner,plan_upgrade,2024-08-30T11:48:00+00:00,2024-08-01,,"{""source"": ""simulation""}"
acct_002286,acct_002286_owner,signup,2024-06-21T11:20:00+00:00,2024-06-01,,"{""source"": ""simulation""}"
acct_002286,acct_002286_owner,first_invoice_created,2024-06-30T11:20:00+00:00,2024-06-01,,"{""source"": ""simulation""}"
acct_002286,acct_002286_owner,first_payment_received,2024-07-03T11:20:00+00:00,2024-07-01,,"{""source"": ""simulation""}"
acct_002286,acct_002286_owner,app_integration_connected,2024-07-12T11:20:00+00:00,2024-07-01,,"{""source"": ""simulation""}"
acct_002287,acct_002287_owner,signup,2024-09-18T19:46:00+00:00,2024-09-01,,"{""source"": ""simulation""}"
acct_002288,acct_002288_owner,signup,2024-07-23T09:24:00+00:00,2024-07-01,,"{""source"": ""simulation""}"
acct_002288,acct_002288_owner,first_invoice_created,2024-07-28T09:24:00+00:00,2024-07-01,,"{""source"": ""simulation""}"
acct_002288,acct_002288_owner,first_payment_received,2024-08-03T09:24:00+00:00,2024-08-01,,"{""source"": ""simulation""}"
acct_002289,acct_002289_owner,signup,2024-03-17T19:07:00+00:00,2024-03-01,,"{""source"": ""simulation""}"
acct_002289,acct_002289_owner,first_invoice_created,2024-03-24T19:07:00+00:00,2024-03-01,,"{""source"": ""simulation""}"
acct_002289,acct_002289_owner,first_payment_received,2024-03-28T19:07:00+00:00,2024-03-01,,"{""source"": ""simulation""}"
acct_002290,acct_002290_owner,signup,2024-08-04T08:56:00+00:00,2024-08-01,,"{""source"": ""simulation""}"
acct_002290,acct_002290_owner,first_invoice_created,2024-08-14T08:56:00+00:00,2024-08-01,,"{""source"": ""simulation""}"
acct_002290,acct_002290_owner,first_payment_received,2024-08-21T08:56:00+00:00,2024-08-01,,"{""source"": ""simulation""}"
acct_002290,acct_002290_owner,app_integration_connected,2024-09-01T08:56:00+00:00,2024-09-01,,"{""source"": ""simulation""}"
acct_002291,acct_002291_owner,signup,2024-03-21T20:33:00+00:00,2024-03-01,,"{""source"": ""simulation""}"
acct_002291,acct_002291_owner,first_invoice_created,2024-03-31T20:33:00+00:00,2024-03-01,,"{""source"": ""simulation""}"
acct_002291,acct_002291_owner,first_payment_received,2024-04-01T20:33:00+00:00,2024-04-01,,"{""source"": ""simulation""}"
acct_002291,acct_002291_owner,app_integration_connected,2024-04-07T20:33:00+00:00,2024-04-01,,"{""source"": ""simulation""}"
acct_002291,acct_002291_owner,feature_activated,2024-04-15T20:33:00+00:00,2024-04-01,bank_feed_sync,"{""source"": ""simulation""}"
acct_002292,acct_002292_owner,signup,2024-09-14T14:00:00+00:00,2024-09-01,,"{""source"": ""simulation""}"
acct_002293,acct_002293_owner,signup,2024-07-10T19:59:00+00:00,2024-07-01,,"{""source"": ""simulation""}"
acct_002293,acct_002293_owner,first_invoice_created,2024-07-14T19:59:00+00:00,2024-07-01,,"{""source"": ""simulation""}"
acct_002294,acct_002294_owner,signup,2024-06-19T18:10:00+00:00,2024-06-01,,"{""source"": ""simulation""}"
acct_002294,acct_002294_owner,first_invoice_created,2024-06-28T18:10:00+00:00,2024-06-01,,"{""source"": ""simulation""}"
acct_002294,acct_002294_owner,first_payment_received,2024-07-04T18:10:00+00:00,2024-07-01,,"{""source"": ""simulation""}"
acct_002295,acct_002295_owner,signup,2024-09-22T11:51:00+00:00,2024-09-01,,"{""source"": ""simulation""}"
acct_002295,acct_002295_owner,first_invoice_created,2024-10-01T11:51:00+00:00,2024-10-01,,"{""source"": ""simulation""}"
acct_002296,acct_002296_owner,signup,2024-08-15T11:59:00+00:00,2024-08-01,,"{""source"": ""simulation""}"
acct_002296,acct_002296_owner,first_invoice_created,2024-08-23T11:59:00+00:00,2024-08-01,,"{""source"": ""simulation""}"
acct_002296,acct_002296_owner,first_payment_received,2024-08-30T11:59:00+00:00,2024-08-01,,"{""source"": ""simulation""}"
acct_002297,acct_002297_owner,signup,2024-03-17T19:53:00+00:00,2024-03-01,,"{""source"": ""simulation""}"
acct_002297,acct_002297_owner,first_invoice_created,2024-03-23T19:53:00+00:00,2024-03-01,,"{""source"": ""simulation""}"
acct_002297,acct_002297_owner,first_payment_received,2024-03-30T19:53:00+00:00,2024-03-01,,"{""source"": ""simulation""}"
acct_002297,acct_002297_owner,app_integration_connected,2024-04-06T19:53:00+00:00,2024-04-01,,"{""source"": ""simulation""}"
acct_002298,acct_002298_owner,signup,2024-06-14T10:09:00+00:00,2024-06-01,,"{""source"": ""simulation""}"
acct_002299,acct_002299_owner,signup,2024-01-10T19:12:00+00:00,2024-01-01,,"{""source"": ""simulation""}"
acct_002299,acct_002299_owner,first_invoice_created,2024-01-19T19:12:00+00:00,2024-01-01,,"{""source"": ""simulation""}"
acct_002299,acct_002299_owner,first_payment_received,2024-01-20T19:12:00+00:00,2024-01-01,,"{""source"": ""simulation""}"
acct_002299,acct_002299_owner,app_integration_connected,2024-02-09T19:12:00+00:00,2024-02-01,,"{""source"": ""simulation""}"
acct_002299,acct_002299_owner,feature_activated,2024-03-03T19:12:00+00:00,2024-03-01,bank_feed_sync,"{""source"": ""simulation""}"
acct_002299,acct_002299_owner,plan_upgrade,2024-03-06T19:12:00+00:00,2024-03-01,,"{""source"": ""simulation""}"
acct_002300,acct_002300_owner,signup,2024-09-15T13:06:00+00:00,2024-09-01,,"{""source"": ""simulation""}"
acct_002301,acct_002301_owner,signup,2024-03-03T13:40:00+00:00,2024-03-01,,"{""source"": ""simulation""}"
acct_002302,acct_002302_owner,signup,2024-01-07T12:18:00+00:00,2024-01-01,,"{""source"": ""simulation""}"
acct_002302,acct_002302_owner,first_invoice_created,2024-01-10T12:18:00+00:00,2024-01-01,,"{""source"": ""simulation""}"
acct_002302,acct_002302_owner,first_payment_received,2024-01-15T12:18:00+00:00,2024-01-01,,"{""source"": ""simulation""}"
acct_002302,acct_002302_owner,app_integration_connected,2024-01-30T12:18:00+00:00,2024-01-01,,"{""source"": ""simulation""}"
acct_002302,acct_002302_owner,plan_upgrade,2024-04-17T12:18:00+00:00,2024-04-01,,"{""source"": ""simulation""}"
acct_002303,acct_002303_owner,signup,2024-06-20T20:25:00+00:00,2024-06-01,,"{""source"": ""simulation""}"
acct_002303,acct_002303_owner,first_invoice_created,2024-06-28T20:25:00+00:00,2024-06-01,,"{""source"": ""simulation""}"
acct_002303,acct_002303_owner,first_payment_received,2024-06-28T20:25:00+00:00,2024-06-01,,"{""source"": ""simulation""}"
acct_002304,acct_002304_owner,signup,2024-02-19T10:06:00+00:00,2024-02-01,,"{""source"": ""simulation""}"
acct_002304,acct_002304_owner,first_invoice_created,2024-02-27T10:06:00+00:00,2024-02-01,,"{""source"": ""simulation""}"
acct_002304,acct_002304_owner,first_payment_received,2024-02-29T10:06:00+00:00,2024-02-01,,"{""source"": ""simulation""}"
acct_002304,acct_002304_owner,app_integration_connected,2024-03-11T10:06:00+00:00,2024-03-01,,"{""source"": ""simulation""}"
acct_002305,acct_002305_owner,signup,2024-03-09T17:06:00+00:00,2024-03-01,,"{""source"": ""simulation""}"
acct_002305,acct_002305_owner,first_invoice_created,2024-03-13T17:06:00+00:00,2024-03-01,,"{""source"": ""simulation""}"
acct_002305,acct_002305_owner,first_payment_received,2024-03-15T17:06:00+00:00,2024-03-01,,"{""source"": ""simulation""}"
acct_002305,acct_002305_owner,app_integration_connected,2024-03-22T17:06:00+00:00,2024-03-01,,"{""source"": ""simulation""}"
acct_002305,acct_002305_owner,feature_activated,2024-03-25T17:06:00+00:00,2024-03-01,bank_feed_sync,"{""source"": ""simulation""}"
acct_002306,acct_002306_owner,signup,2024-06-19T20:54:00+00:00,2024-06-01,,"{""source"": ""simulation""}"
acct_002306,acct_002306_owner,first_invoice_created,2024-06-21T20:54:00+00:00,2024-06-01,,"{""source"": ""simulation""}"
acct_002306,acct_002306_owner,first_payment_received,2024-06-24T20:54:00+00:00,2024-06-01,,"{""source"": ""simulation""}"
acct_002306,acct_002306_owner,app_integration_connected,2024-07-02T20:54:00+00:00,2024-07-01,,"{""source"": ""simulation""}"
acct_002306,acct_002306_owner,feature_activated,2024-07-04T20:54:00+00:00,2024-07-01,bank_feed_sync,"{""source"": ""simulation""}"
acct_002307,acct_002307_owner,signup,2024-04-06T08:50:00+00:00,2024-04-01,,"{""source"": ""simulation""}"
acct_002308,acct_002308_owner,signup,2024-02-20T10:09:00+00:00,2024-02-01,,"{""source"": ""simulation""}"
acct_002308,acct_002308_owner,first_invoice_created,2024-02-24T10:09:00+00:00,2024-02-01,,"{""source"": ""simulation""}"
acct_002308,acct_002308_owner,first_payment_received,2024-02-27T10:09:00+00:00,2024-02-01,,"{""source"": ""simulation""}"
acct_002308,acct_002308_owner,app_integration_connected,2024-03-03T10:09:00+00:00,2024-03-01,,"{""source"": ""simulation""}"
acct_002309,acct_002309_owner,signup,2024-01-11T09:57:00+00:00,2024-01-01,,"{""source"": ""simulation""}"
acct_002309,acct_002309_owner,first_invoice_created,2024-01-18T09:57:00+00:00,2024-01-01,,"{""source"": ""simulation""}"
acct_002309,acct_002309_owner,first_payment_received,2024-01-23T09:57:00+00:00,2024-01-01,,"{""source"": ""simulation""}"
acct_002310,acct_002310_owner,signup,2024-09-15T14:42:00+00:00,2024-09-01,,"{""source"": ""simulation""}"
acct_002310,acct_002310_owner,first_invoice_created,2024-09-16T14:42:00+00:00,2024-09-01,,"{""source"": ""simulation""}"
acct_002310,acct_002310_owner,first_payment_received,2024-09-19T14:42:00+00:00,2024-09-01,,"{""source"": ""simulation""}"
acct_002310,acct_002310_owner,app_integration_connected,2024-09-20T14:42:00+00:00,2024-09-01,,"{""source"": ""simulation""}"
acct_002310,acct_002310_owner,feature_activated,2024-09-21T14:42:00+00:00,2024-09-01,bank_feed_sync,"{""source"": ""simulation""}"
acct_002311,acct_002311_owner,signup,2024-05-17T20:07:00+00:00,2024-05-01,,"{""source"": ""simulation""}"
acct_002311,acct_002311_owner,first_invoice_created,2024-05-27T20:07:00+00:00,2024-05-01,,"{""source"": ""simulation""}"
acct_002311,acct_002311_owner,first_payment_received,2024-05-27T20:07:00+00:00,2024-05-01,,"{""source"": ""simulation""}"
acct_002311,acct_002311_owner,app_integration_connected,2024-06-09T20:07:00+00:00,2024-06-01,,"{""source"": ""simulation""}"
acct_002311,acct_002311_owner,feature_activated,2024-06-28T20:07:00+00:00,2024-06-01,bank_feed_sync,"{""source"": ""simulation""}"
acct_002312,acct_002312_owner,signup,2024-07-25T14:45:00+00:00,2024-07-01,,"{""source"": ""simulation""}"
acct_002312,acct_002312_owner,first_invoice_created,2024-07-26T14:45:00+00:00,2024-07-01,,"{""source"": ""simulation""}"
acct_002312,acct_002312_owner,first_payment_received,2024-07-31T14:45:00+00:00,2024-07-01,,"{""source"": ""simulation""}"
acct_002312,acct_002312_owner,app_integration_connected,2024-08-06T14:45:00+00:00,2024-08-01,,"{""source"": ""simulation""}"
acct_002312,acct_002312_owner,feature_activated,2024-08-15T14:45:00+00:00,2024-08-01,bank_feed_sync,"{""source"": ""simulation""}"
acct_002313,acct_002313_owner,signup,2024-05-17T13:33:00+00:00,2024-05-01,,"{""source"": ""simulation""}"
acct_002313,acct_002313_owner,first_invoice_created,2024-05-18T13:33:00+00:00,2024-05-01,,"{""source"": ""simulation""}"
acct_002314,acct_002314_owner,signup,2024-03-21T12:45:00+00:00,2024-03-01,,"{""source"": ""simulation""}"
acct_002314,acct_002314_owner,first_invoice_created,2024-03-24T12:45:00+00:00,2024-03-01,,"{""source"": ""simulation""}"
acct_002315,acct_002315_owner,signup,2024-09-15T15:44:00+00:00,2024-09-01,,"{""source"": ""simulation""}"
acct_002316,acct_002316_owner,signup,2024-09-14T18:22:00+00:00,2024-09-01,,"{""source"": ""simulation""}"
acct_002316,acct_002316_owner,first_invoice_created,2024-09-23T18:22:00+00:00,2024-09-01,,"{""source"": ""simulation""}"
acct_002316,acct_002316_owner,first_payment_received,2024-10-01T18:22:00+00:00,2024-10-01,,"{""source"": ""simulation""}"
acct_002316,acct_002316_owner,app_integration_connected,2024-10-08T18:22:00+00:00,2024-10-01,,"{""source"": ""simulation""}"
acct_002317,acct_002317_owner,signup,2024-06-15T20:42:00+00:00,2024-06-01,,"{""source"": ""simulation""}"
acct_002317,acct_002317_owner,first_invoice_created,2024-06-19T20:42:00+00:00,2024-06-01,,"{""source"": ""simulation""}"
acct_002317,acct_002317_owner,first_payment_received,2024-06-25T20:42:00+00:00,2024-06-01,,"{""source"": ""simulation""}"
acct_002317,acct_002317_owner,app_integration_connected,2024-07-08T20:42:00+00:00,2024-07-01,,"{""source"": ""simulation""}"
acct_002318,acct_002318_owner,signup,2024-04-20T16:56:00+00:00,2024-04-01,,"{""source"": ""simulation""}"
acct_002318,acct_002318_owner,first_invoice_created,2024-04-24T16:56:00+00:00,2024-04-01,,"{""source"": ""simulation""}"
acct_002318,acct_002318_owner,first_payment_received,2024-04-30T16:56:00+00:00,2024-04-01,,"{""source"": ""simulation""}"
acct_002318,acct_002318_owner,app_integration_connected,2024-05-19T16:56:00+00:00,2024-05-01,,"{""source"": ""simulation""}"
acct_002319,acct_002319_owner,signup,2024-06-06T19:00:00+00:00,2024-06-01,,"{""source"": ""simulation""}"
acct_002319,acct_002319_owner,first_invoice_created,2024-06-15T19:00:00+00:00,2024-06-01,,"{""source"": ""simulation""}"
acct_002319,acct_002319_owner,first_payment_received,2024-06-20T19:00:00+00:00,2024-06-01,,"{""source"": ""simulation""}"
acct_002320,acct_002320_owner,signup,2024-06-17T11:00:00+00:00,2024-06-01,,"{""source"": ""simulation""}"
acct_002320,acct_002320_owner,first_invoice_created,2024-06-23T11:00:00+00:00,2024-06-01,,"{""source"": ""simulation""}"
acct_002320,acct_002320_owner,first_payment_received,2024-06-24T11:00:00+00:00,2024-06-01,,"{""source"": ""simulation""}"
acct_002321,acct_002321_owner,signup,2024-02-12T12:32:00+00:00,2024-02-01,,"{""source"": ""simulation""}"
acct_002321,acct_002321_owner,first_invoice_created,2024-02-13T12:32:00+00:00,2024-02-01,,"{""source"": ""simulation""}"
acct_002321,acct_002321_owner,first_payment_received,2024-02-13T12:32:00+00:00,2024-02-01,,"{""source"": ""simulation""}"
acct_002321,acct_002321_owner,app_integration_connected,2024-03-04T12:32:00+00:00,2024-03-01,,"{""source"": ""simulation""}"
acct_002321,acct_002321_owner,feature_activated,2024-03-05T12:32:00+00:00,2024-03-01,bank_feed_sync,"{""source"": ""simulation""}"
acct_002322,acct_002322_owner,signup,2024-01-21T12:41:00+00:00,2024-01-01,,"{""source"": ""simulation""}"
acct_002322,acct_002322_owner,first_invoice_created,2024-01-23T12:41:00+00:00,2024-01-01,,"{""source"": ""simulation""}"
acct_002323,acct_002323_owner,signup,2024-01-23T19:16:00+00:00,2024-01-01,,"{""source"": ""simulation""}"
acct_002323,acct_002323_owner,first_invoice_created,2024-01-30T19:16:00+00:00,2024-01-01,,"{""source"": ""simulation""}"
acct_002323,acct_002323_owner,first_payment_received,2024-02-07T19:16:00+00:00,2024-02-01,,"{""source"": ""simulation""}"
acct_002323,acct_002323_owner,app_integration_connected,2024-02-10T19:16:00+00:00,2024-02-01,,"{""source"": ""simulation""}"
acct_002323,acct_002323_owner,feature_activated,2024-03-06T19:16:00+00:00,2024-03-01,bank_feed_sync,"{""source"": ""simulation""}"
acct_002324,acct_002324_owner,signup,2024-01-23T15:38:00+00:00,2024-01-01,,"{""source"": ""simulation""}"
acct_002325,acct_002325_owner,signup,2024-03-16T19:55:00+00:00,2024-03-01,,"{""source"": ""simulation""}"
acct_002326,acct_002326_owner,signup,2024-06-01T17:57:00+00:00,2024-06-01,,"{""source"": ""simulation""}"
acct_002327,acct_002327_owner,signup,2024-03-03T14:53:00+00:00,2024-03-01,,"{""source"": ""simulation""}"
acct_002327,acct_002327_owner,first_invoice_created,2024-03-13T14:53:00+00:00,2024-03-01,,"{""source"": ""simulation""}"
acct_002328,acct_002328_owner,signup,2024-08-21T19:03:00+00:00,2024-08-01,,"{""source"": ""simulation""}"
acct_002329,acct_002329_owner,signup,2024-09-09T11:41:00+00:00,2024-09-01,,"{""source"": ""simulation""}"
acct_002329,acct_002329_owner,first_invoice_created,2024-09-17T11:41:00+00:00,2024-09-01,,"{""source"": ""simulation""}"
acct_002329,acct_002329_owner,first_payment_received,2024-09-19T11:41:00+00:00,2024-09-01,,"{""source"": ""simulation""}"
acct_002330,acct_002330_owner,signup,2024-06-23T10:57:00+00:00,2024-06-01,,"{""source"": ""simulation""}"
acct_002330,acct_002330_owner,first_invoice_created,2024-07-02T10:57:00+00:00,2024-07-01,,"{""source"": ""simulation""}"
acct_002330,acct_002330_owner,first_payment_received,2024-07-09T10:57:00+00:00,2024-07-01,,"{""source"": ""simulation""}"
acct_002330,acct_002330_owner,app_integration_connected,2024-07-14T10:57:00+00:00,2024-07-01,,"{""source"": ""simulation""}"
acct_002330,acct_002330_owner,feature_activated,2024-07-25T10:57:00+00:00,2024-07-01,bank_feed_sync,"{""source"": ""simulation""}"
acct_002331,acct_002331_owner,signup,2024-07-14T18:42:00+00:00,2024-07-01,,"{""source"": ""simulation""}"
acct_002331,acct_002331_owner,first_invoice_created,2024-07-18T18:42:00+00:00,2024-07-01,,"{""source"": ""simulation""}"
acct_002331,acct_002331_owner,first_payment_received,2024-07-23T18:42:00+00:00,2024-07-01,,"{""source"": ""simulation""}"
acct_002332,acct_002332_owner,signup,2024-04-25T16:09:00+00:00,2024-04-01,,"{""source"": ""simulation""}"
acct_002332,acct_002332_owner,first_invoice_created,2024-05-05T16:09:00+00:00,2024-05-01,,"{""source"": ""simulation""}"
acct_002333,acct_002333_owner,signup,2024-03-15T08:17:00+00:00,2024-03-01,,"{""source"": ""simulation""}"
acct_002333,acct_002333_owner,first_invoice_created,2024-03-25T08:17:00+00:00,2024-03-01,,"{""source"": ""simulation""}"
acct_002333,acct_002333_owner,first_payment_received,2024-03-29T08:17:00+00:00,2024-03-01,,"{""source"": ""simulation""}"
acct_002333,acct_002333_owner,app_integration_connected,2024-04-01T08:17:00+00:00,2024-04-01,,"{""source"": ""simulation""}"
acct_002333,acct_002333_owner,plan_upgrade,2024-06-08T08:17:00+00:00,2024-06-01,,"{""source"": ""simulation""}"
acct_002334,acct_002334_owner,signup,2024-03-21T19:53:00+00:00,2024-03-01,,"{""source"": ""simulation""}"
acct_002334,acct_002334_owner,first_invoice_created,2024-03-27T19:53:00+00:00,2024-03-01,,"{""source"": ""simulation""}"
acct_002335,acct_002335_owner,signup,2024-05-18T13:07:00+00:00,2024-05-01,,"{""source"": ""simulation""}"
acct_002335,acct_002335_owner,first_invoice_created,2024-05-23T13:07:00+00:00,2024-05-01,,"{""source"": ""simulation""}"
acct_002336,acct_002336_owner,signup,2024-02-19T15:05:00+00:00,2024-02-01,,"{""source"": ""simulation""}"
acct_002336,acct_002336_owner,first_invoice_created,2024-02-26T15:05:00+00:00,2024-02-01,,"{""source"": ""simulation""}"
acct_002336,acct_002336_owner,first_payment_received,2024-03-02T15:05:00+00:00,2024-03-01,,"{""source"": ""simulation""}"
acct_002337,acct_002337_owner,signup,2024-03-24T09:11:00+00:00,2024-03-01,,"{""source"": ""simulation""}"
acct_002337,acct_002337_owner,first_invoice_created,2024-03-29T09:11:00+00:00,2024-03-01,,"{""source"": ""simulation""}"
acct_002337,acct_002337_owner,first_payment_received,2024-03-31T09:11:00+00:00,2024-03-01,,"{""source"": ""simulation""}"
acct_002338,acct_002338_owner,signup,2024-03-01T11:40:00+00:00,2024-03-01,,"{""source"": ""simulation""}"
acct_002338,acct_002338_owner,first_invoice_created,2024-03-02T11:40:00+00:00,2024-03-01,,"{""source"": ""simulation""}"
acct_002338,acct_002338_owner,first_payment_received,2024-03-08T11:40:00+00:00,2024-03-01,,"{""source"": ""simulation""}"
acct_002338,acct_002338_owner,app_integration_connected,2024-03-24T11:40:00+00:00,2024-03-01,,"{""source"": ""simulation""}"
acct_002339,acct_002339_owner,signup,2024-02-24T11:19:00+00:00,2024-02-01,,"{""source"": ""simulation""}"
acct_002339,acct_002339_owner,first_invoice_created,2024-02-29T11:19:00+00:00,2024-02-01,,"{""source"": ""simulation""}"
acct_002340,acct_002340_owner,signup,2024-05-02T14:45:00+00:00,2024-05-01,,"{""source"": ""simulation""}"
acct_002340,acct_002340_owner,first_invoice_created,2024-05-05T14:45:00+00:00,2024-05-01,,"{""source"": ""simulation""}"
acct_002340,acct_002340_owner,first_payment_received,2024-05-07T14:45:00+00:00,2024-05-01,,"{""source"": ""simulation""}"
acct_002341,acct_002341_owner,signup,2024-05-05T17:20:00+00:00,2024-05-01,,"{""source"": ""simulation""}"
acct_002341,acct_002341_owner,first_invoice_created,2024-05-08T17:20:00+00:00,2024-05-01,,"{""source"": ""simulation""}"
acct_002341,acct_002341_owner,first_payment_received,2024-05-09T17:20:00+00:00,2024-05-01,,"{""source"": ""simulation""}"
acct_002341,acct_002341_owner,app_integration_connected,2024-05-14T17:20:00+00:00,2024-05-01,,"{""source"": ""simulation""}"
acct_002341,acct_002341_owner,feature_activated,2024-05-15T17:20:00+00:00,2024-05-01,bank_feed_sync,"{""source"": ""simulation""}"
acct_002342,acct_002342_owner,signup,2024-04-09T11:11:00+00:00,2024-04-01,,"{""source"": ""simulation""}"
acct_002342,acct_002342_owner,first_invoice_created,2024-04-19T11:11:00+00:00,2024-04-01,,"{""source"": ""simulation""}"
acct_002343,acct_002343_owner,signup,2024-08-09T09:31:00+00:00,2024-08-01,,"{""source"": ""simulation""}"
acct_002343,acct_002343_owner,first_invoice_created,2024-08-15T09:31:00+00:00,2024-08-01,,"{""source"": ""simulation""}"
acct_002343,acct_002343_owner,first_payment_received,2024-08-21T09:31:00+00:00,2024-08-01,,"{""source"": ""simulation""}"
acct_002344,acct_002344_owner,signup,2024-06-25T18:33:00+00:00,2024-06-01,,"{""source"": ""simulation""}"
acct_002344,acct_002344_owner,first_invoice_created,2024-07-05T18:33:00+00:00,2024-07-01,,"{""source"": ""simulation""}"
acct_002344,acct_002344_owner,first_payment_received,2024-07-08T18:33:00+00:00,2024-07-01,,"{""source"": ""simulation""}"
acct_002345,acct_002345_owner,signup,2024-01-19T14:09:00+00:00,2024-01-01,,"{""source"": ""simulation""}"
acct_002345,acct_002345_owner,first_invoice_created,2024-01-25T14:09:00+00:00,2024-01-01,,"{""source"": ""simulation""}"
acct_002346,acct_002346_owner,signup,2024-06-21T20:43:00+00:00,2024-06-01,,"{""source"": ""simulation""}"
acct_002346,acct_002346_owner,first_invoice_created,2024-06-27T20:43:00+00:00,2024-06-01,,"{""source"": ""simulation""}"
acct_002346,acct_002346_owner,first_payment_received,2024-07-02T20:43:00+00:00,2024-07-01,,"{""source"": ""simulation""}"
acct_002346,acct_002346_owner,app_integration_connected,2024-07-08T20:43:00+00:00,2024-07-01,,"{""source"": ""simulation""}"
acct_002347,acct_002347_owner,signup,2024-06-23T16:35:00+00:00,2024-06-01,,"{""source"": ""simulation""}"
acct_002347,acct_002347_owner,first_invoice_created,2024-07-01T16:35:00+00:00,2024-07-01,,"{""source"": ""simulation""}"
acct_002347,acct_002347_owner,first_payment_received,2024-07-02T16:35:00+00:00,2024-07-01,,"{""source"": ""simulation""}"
acct_002348,acct_002348_owner,signup,2024-09-25T11:16:00+00:00,2024-09-01,,"{""source"": ""simulation""}"
acct_002348,acct_002348_owner,first_invoice_created,2024-10-05T11:16:00+00:00,2024-10-01,,"{""source"": ""simulation""}"
acct_002348,acct_002348_owner,first_payment_received,2024-10-10T11:16:00+00:00,2024-10-01,,"{""source"": ""simulation""}"
acct_002348,acct_002348_owner,app_integration_connected,2024-10-18T11:16:00+00:00,2024-10-01,,"{""source"": ""simulation""}"
acct_002349,acct_002349_owner,signup,2024-05-02T09:33:00+00:00,2024-05-01,,"{""source"": ""simulation""}"
acct_002349,acct_002349_owner,first_invoice_created,2024-05-05T09:33:00+00:00,2024-05-01,,"{""source"": ""simulation""}"
acct_002349,acct_002349_owner,first_payment_received,2024-05-06T09:33:00+00:00,2024-05-01,,"{""source"": ""simulation""}"
acct_002350,acct_002350_owner,signup,2024-03-15T17:20:00+00:00,2024-03-01,,"{""source"": ""simulation""}"
acct_002350,acct_002350_owner,first_invoice_created,2024-03-21T17:20:00+00:00,2024-03-01,,"{""source"": ""simulation""}"
acct_002351,acct_002351_owner,signup,2024-01-11T19:06:00+00:00,2024-01-01,,"{""source"": ""simulation""}"
acct_002351,acct_002351_owner,first_invoice_created,2024-01-18T19:06:00+00:00,2024-01-01,,"{""source"": ""simulation""}"
acct_002351,acct_002351_owner,first_payment_received,2024-01-23T19:06:00+00:00,2024-01-01,,"{""source"": ""simulation""}"
acct_002351,acct_002351_owner,app_integration_connected,2024-01-25T19:06:00+00:00,2024-01-01,,"{""source"": ""simulation""}"
acct_002351,acct_002351_owner,feature_activated,2024-02-02T19:06:00+00:00,2024-02-01,bank_feed_sync,"{""source"": ""simulation""}"
acct_002352,acct_002352_owner,signup,2024-03-14T15:21:00+00:00,2024-03-01,,"{""source"": ""simulation""}"
acct_002352,acct_002352_owner,first_invoice_created,2024-03-16T15:21:00+00:00,2024-03-01,,"{""source"": ""simulation""}"
acct_002352,acct_002352_owner,first_payment_received,2024-03-24T15:21:00+00:00,2024-03-01,,"{""source"": ""simulation""}"
acct_002352,acct_002352_owner,app_integration_connected,2024-03-29T15:21:00+00:00,2024-03-01,,"{""source"": ""simulation""}"
acct_002352,acct_002352_owner,feature_activated,2024-04-28T15:21:00+00:00,2024-04-01,bank_feed_sync,"{""source"": ""simulation""}"
acct_002353,acct_002353_owner,signup,2024-03-12T12:10:00+00:00,2024-03-01,,"{""source"": ""simulation""}"
acct_002353,acct_002353_owner,first_invoice_created,2024-03-22T12:10:00+00:00,2024-03-01,,"{""source"": ""simulation""}"
acct_002353,acct_002353_owner,first_payment_received,2024-03-26T12:10:00+00:00,2024-03-01,,"{""source"": ""simulation""}"
acct_002354,acct_002354_owner,signup,2024-01-15T20:39:00+00:00,2024-01-01,,"{""source"": ""simulation""}"
acct_002354,acct_002354_owner,first_invoice_created,2024-01-19T20:39:00+00:00,2024-01-01,,"{""source"": ""simulation""}"
acct_002354,acct_002354_owner,first_payment_received,2024-01-22T20:39:00+00:00,2024-01-01,,"{""source"": ""simulation""}"
acct_002354,acct_002354_owner,app_integration_connected,2024-01-29T20:39:00+00:00,2024-01-01,,"{""source"": ""simulation""}"
acct_002355,acct_002355_owner,signup,2024-07-16T11:16:00+00:00,2024-07-01,,"{""source"": ""simulation""}"
acct_002355,acct_002355_owner,first_invoice_created,2024-07-18T11:16:00+00:00,2024-07-01,,"{""source"": ""simulation""}"
acct_002355,acct_002355_owner,first_payment_received,2024-07-25T11:16:00+00:00,2024-07-01,,"{""source"": ""simulation""}"
acct_002356,acct_002356_owner,signup,2024-08-22T14:19:00+00:00,2024-08-01,,"{""source"": ""simulation""}"
acct_002356,acct_002356_owner,first_invoice_created,2024-08-27T14:19:00+00:00,2024-08-01,,"{""source"": ""simulation""}"
acct_002356,acct_002356_owner,first_payment_received,2024-08-30T14:19:00+00:00,2024-08-01,,"{""source"": ""simulation""}"
acct_002356,acct_002356_owner,app_integration_connected,2024-08-31T14:19:00+00:00,2024-08-01,,"{""source"": ""simulation""}"
acct_002357,acct_002357_owner,signup,2024-09-04T14:27:00+00:00,2024-09-01,,"{""source"": ""simulation""}"
acct_002357,acct_002357_owner,first_invoice_created,2024-09-09T14:27:00+00:00,2024-09-01,,"{""source"": ""simulation""}"
acct_002357,acct_002357_owner,first_payment_received,2024-09-12T14:27:00+00:00,2024-09-01,,"{""source"": ""simulation""}"
acct_002358,acct_002358_owner,signup,2024-01-06T16:10:00+00:00,2024-01-01,,"{""source"": ""simulation""}"
acct_002358,acct_002358_owner,first_invoice_created,2024-01-14T16:10:00+00:00,2024-01-01,,"{""source"": ""simulation""}"
acct_002358,acct_002358_owner,first_payment_received,2024-01-20T16:10:00+00:00,2024-01-01,,"{""source"": ""simulation""}"
acct_002358,acct_002358_owner,app_integration_connected,2024-01-28T16:10:00+00:00,2024-01-01,,"{""source"": ""simulation""}"
acct_002358,acct_002358_owner,feature_activated,2024-02-04T16:10:00+00:00,2024-02-01,bank_feed_sync,"{""source"": ""simulation""}"
acct_002358,acct_002358_owner,plan_upgrade,2024-02-28T16:10:00+00:00,2024-02-01,,"{""source"": ""simulation""}"
acct_002359,acct_002359_owner,signup,2024-03-05T18:21:00+00:00,2024-03-01,,"{""source"": ""simulation""}"
acct_002359,acct_002359_owner,first_invoice_created,2024-03-14T18:21:00+00:00,2024-03-01,,"{""source"": ""simulation""}"
acct_002359,acct_002359_owner,first_payment_received,2024-03-21T18:21:00+00:00,2024-03-01,,"{""source"": ""simulation""}"
acct_002359,acct_002359_owner,app_integration_connected,2024-03-29T18:21:00+00:00,2024-03-01,,"{""source"": ""simulation""}"
acct_002359,acct_002359_owner,plan_upgrade,2024-05-22T18:21:00+00:00,2024-05-01,,"{""source"": ""simulation""}"
acct_002360,acct_002360_owner,signup,2024-05-25T10:51:00+00:00,2024-05-01,,"{""source"": ""simulation""}"
acct_002360,acct_002360_owner,first_invoice_created,2024-05-27T10:51:00+00:00,2024-05-01,,"{""source"": ""simulation""}"
acct_002360,acct_002360_owner,first_payment_received,2024-05-27T10:51:00+00:00,2024-05-01,,"{""source"": ""simulation""}"
acct_002361,acct_002361_owner,signup,2024-07-06T15:00:00+00:00,2024-07-01,,"{""source"": ""simulation""}"
acct_002361,acct_002361_owner,first_invoice_created,2024-07-08T15:00:00+00:00,2024-07-01,,"{""source"": ""simulation""}"
acct_002362,acct_002362_owner,signup,2024-03-10T12:05:00+00:00,2024-03-01,,"{""source"": ""simulation""}"
acct_002362,acct_002362_owner,first_invoice_created,2024-03-20T12:05:00+00:00,2024-03-01,,"{""source"": ""simulation""}"
acct_002362,acct_002362_owner,first_payment_received,2024-03-22T12:05:00+00:00,2024-03-01,,"{""source"": ""simulation""}"
acct_002362,acct_002362_owner,app_integration_connected,2024-04-05T12:05:00+00:00,2024-04-01,,"{""source"": ""simulation""}"
acct_002362,acct_002362_owner,plan_upgrade,2024-05-02T12:05:00+00:00,2024-05-01,,"{""source"": ""simulation""}"
acct_002363,acct_002363_owner,signup,2024-04-14T09:46:00+00:00,2024-04-01,,"{""source"": ""simulation""}"
acct_002363,acct_002363_owner,first_invoice_created,2024-04-16T09:46:00+00:00,2024-04-01,,"{""source"": ""simulation""}"
acct_002363,acct_002363_owner,first_payment_received,2024-04-17T09:46:00+00:00,2024-04-01,,"{""source"": ""simulation""}"
acct_002364,acct_002364_owner,signup,2024-09-25T13:00:00+00:00,2024-09-01,,"{""source"": ""simulation""}"
acct_002364,acct_002364_owner,first_invoice_created,2024-09-28T13:00:00+00:00,2024-09-01,,"{""source"": ""simulation""}"
acct_002364,acct_002364_owner,first_payment_received,2024-10-01T13:00:00+00:00,2024-10-01,,"{""source"": ""simulation""}"
acct_002364,acct_002364_owner,app_integration_connected,2024-10-19T13:00:00+00:00,2024-10-01,,"{""source"": ""simulation""}"
acct_002365,acct_002365_owner,signup,2024-06-04T15:35:00+00:00,2024-06-01,,"{""source"": ""simulation""}"
acct_002366,acct_002366_owner,signup,2024-08-22T14:53:00+00:00,2024-08-01,,"{""source"": ""simulation""}"
acct_002366,acct_002366_owner,first_invoice_created,2024-08-30T14:53:00+00:00,2024-08-01,,"{""source"": ""simulation""}"
acct_002366,acct_002366_owner,first_payment_received,2024-09-07T14:53:00+00:00,2024-09-01,,"{""source"": ""simulation""}"
acct_002366,acct_002366_owner,app_integration_connected,2024-09-27T14:53:00+00:00,2024-09-01,,"{""source"": ""simulation""}"
acct_002367,acct_002367_owner,signup,2024-02-13T10:20:00+00:00,2024-02-01,,"{""source"": ""simulation""}"
acct_002367,acct_002367_owner,first_invoice_created,2024-02-18T10:20:00+00:00,2024-02-01,,"{""source"": ""simulation""}"
acct_002368,acct_002368_owner,signup,2024-06-10T18:46:00+00:00,2024-06-01,,"{""source"": ""simulation""}"
acct_002369,acct_002369_owner,signup,2024-09-03T13:31:00+00:00,2024-09-01,,"{""source"": ""simulation""}"
acct_002369,acct_002369_owner,first_invoice_created,2024-09-11T13:31:00+00:00,2024-09-01,,"{""source"": ""simulation""}"
acct_002370,acct_002370_owner,signup,2024-03-25T11:23:00+00:00,2024-03-01,,"{""source"": ""simulation""}"
acct_002371,acct_002371_owner,signup,2024-09-01T17:38:00+00:00,2024-09-01,,"{""source"": ""simulation""}"
acct_002371,acct_002371_owner,first_invoice_created,2024-09-08T17:38:00+00:00,2024-09-01,,"{""source"": ""simulation""}"
acct_002371,acct_002371_owner,first_payment_received,2024-09-12T17:38:00+00:00,2024-09-01,,"{""source"": ""simulation""}"
acct_002372,acct_002372_owner,signup,2024-04-05T15:12:00+00:00,2024-04-01,,"{""source"": ""simulation""}"
acct_002372,acct_002372_owner,first_invoice_created,2024-04-07T15:12:00+00:00,2024-04-01,,"{""source"": ""simulation""}"
acct_002372,acct_002372_owner,first_payment_received,2024-04-12T15:12:00+00:00,2024-04-01,,"{""source"": ""simulation""}"
acct_002372,acct_002372_owner,app_integration_connected,2024-04-22T15:12:00+00:00,2024-04-01,,"{""source"": ""simulation""}"
acct_002372,acct_002372_owner,plan_upgrade,2024-07-05T15:12:00+00:00,2024-07-01,,"{""source"": ""simulation""}"
acct_002373,acct_002373_owner,signup,2024-05-14T09:21:00+00:00,2024-05-01,,"{""source"": ""simulation""}"
acct_002374,acct_002374_owner,signup,2024-07-05T12:19:00+00:00,2024-07-01,,"{""source"": ""simulation""}"
acct_002374,acct_002374_owner,first_invoice_created,2024-07-13T12:19:00+00:00,2024-07-01,,"{""source"": ""simulation""}"
acct_002374,acct_002374_owner,first_payment_received,2024-07-14T12:19:00+00:00,2024-07-01,,"{""source"": ""simulation""}"
acct_002374,acct_002374_owner,app_integration_connected,2024-07-15T12:19:00+00:00,2024-07-01,,"{""source"": ""simulation""}"
acct_002375,acct_002375_owner,signup,2024-01-09T14:11:00+00:00,2024-01-01,,"{""source"": ""simulation""}"
acct_002375,acct_002375_owner,first_invoice_created,2024-01-11T14:11:00+00:00,2024-01-01,,"{""source"": ""simulation""}"
acct_002375,acct_002375_owner,first_payment_received,2024-01-15T14:11:00+00:00,2024-01-01,,"{""source"": ""simulation""}"
acct_002376,acct_002376_owner,signup,2024-09-04T15:51:00+00:00,2024-09-01,,"{""source"": ""simulation""}"
acct_002376,acct_002376_owner,first_invoice_created,2024-09-07T15:51:00+00:00,2024-09-01,,"{""source"": ""simulation""}"
acct_002376,acct_002376_owner,first_payment_received,2024-09-12T15:51:00+00:00,2024-09-01,,"{""source"": ""simulation""}"
acct_002376,acct_002376_owner,app_integration_connected,2024-09-14T15:51:00+00:00,2024-09-01,,"{""source"": ""simulation""}"
acct_002377,acct_002377_owner,signup,2024-02-21T14:51:00+00:00,2024-02-01,,"{""source"": ""simulation""}"
acct_002377,acct_002377_owner,first_invoice_created,2024-02-28T14:51:00+00:00,2024-02-01,,"{""source"": ""simulation""}"
acct_002377,acct_002377_owner,first_payment_received,2024-03-06T14:51:00+00:00,2024-03-01,,"{""source"": ""simulation""}"
acct_002378,acct_002378_owner,signup,2024-06-05T17:32:00+00:00,2024-06-01,,"{""source"": ""simulation""}"
acct_002379,acct_002379_owner,signup,2024-01-16T18:42:00+00:00,2024-01-01,,"{""source"": ""simulation""}"
acct_002379,acct_002379_owner,first_invoice_created,2024-01-22T18:42:00+00:00,2024-01-01,,"{""source"": ""simulation""}"
acct_002380,acct_002380_owner,signup,2024-01-10T14:16:00+00:00,2024-01-01,,"{""source"": ""simulation""}"
acct_002380,acct_002380_owner,first_invoice_created,2024-01-15T14:16:00+00:00,2024-01-01,,"{""source"": ""simulation""}"
acct_002380,acct_002380_owner,first_payment_received,2024-01-22T14:16:00+00:00,2024-01-01,,"{""source"": ""simulation""}"
acct_002381,acct_002381_owner,signup,2024-09-12T20:30:00+00:00,2024-09-01,,"{""source"": ""simulation""}"
acct_002382,acct_002382_owner,signup,2024-02-06T14:34:00+00:00,2024-02-01,,"{""source"": ""simulation""}"
acct_002382,acct_002382_owner,first_invoice_created,2024-02-16T14:34:00+00:00,2024-02-01,,"{""source"": ""simulation""}"
acct_002382,acct_002382_owner,first_payment_received,2024-02-23T14:34:00+00:00,2024-02-01,,"{""source"": ""simulation""}"
acct_002383,acct_002383_owner,signup,2024-03-01T13:59:00+00:00,2024-03-01,,"{""source"": ""simulation""}"
acct_002383,acct_002383_owner,first_invoice_created,2024-03-10T13:59:00+00:00,2024-03-01,,"{""source"": ""simulation""}"
acct_002384,acct_002384_owner,signup,2024-09-20T19:55:00+00:00,2024-09-01,,"{""source"": ""simulation""}"
acct_002384,acct_002384_owner,first_invoice_created,2024-09-29T19:55:00+00:00,2024-09-01,,"{""source"": ""simulation""}"
acct_002384,acct_002384_owner,first_payment_received,2024-10-06T19:55:00+00:00,2024-10-01,,"{""source"": ""simulation""}"
acct_002385,acct_002385_owner,signup,2024-01-15T12:02:00+00:00,2024-01-01,,"{""source"": ""simulation""}"
acct_002385,acct_002385_owner,first_invoice_created,2024-01-21T12:02:00+00:00,2024-01-01,,"{""source"": ""simulation""}"
acct_002385,acct_002385_owner,first_payment_received,2024-01-23T12:02:00+00:00,2024-01-01,,"{""source"": ""simulation""}"
acct_002386,acct_002386_owner,signup,2024-08-12T08:56:00+00:00,2024-08-01,,"{""source"": ""simulation""}"
acct_002386,acct_002386_owner,first_invoice_created,2024-08-20T08:56:00+00:00,2024-08-01,,"{""source"": ""simulation""}"
acct_002387,acct_002387_owner,signup,2024-07-11T18:18:00+00:00,2024-07-01,,"{""source"": ""simulation""}"
acct_002387,acct_002387_owner,first_invoice_created,2024-07-12T18:18:00+00:00,2024-07-01,,"{""source"": ""simulation""}"
acct_002387,acct_002387_owner,first_payment_received,2024-07-18T18:18:00+00:00,2024-07-01,,"{""source"": ""simulation""}"
acct_002388,acct_002388_owner,signup,2024-03-10T13:26:00+00:00,2024-03-01,,"{""source"": ""simulation""}"
acct_002389,acct_002389_owner,signup,2024-06-10T18:02:00+00:00,2024-06-01,,"{""source"": ""simulation""}"
acct_002389,acct_002389_owner,first_invoice_created,2024-06-15T18:02:00+00:00,2024-06-01,,"{""source"": ""simulation""}"
acct_002390,acct_002390_owner,signup,2024-01-18T19:25:00+00:00,2024-01-01,,"{""source"": ""simulation""}"
acct_002390,acct_002390_owner,first_invoice_created,2024-01-25T19:25:00+00:00,2024-01-01,,"{""source"": ""simulation""}"
acct_002390,acct_002390_owner,first_payment_received,2024-01-29T19:25:00+00:00,2024-01-01,,"{""source"": ""simulation""}"
acct_002391,acct_002391_owner,signup,2024-02-18T09:08:00+00:00,2024-02-01,,"{""source"": ""simulation""}"
acct_002391,acct_002391_owner,first_invoice_created,2024-02-26T09:08:00+00:00,2024-02-01,,"{""source"": ""simulation""}"
acct_002391,acct_002391_owner,first_payment_received,2024-02-29T09:08:00+00:00,2024-02-01,,"{""source"": ""simulation""}"
acct_002391,acct_002391_owner,app_integration_connected,2024-03-12T09:08:00+00:00,2024-03-01,,"{""source"": ""simulation""}"
acct_002392,acct_002392_owner,signup,2024-07-09T13:29:00+00:00,2024-07-01,,"{""source"": ""simulation""}"
acct_002392,acct_002392_owner,first_invoice_created,2024-07-11T13:29:00+00:00,2024-07-01,,"{""source"": ""simulation""}"
acct_002392,acct_002392_owner,first_payment_received,2024-07-19T13:29:00+00:00,2024-07-01,,"{""source"": ""simulation""}"
acct_002392,acct_002392_owner,app_integration_connected,2024-07-29T13:29:00+00:00,2024-07-01,,"{""source"": ""simulation""}"
acct_002392,acct_002392_owner,feature_activated,2024-08-14T13:29:00+00:00,2024-08-01,bank_feed_sync,"{""source"": ""simulation""}"
acct_002393,acct_002393_owner,signup,2024-01-03T13:23:00+00:00,2024-01-01,,"{""source"": ""simulation""}"
acct_002393,acct_002393_owner,first_invoice_created,2024-01-05T13:23:00+00:00,2024-01-01,,"{""source"": ""simulation""}"
acct_002393,acct_002393_owner,first_payment_received,2024-01-06T13:23:00+00:00,2024-01-01,,"{""source"": ""simulation""}"
acct_002393,acct_002393_owner,app_integration_connected,2024-01-11T13:23:00+00:00,2024-01-01,,"{""source"": ""simulation""}"
acct_002394,acct_002394_owner,signup,2024-02-13T16:46:00+00:00,2024-02-01,,"{""source"": ""simulation""}"
acct_002394,acct_002394_owner,first_invoice_created,2024-02-18T16:46:00+00:00,2024-02-01,,"{""source"": ""simulation""}"
acct_002395,acct_002395_owner,signup,2024-05-14T14:01:00+00:00,2024-05-01,,"{""source"": ""simulation""}"
acct_002395,acct_002395_owner,first_invoice_created,2024-05-16T14:01:00+00:00,2024-05-01,,"{""source"": ""simulation""}"
acct_002395,acct_002395_owner,first_payment_received,2024-05-19T14:01:00+00:00,2024-05-01,,"{""source"": ""simulation""}"
acct_002395,acct_002395_owner,app_integration_connected,2024-05-21T14:01:00+00:00,2024-05-01,,"{""source"": ""simulation""}"
acct_002396,acct_002396_owner,signup,2024-02-14T09:50:00+00:00,2024-02-01,,"{""source"": ""simulation""}"
acct_002396,acct_002396_owner,first_invoice_created,2024-02-22T09:50:00+00:00,2024-02-01,,"{""source"": ""simulation""}"
acct_002396,acct_002396_owner,first_payment_received,2024-02-27T09:50:00+00:00,2024-02-01,,"{""source"": ""simulation""}"
acct_002396,acct_002396_owner,app_integration_connected,2024-03-10T09:50:00+00:00,2024-03-01,,"{""source"": ""simulation""}"
acct_002396,acct_002396_owner,feature_activated,2024-03-17T09:50:00+00:00,2024-03-01,bank_feed_sync,"{""source"": ""simulation""}"
acct_002397,acct_002397_owner,signup,2024-05-20T16:34:00+00:00,2024-05-01,,"{""source"": ""simulation""}"
acct_002397,acct_002397_owner,first_invoice_created,2024-05-29T16:34:00+00:00,2024-05-01,,"{""source"": ""simulation""}"
acct_002397,acct_002397_owner,first_payment_received,2024-06-02T16:34:00+00:00,2024-06-01,,"{""source"": ""simulation""}"
acct_002398,acct_002398_owner,signup,2024-06-19T15:13:00+00:00,2024-06-01,,"{""source"": ""simulation""}"
acct_002399,acct_002399_owner,signup,2024-03-09T16:42:00+00:00,2024-03-01,,"{""source"": ""simulation""}"
acct_002399,acct_002399_owner,first_invoice_created,2024-03-14T16:42:00+00:00,2024-03-01,,"{""source"": ""simulation""}"
acct_002399,acct_002399_owner,first_payment_received,2024-03-20T16:42:00+00:00,2024-03-01,,"{""source"": ""simulation""}"
acct_002400,acct_002400_owner,signup,2024-03-22T12:17:00+00:00,2024-03-01,,"{""source"": ""simulation""}"
acct_002400,acct_002400_owner,first_invoice_created,2024-03-31T12:17:00+00:00,2024-03-01,,"{""source"": ""simulation""}"
acct_002400,acct_002400_owner,first_payment_received,2024-04-01T12:17:00+00:00,2024-04-01,,"{""source"": ""simulation""}"
acct_002400,acct_002400_owner,app_integration_connected,2024-04-11T12:17:00+00:00,2024-04-01,,"{""source"": ""simulation""}"
acct_002400,acct_002400_owner,plan_upgrade,2024-05-03T12:17:00+00:00,2024-05-01,,"{""source"": ""simulation""}"
acct_002401,acct_002401_owner,signup,2024-04-01T20:26:00+00:00,2024-04-01,,"{""source"": ""simulation""}"
acct_002401,acct_002401_owner,first_invoice_created,2024-04-10T20:26:00+00:00,2024-04-01,,"{""source"": ""simulation""}"
acct_002402,acct_002402_owner,signup,2024-05-15T17:50:00+00:00,2024-05-01,,"{""source"": ""simulation""}"
acct_002403,acct_002403_owner,signup,2024-04-08T08:45:00+00:00,2024-04-01,,"{""source"": ""simulation""}"
acct_002403,acct_002403_owner,first_invoice_created,2024-04-09T08:45:00+00:00,2024-04-01,,"{""source"": ""simulation""}"
acct_002403,acct_002403_owner,first_payment_received,2024-04-12T08:45:00+00:00,2024-04-01,,"{""source"": ""simulation""}"
acct_002404,acct_002404_owner,signup,2024-02-20T12:46:00+00:00,2024-02-01,,"{""source"": ""simulation""}"
acct_002405,acct_002405_owner,signup,2024-06-18T14:30:00+00:00,2024-06-01,,"{""source"": ""simulation""}"
acct_002406,acct_002406_owner,signup,2024-06-11T13:52:00+00:00,2024-06-01,,"{""source"": ""simulation""}"
acct_002406,acct_002406_owner,first_invoice_created,2024-06-17T13:52:00+00:00,2024-06-01,,"{""source"": ""simulation""}"
acct_002406,acct_002406_owner,first_payment_received,2024-06-21T13:52:00+00:00,2024-06-01,,"{""source"": ""simulation""}"
acct_002407,acct_002407_owner,signup,2024-08-24T15:13:00+00:00,2024-08-01,,"{""source"": ""simulation""}"
acct_002407,acct_002407_owner,first_invoice_created,2024-09-03T15:13:00+00:00,2024-09-01,,"{""source"": ""simulation""}"
acct_002407,acct_002407_owner,first_payment_received,2024-09-10T15:13:00+00:00,2024-09-01,,"{""source"": ""simulation""}"
acct_002407,acct_002407_owner,app_integration_connected,2024-09-16T15:13:00+00:00,2024-09-01,,"{""source"": ""simulation""}"
acct_002407,acct_002407_owner,feature_activated,2024-10-06T15:13:00+00:00,2024-10-01,bank_feed_sync,"{""source"": ""simulation""}"
acct_002408,acct_002408_owner,signup,2024-05-13T08:42:00+00:00,2024-05-01,,"{""source"": ""simulation""}"
acct_002408,acct_002408_owner,first_invoice_created,2024-05-19T08:42:00+00:00,2024-05-01,,"{""source"": ""simulation""}"
acct_002408,acct_002408_owner,first_payment_received,2024-05-26T08:42:00+00:00,2024-05-01,,"{""source"": ""simulation""}"
acct_002408,acct_002408_owner,app_integration_connected,2024-06-01T08:42:00+00:00,2024-06-01,,"{""source"": ""simulation""}"
acct_002408,acct_002408_owner,feature_activated,2024-06-02T08:42:00+00:00,2024-06-01,bank_feed_sync,"{""source"": ""simulation""}"
acct_002409,acct_002409_owner,signup,2024-09-12T09:13:00+00:00,2024-09-01,,"{""source"": ""simulation""}"
acct_002410,acct_002410_owner,signup,2024-05-25T13:28:00+00:00,2024-05-01,,"{""source"": ""simulation""}"
acct_002410,acct_002410_owner,first_invoice_created,2024-05-28T13:28:00+00:00,2024-05-01,,"{""source"": ""simulation""}"
acct_002410,acct_002410_owner,first_payment_received,2024-06-02T13:28:00+00:00,2024-06-01,,"{""source"": ""simulation""}"
acct_002410,acct_002410_owner,app_integration_connected,2024-06-22T13:28:00+00:00,2024-06-01,,"{""source"": ""simulation""}"
acct_002410,acct_002410_owner,feature_activated,2024-07-20T13:28:00+00:00,2024-07-01,bank_feed_sync,"{""source"": ""simulation""}"
acct_002410,acct_002410_owner,plan_upgrade,2024-09-01T13:28:00+00:00,2024-09-01,,"{""source"": ""simulation""}"
acct_002411,acct_002411_owner,signup,2024-03-20T17:10:00+00:00,2024-03-01,,"{""source"": ""simulation""}"
acct_002411,acct_002411_owner,first_invoice_created,2024-03-25T17:10:00+00:00,2024-03-01,,"{""source"": ""simulation""}"
acct_002411,acct_002411_owner,first_payment_received,2024-03-25T17:10:00+00:00,2024-03-01,,"{""source"": ""simulation""}"
acct_002411,acct_002411_owner,app_integration_connected,2024-04-13T17:10:00+00:00,2024-04-01,,"{""source"": ""simulation""}"
acct_002412,acct_002412_owner,signup,2024-07-25T08:48:00+00:00,2024-07-01,,"{""source"": ""simulation""}"
acct_002412,acct_002412_owner,first_invoice_created,2024-08-03T08:48:00+00:00,2024-08-01,,"{""source"": ""simulation""}"
acct_002412,acct_002412_owner,first_payment_received,2024-08-10T08:48:00+00:00,2024-08-01,,"{""source"": ""simulation""}"
acct_002412,acct_002412_owner,app_integration_connected,2024-08-19T08:48:00+00:00,2024-08-01,,"{""source"": ""simulation""}"
acct_002412,acct_002412_owner,feature_activated,2024-09-02T08:48:00+00:00,2024-09-01,bank_feed_sync,"{""source"": ""simulation""}"
acct_002413,acct_002413_owner,signup,2024-04-13T16:08:00+00:00,2024-04-01,,"{""source"": ""simulation""}"
acct_002413,acct_002413_owner,first_invoice_created,2024-04-23T16:08:00+00:00,2024-04-01,,"{""source"": ""simulation""}"
acct_002414,acct_002414_owner,signup,2024-02-13T11:13:00+00:00,2024-02-01,,"{""source"": ""simulation""}"
acct_002414,acct_002414_owner,first_invoice_created,2024-02-23T11:13:00+00:00,2024-02-01,,"{""source"": ""simulation""}"
acct_002414,acct_002414_owner,first_payment_received,2024-02-26T11:13:00+00:00,2024-02-01,,"{""source"": ""simulation""}"
acct_002414,acct_002414_owner,app_integration_connected,2024-03-11T11:13:00+00:00,2024-03-01,,"{""source"": ""simulation""}"
acct_002414,acct_002414_owner,feature_activated,2024-04-07T11:13:00+00:00,2024-04-01,bank_feed_sync,"{""source"": ""simulation""}"
acct_002415,acct_002415_owner,signup,2024-03-06T20:49:00+00:00,2024-03-01,,"{""source"": ""simulation""}"
acct_002415,acct_002415_owner,first_invoice_created,2024-03-12T20:49:00+00:00,2024-03-01,,"{""source"": ""simulation""}"
acct_002416,acct_002416_owner,signup,2024-06-25T11:26:00+00:00,2024-06-01,,"{""source"": ""simulation""}"
acct_002416,acct_002416_owner,first_invoice_created,2024-06-29T11:26:00+00:00,2024-06-01,,"{""source"": ""simulation""}"
acct_002416,acct_002416_owner,first_payment_received,2024-07-01T11:26:00+00:00,2024-07-01,,"{""source"": ""simulation""}"
acct_002417,acct_002417_owner,signup,2024-06-21T09:42:00+00:00,2024-06-01,,"{""source"": ""simulation""}"
acct_002417,acct_002417_owner,first_invoice_created,2024-06-28T09:42:00+00:00,2024-06-01,,"{""source"": ""simulation""}"
acct_002417,acct_002417_owner,first_payment_received,2024-06-28T09:42:00+00:00,2024-06-01,,"{""source"": ""simulation""}"
acct_002417,acct_002417_owner,app_integration_connected,2024-07-12T09:42:00+00:00,2024-07-01,,"{""source"": ""simulation""}"
acct_002417,acct_002417_owner,feature_activated,2024-07-31T09:42:00+00:00,2024-07-01,bank_feed_sync,"{""source"": ""simulation""}"
acct_002417,acct_002417_owner,plan_upgrade,2024-07-31T09:42:00+00:00,2024-07-01,,"{""source"": ""simulation""}"
acct_002418,acct_002418_owner,signup,2024-04-13T15:48:00+00:00,2024-04-01,,"{""source"": ""simulation""}"
acct_002418,acct_002418_owner,first_invoice_created,2024-04-16T15:48:00+00:00,2024-04-01,,"{""source"": ""simulation""}"
acct_002418,acct_002418_owner,first_payment_received,2024-04-22T15:48:00+00:00,2024-04-01,,"{""source"": ""simulation""}"
acct_002419,acct_002419_owner,signup,2024-08-06T10:25:00+00:00,2024-08-01,,"{""source"": ""simulation""}"
acct_002419,acct_002419_owner,first_invoice_created,2024-08-08T10:25:00+00:00,2024-08-01,,"{""source"": ""simulation""}"
acct_002419,acct_002419_owner,first_payment_received,2024-08-14T10:25:00+00:00,2024-08-01,,"{""source"": ""simulation""}"
acct_002419,acct_002419_owner,app_integration_connected,2024-09-02T10:25:00+00:00,2024-09-01,,"{""source"": ""simulation""}"
acct_002419,acct_002419_owner,feature_activated,2024-09-26T10:25:00+00:00,2024-09-01,bank_feed_sync,"{""source"": ""simulation""}"
acct_002420,acct_002420_owner,signup,2024-09-11T20:29:00+00:00,2024-09-01,,"{""source"": ""simulation""}"
acct_002420,acct_002420_owner,first_invoice_created,2024-09-19T20:29:00+00:00,2024-09-01,,"{""source"": ""simulation""}"
acct_002420,acct_002420_owner,first_payment_received,2024-09-24T20:29:00+00:00,2024-09-01,,"{""source"": ""simulation""}"
acct_002420,acct_002420_owner,app_integration_connected,2024-10-09T20:29:00+00:00,2024-10-01,,"{""source"": ""simulation""}"
acct_002420,acct_002420_owner,feature_activated,2024-10-20T20:29:00+00:00,2024-10-01,bank_feed_sync,"{""source"": ""simulation""}"
acct_002420,acct_002420_owner,plan_upgrade,2024-11-21T20:29:00+00:00,2024-11-01,,"{""source"": ""simulation""}"
acct_002421,acct_002421_owner,signup,2024-07-19T18:26:00+00:00,2024-07-01,,"{""source"": ""simulation""}"
acct_002422,acct_002422_owner,signup,2024-04-21T08:39:00+00:00,2024-04-01,,"{""source"": ""simulation""}"
acct_002422,acct_002422_owner,first_invoice_created,2024-04-26T08:39:00+00:00,2024-04-01,,"{""source"": ""simulation""}"
acct_002423,acct_002423_owner,signup,2024-09-03T17:36:00+00:00,2024-09-01,,"{""source"": ""simulation""}"
acct_002423,acct_002423_owner,first_invoice_created,2024-09-08T17:36:00+00:00,2024-09-01,,"{""source"": ""simulation""}"
acct_002423,acct_002423_owner,first_payment_received,2024-09-16T17:36:00+00:00,2024-09-01,,"{""source"": ""simulation""}"
acct_002424,acct_002424_owner,signup,2024-06-20T11:10:00+00:00,2024-06-01,,"{""source"": ""simulation""}"
acct_002424,acct_002424_owner,first_invoice_created,2024-06-25T11:10:00+00:00,2024-06-01,,"{""source"": ""simulation""}"
acct_002424,acct_002424_owner,first_payment_received,2024-06-30T11:10:00+00:00,2024-06-01,,"{""source"": ""simulation""}"
acct_002425,acct_002425_owner,signup,2024-06-01T19:38:00+00:00,2024-06-01,,"{""source"": ""simulation""}"
acct_002425,acct_002425_owner,first_invoice_created,2024-06-09T19:38:00+00:00,2024-06-01,,"{""source"": ""simulation""}"
acct_002425,acct_002425_owner,first_payment_received,2024-06-15T19:38:00+00:00,2024-06-01,,"{""source"": ""simulation""}"
acct_002426,acct_002426_owner,signup,2024-03-15T13:46:00+00:00,2024-03-01,,"{""source"": ""simulation""}"
acct_002426,acct_002426_owner,first_invoice_created,2024-03-16T13:46:00+00:00,2024-03-01,,"{""source"": ""simulation""}"
acct_002426,acct_002426_owner,first_payment_received,2024-03-18T13:46:00+00:00,2024-03-01,,"{""source"": ""simulation""}"
acct_002427,acct_002427_owner,signup,2024-08-23T11:20:00+00:00,2024-08-01,,"{""source"": ""simulation""}"
acct_002427,acct_002427_owner,first_invoice_created,2024-08-30T11:20:00+00:00,2024-08-01,,"{""source"": ""simulation""}"
acct_002427,acct_002427_owner,first_payment_received,2024-08-31T11:20:00+00:00,2024-08-01,,"{""source"": ""simulation""}"
acct_002427,acct_002427_owner,app_integration_connected,2024-09-17T11:20:00+00:00,2024-09-01,,"{""source"": ""simulation""}"
acct_002428,acct_002428_owner,signup,2024-02-01T11:36:00+00:00,2024-02-01,,"{""source"": ""simulation""}"
acct_002428,acct_002428_owner,first_invoice_created,2024-02-07T11:36:00+00:00,2024-02-01,,"{""source"": ""simulation""}"
acct_002428,acct_002428_owner,first_payment_received,2024-02-13T11:36:00+00:00,2024-02-01,,"{""source"": ""simulation""}"
acct_002429,acct_002429_owner,signup,2024-04-22T17:28:00+00:00,2024-04-01,,"{""source"": ""simulation""}"
acct_002429,acct_002429_owner,first_invoice_created,2024-04-27T17:28:00+00:00,2024-04-01,,"{""source"": ""simulation""}"
acct_002429,acct_002429_owner,first_payment_received,2024-04-30T17:28:00+00:00,2024-04-01,,"{""source"": ""simulation""}"
acct_002429,acct_002429_owner,app_integration_connected,2024-05-20T17:28:00+00:00,2024-05-01,,"{""source"": ""simulation""}"
acct_002430,acct_002430_owner,signup,2024-08-17T18:07:00+00:00,2024-08-01,,"{""source"": ""simulation""}"
acct_002430,acct_002430_owner,first_invoice_created,2024-08-27T18:07:00+00:00,2024-08-01,,"{""source"": ""simulation""}"
acct_002430,acct_002430_owner,first_payment_received,2024-08-30T18:07:00+00:00,2024-08-01,,"{""source"": ""simulation""}"
acct_002430,acct_002430_owner,app_integration_connected,2024-09-16T18:07:00+00:00,2024-09-01,,"{""source"": ""simulation""}"
acct_002430,acct_002430_owner,feature_activated,2024-10-02T18:07:00+00:00,2024-10-01,bank_feed_sync,"{""source"": ""simulation""}"
acct_002430,acct_002430_owner,plan_upgrade,2024-10-25T18:07:00+00:00,2024-10-01,,"{""source"": ""simulation""}"
acct_002431,acct_002431_owner,signup,2024-04-15T19:04:00+00:00,2024-04-01,,"{""source"": ""simulation""}"
acct_002432,acct_002432_owner,signup,2024-07-17T15:55:00+00:00,2024-07-01,,"{""source"": ""simulation""}"
acct_002433,acct_002433_owner,signup,2024-07-09T19:34:00+00:00,2024-07-01,,"{""source"": ""simulation""}"
acct_002434,acct_002434_owner,signup,2024-08-16T19:03:00+00:00,2024-08-01,,"{""source"": ""simulation""}"
acct_002434,acct_002434_owner,first_invoice_created,2024-08-19T19:03:00+00:00,2024-08-01,,"{""source"": ""simulation""}"
acct_002434,acct_002434_owner,first_payment_received,2024-08-19T19:03:00+00:00,2024-08-01,,"{""source"": ""simulation""}"
acct_002434,acct_002434_owner,app_integration_connected,2024-08-31T19:03:00+00:00,2024-08-01,,"{""source"": ""simulation""}"
acct_002435,acct_002435_owner,signup,2024-01-12T14:45:00+00:00,2024-01-01,,"{""source"": ""simulation""}"
acct_002435,acct_002435_owner,first_invoice_created,2024-01-19T14:45:00+00:00,2024-01-01,,"{""source"": ""simulation""}"
acct_002435,acct_002435_owner,first_payment_received,2024-01-23T14:45:00+00:00,2024-01-01,,"{""source"": ""simulation""}"
acct_002435,acct_002435_owner,app_integration_connected,2024-02-04T14:45:00+00:00,2024-02-01,,"{""source"": ""simulation""}"
acct_002435,acct_002435_owner,feature_activated,2024-03-04T14:45:00+00:00,2024-03-01,bank_feed_sync,"{""source"": ""simulation""}"
acct_002436,acct_002436_owner,signup,2024-02-04T10:54:00+00:00,2024-02-01,,"{""source"": ""simulation""}"
acct_002436,acct_002436_owner,first_invoice_created,2024-02-06T10:54:00+00:00,2024-02-01,,"{""source"": ""simulation""}"
acct_002436,acct_002436_owner,first_payment_received,2024-02-09T10:54:00+00:00,2024-02-01,,"{""source"": ""simulation""}"
acct_002436,acct_002436_owner,app_integration_connected,2024-02-23T10:54:00+00:00,2024-02-01,,"{""source"": ""simulation""}"
acct_002436,acct_002436_owner,feature_activated,2024-03-22T10:54:00+00:00,2024-03-01,bank_feed_sync,"{""source"": ""simulation""}"
acct_002436,acct_002436_owner,plan_upgrade,2024-04-29T10:54:00+00:00,2024-04-01,,"{""source"": ""simulation""}"
acct_002437,acct_002437_owner,signup,2024-03-12T14:42:00+00:00,2024-03-01,,"{""source"": ""simulation""}"
acct_002438,acct_002438_owner,signup,2024-04-16T11:16:00+00:00,2024-04-01,,"{""source"": ""simulation""}"
acct_002438,acct_002438_owner,first_invoice_created,2024-04-21T11:16:00+00:00,2024-04-01,,"{""source"": ""simulation""}"
acct_002438,acct_002438_owner,first_payment_received,2024-04-25T11:16:00+00:00,2024-04-01,,"{""source"": ""simulation""}"
acct_002439,acct_002439_owner,signup,2024-02-15T19:31:00+00:00,2024-02-01,,"{""source"": ""simulation""}"
acct_002439,acct_002439_owner,first_invoice_created,2024-02-24T19:31:00+00:00,2024-02-01,,"{""source"": ""simulation""}"
acct_002439,acct_002439_owner,first_payment_received,2024-03-02T19:31:00+00:00,2024-03-01,,"{""source"": ""simulation""}"
acct_002440,acct_002440_owner,signup,2024-06-10T19:28:00+00:00,2024-06-01,,"{""source"": ""simulation""}"
acct_002441,acct_002441_owner,signup,2024-05-19T12:38:00+00:00,2024-05-01,,"{""source"": ""simulation""}"
acct_002442,acct_002442_owner,signup,2024-03-17T12:01:00+00:00,2024-03-01,,"{""source"": ""simulation""}"
acct_002443,acct_002443_owner,signup,2024-06-23T12:19:00+00:00,2024-06-01,,"{""source"": ""simulation""}"
acct_002444,acct_002444_owner,signup,2024-08-23T15:43:00+00:00,2024-08-01,,"{""source"": ""simulation""}"
acct_002444,acct_002444_owner,first_invoice_created,2024-08-27T15:43:00+00:00,2024-08-01,,"{""source"": ""simulation""}"
acct_002444,acct_002444_owner,first_payment_received,2024-09-04T15:43:00+00:00,2024-09-01,,"{""source"": ""simulation""}"
acct_002445,acct_002445_owner,signup,2024-03-05T17:18:00+00:00,2024-03-01,,"{""source"": ""simulation""}"
acct_002446,acct_002446_owner,signup,2024-04-01T11:37:00+00:00,2024-04-01,,"{""source"": ""simulation""}"
acct_002447,acct_002447_owner,signup,2024-01-09T13:46:00+00:00,2024-01-01,,"{""source"": ""simulation""}"
acct_002447,acct_002447_owner,first_invoice_created,2024-01-14T13:46:00+00:00,2024-01-01,,"{""source"": ""simulation""}"
acct_002447,acct_002447_owner,first_payment_received,2024-01-17T13:46:00+00:00,2024-01-01,,"{""source"": ""simulation""}"
acct_002448,acct_002448_owner,signup,2024-03-12T18:09:00+00:00,2024-03-01,,"{""source"": ""simulation""}"
acct_002449,acct_002449_owner,signup,2024-07-16T18:10:00+00:00,2024-07-01,,"{""source"": ""simulation""}"
acct_002449,acct_002449_owner,first_invoice_created,2024-07-24T18:10:00+00:00,2024-07-01,,"{""source"": ""simulation""}"
acct_002449,acct_002449_owner,first_payment_received,2024-07-26T18:10:00+00:00,2024-07-01,,"{""source"": ""simulation""}"
acct_002450,acct_002450_owner,signup,2024-08-13T08:42:00+00:00,2024-08-01,,"{""source"": ""simulation""}"
acct_002450,acct_002450_owner,first_invoice_created,2024-08-15T08:42:00+00:00,2024-08-01,,"{""source"": ""simulation""}"
acct_002450,acct_002450_owner,first_payment_received,2024-08-19T08:42:00+00:00,2024-08-01,,"{""source"": ""simulation""}"
acct_002450,acct_002450_owner,app_integration_connected,2024-09-06T08:42:00+00:00,2024-09-01,,"{""source"": ""simulation""}"
acct_002451,acct_002451_owner,signup,2024-04-10T11:14:00+00:00,2024-04-01,,"{""source"": ""simulation""}"
acct_002451,acct_002451_owner,first_invoice_created,2024-04-17T11:14:00+00:00,2024-04-01,,"{""source"": ""simulation""}"
acct_002451,acct_002451_owner,first_payment_received,2024-04-18T11:14:00+00:00,2024-04-01,,"{""source"": ""simulation""}"
acct_002451,acct_002451_owner,app_integration_connected,2024-04-29T11:14:00+00:00,2024-04-01,,"{""source"": ""simulation""}"
acct_002452,acct_002452_owner,signup,2024-02-21T11:22:00+00:00,2024-02-01,,"{""source"": ""simulation""}"
acct_002452,acct_002452_owner,first_invoice_created,2024-02-26T11:22:00+00:00,2024-02-01,,"{""source"": ""simulation""}"
acct_002452,acct_002452_owner,first_payment_received,2024-02-26T11:22:00+00:00,2024-02-01,,"{""source"": ""simulation""}"
acct_002452,acct_002452_owner,app_integration_connected,2024-03-16T11:22:00+00:00,2024-03-01,,"{""source"": ""simulation""}"
acct_002452,acct_002452_owner,feature_activated,2024-04-09T11:22:00+00:00,2024-04-01,bank_feed_sync,"{""source"": ""simulation""}"
acct_002453,acct_002453_owner,signup,2024-01-24T20:50:00+00:00,2024-01-01,,"{""source"": ""simulation""}"
acct_002453,acct_002453_owner,first_invoice_created,2024-02-02T20:50:00+00:00,2024-02-01,,"{""source"": ""simulation""}"
acct_002453,acct_002453_owner,first_payment_received,2024-02-04T20:50:00+00:00,2024-02-01,,"{""source"": ""simulation""}"
acct_002453,acct_002453_owner,app_integration_connected,2024-02-23T20:50:00+00:00,2024-02-01,,"{""source"": ""simulation""}"
acct_002453,acct_002453_owner,feature_activated,2024-02-26T20:50:00+00:00,2024-02-01,bank_feed_sync,"{""source"": ""simulation""}"
acct_002454,acct_002454_owner,signup,2024-06-22T08:25:00+00:00,2024-06-01,,"{""source"": ""simulation""}"
acct_002454,acct_002454_owner,first_invoice_created,2024-06-23T08:25:00+00:00,2024-06-01,,"{""source"": ""simulation""}"
acct_002455,acct_002455_owner,signup,2024-09-03T12:35:00+00:00,2024-09-01,,"{""source"": ""simulation""}"
acct_002455,acct_002455_owner,first_invoice_created,2024-09-08T12:35:00+00:00,2024-09-01,,"{""source"": ""simulation""}"
acct_002455,acct_002455_owner,first_payment_received,2024-09-15T12:35:00+00:00,2024-09-01,,"{""source"": ""simulation""}"
acct_002455,acct_002455_owner,app_integration_connected,2024-09-21T12:35:00+00:00,2024-09-01,,"{""source"": ""simulation""}"
acct_002456,acct_002456_owner,signup,2024-08-19T16:15:00+00:00,2024-08-01,,"{""source"": ""simulation""}"
acct_002457,acct_002457_owner,signup,2024-03-23T18:54:00+00:00,2024-03-01,,"{""source"": ""simulation""}"
acct_002457,acct_002457_owner,first_invoice_created,2024-03-30T18:54:00+00:00,2024-03-01,,"{""source"": ""simulation""}"
acct_002457,acct_002457_owner,first_payment_received,2024-03-30T18:54:00+00:00,2024-03-01,,"{""source"": ""simulation""}"
acct_002457,acct_002457_owner,app_integration_connected,2024-04-11T18:54:00+00:00,2024-04-01,,"{""source"": ""simulation""}"
acct_002457,acct_002457_owner,feature_activated,2024-04-30T18:54:00+00:00,2024-04-01,bank_feed_sync,"{""source"": ""simulation""}"
acct_002457,acct_002457_owner,plan_upgrade,2024-07-07T18:54:00+00:00,2024-07-01,,"{""source"": ""simulation""}"
acct_002458,acct_002458_owner,signup,2024-08-06T08:38:00+00:00,2024-08-01,,"{""source"": ""simulation""}"
acct_002459,acct_002459_owner,signup,2024-02-24T11:46:00+00:00,2024-02-01,,"{""source"": ""simulation""}"
acct_002459,acct_002459_owner,first_invoice_created,2024-02-25T11:46:00+00:00,2024-02-01,,"{""source"": ""simulation""}"
acct_002459,acct_002459_owner,first_payment_received,2024-02-27T11:46:00+00:00,2024-02-01,,"{""source"": ""simulation""}"
acct_002459,acct_002459_owner,app_integration_connected,2024-03-12T11:46:00+00:00,2024-03-01,,"{""source"": ""simulation""}"
acct_002459,acct_002459_owner,plan_upgrade,2024-04-16T11:46:00+00:00,2024-04-01,,"{""source"": ""simulation""}"
acct_002460,acct_002460_owner,signup,2024-09-10T08:13:00+00:00,2024-09-01,,"{""source"": ""simulation""}"
acct_002461,acct_002461_owner,signup,2024-08-15T09:34:00+00:00,2024-08-01,,"{""source"": ""simulation""}"
acct_002461,acct_002461_owner,first_invoice_created,2024-08-22T09:34:00+00:00,2024-08-01,,"{""source"": ""simulation""}"
acct_002461,acct_002461_owner,first_payment_received,2024-08-22T09:34:00+00:00,2024-08-01,,"{""source"": ""simulation""}"
acct_002461,acct_002461_owner,app_integration_connected,2024-08-30T09:34:00+00:00,2024-08-01,,"{""source"": ""simulation""}"
acct_002462,acct_002462_owner,signup,2024-02-07T15:07:00+00:00,2024-02-01,,"{""source"": ""simulation""}"
acct_002462,acct_002462_owner,first_invoice_created,2024-02-12T15:07:00+00:00,2024-02-01,,"{""source"": ""simulation""}"
acct_002463,acct_002463_owner,signup,2024-08-07T09:34:00+00:00,2024-08-01,,"{""source"": ""simulation""}"
acct_002463,acct_002463_owner,first_invoice_created,2024-08-10T09:34:00+00:00,2024-08-01,,"{""source"": ""simulation""}"
acct_002463,acct_002463_owner,first_payment_received,2024-08-17T09:34:00+00:00,2024-08-01,,"{""source"": ""simulation""}"
acct_002463,acct_002463_owner,app_integration_connected,2024-08-22T09:34:00+00:00,2024-08-01,,"{""source"": ""simulation""}"
acct_002464,acct_002464_owner,signup,2024-05-19T08:37:00+00:00,2024-05-01,,"{""source"": ""simulation""}"
acct_002465,acct_002465_owner,signup,2024-08-25T18:12:00+00:00,2024-08-01,,"{""source"": ""simulation""}"
acct_002465,acct_002465_owner,first_invoice_created,2024-09-02T18:12:00+00:00,2024-09-01,,"{""source"": ""simulation""}"
acct_002466,acct_002466_owner,signup,2024-05-25T14:38:00+00:00,2024-05-01,,"{""source"": ""simulation""}"
acct_002467,acct_002467_owner,signup,2024-03-11T16:30:00+00:00,2024-03-01,,"{""source"": ""simulation""}"
acct_002467,acct_002467_owner,first_invoice_created,2024-03-14T16:30:00+00:00,2024-03-01,,"{""source"": ""simulation""}"
acct_002467,acct_002467_owner,first_payment_received,2024-03-21T16:30:00+00:00,2024-03-01,,"{""source"": ""simulation""}"
acct_002468,acct_002468_owner,signup,2024-05-18T11:21:00+00:00,2024-05-01,,"{""source"": ""simulation""}"
acct_002468,acct_002468_owner,first_invoice_created,2024-05-22T11:21:00+00:00,2024-05-01,,"{""source"": ""simulation""}"
acct_002469,acct_002469_owner,signup,2024-08-04T20:11:00+00:00,2024-08-01,,"{""source"": ""simulation""}"
acct_002470,acct_002470_owner,signup,2024-06-17T15:31:00+00:00,2024-06-01,,"{""source"": ""simulation""}"
acct_002470,acct_002470_owner,first_invoice_created,2024-06-22T15:31:00+00:00,2024-06-01,,"{""source"": ""simulation""}"
acct_002470,acct_002470_owner,first_payment_received,2024-06-30T15:31:00+00:00,2024-06-01,,"{""source"": ""simulation""}"
acct_002470,acct_002470_owner,app_integration_connected,2024-07-17T15:31:00+00:00,2024-07-01,,"{""source"": ""simulation""}"
acct_002471,acct_002471_owner,signup,2024-02-25T14:43:00+00:00,2024-02-01,,"{""source"": ""simulation""}"
acct_002471,acct_002471_owner,first_invoice_created,2024-02-27T14:43:00+00:00,2024-02-01,,"{""source"": ""simulation""}"
acct_002471,acct_002471_owner,first_payment_received,2024-03-04T14:43:00+00:00,2024-03-01,,"{""source"": ""simulation""}"
acct_002472,acct_002472_owner,signup,2024-08-11T18:43:00+00:00,2024-08-01,,"{""source"": ""simulation""}"
acct_002473,acct_002473_owner,signup,2024-02-25T11:13:00+00:00,2024-02-01,,"{""source"": ""simulation""}"
acct_002473,acct_002473_owner,first_invoice_created,2024-02-27T11:13:00+00:00,2024-02-01,,"{""source"": ""simulation""}"
acct_002473,acct_002473_owner,first_payment_received,2024-03-03T11:13:00+00:00,2024-03-01,,"{""source"": ""simulation""}"
acct_002473,acct_002473_owner,app_integration_connected,2024-03-19T11:13:00+00:00,2024-03-01,,"{""source"": ""simulation""}"
acct_002473,acct_002473_owner,plan_upgrade,2024-04-28T11:13:00+00:00,2024-04-01,,"{""source"": ""simulation""}"
acct_002474,acct_002474_owner,signup,2024-06-25T16:30:00+00:00,2024-06-01,,"{""source"": ""simulation""}"
acct_002474,acct_002474_owner,first_invoice_created,2024-06-27T16:30:00+00:00,2024-06-01,,"{""source"": ""simulation""}"
acct_002474,acct_002474_owner,first_payment_received,2024-06-28T16:30:00+00:00,2024-06-01,,"{""source"": ""simulation""}"
acct_002474,acct_002474_owner,app_integration_connected,2024-07-16T16:30:00+00:00,2024-07-01,,"{""source"": ""simulation""}"
acct_002474,acct_002474_owner,feature_activated,2024-07-17T16:30:00+00:00,2024-07-01,bank_feed_sync,"{""source"": ""simulation""}"
acct_002475,acct_002475_owner,signup,2024-04-19T18:09:00+00:00,2024-04-01,,"{""source"": ""simulation""}"
acct_002475,acct_002475_owner,first_invoice_created,2024-04-21T18:09:00+00:00,2024-04-01,,"{""source"": ""simulation""}"
acct_002475,acct_002475_owner,first_payment_received,2024-04-28T18:09:00+00:00,2024-04-01,,"{""source"": ""simulation""}"
acct_002476,acct_002476_owner,signup,2024-04-25T14:50:00+00:00,2024-04-01,,"{""source"": ""simulation""}"
acct_002476,acct_002476_owner,first_invoice_created,2024-04-26T14:50:00+00:00,2024-04-01,,"{""source"": ""simulation""}"
acct_002477,acct_002477_owner,signup,2024-03-11T16:30:00+00:00,2024-03-01,,"{""source"": ""simulation""}"
acct_002477,acct_002477_owner,first_invoice_created,2024-03-15T16:30:00+00:00,2024-03-01,,"{""source"": ""simulation""}"
acct_002477,acct_002477_owner,first_payment_received,2024-03-16T16:30:00+00:00,2024-03-01,,"{""source"": ""simulation""}"
acct_002477,acct_002477_owner,app_integration_connected,2024-03-24T16:30:00+00:00,2024-03-01,,"{""source"": ""simulation""}"
acct_002478,acct_002478_owner,signup,2024-04-09T15:59:00+00:00,2024-04-01,,"{""source"": ""simulation""}"
acct_002478,acct_002478_owner,first_invoice_created,2024-04-11T15:59:00+00:00,2024-04-01,,"{""source"": ""simulation""}"
acct_002478,acct_002478_owner,first_payment_received,2024-04-19T15:59:00+00:00,2024-04-01,,"{""source"": ""simulation""}"
acct_002478,acct_002478_owner,app_integration_connected,2024-05-02T15:59:00+00:00,2024-05-01,,"{""source"": ""simulation""}"
acct_002479,acct_002479_owner,signup,2024-03-10T13:46:00+00:00,2024-03-01,,"{""source"": ""simulation""}"
acct_002479,acct_002479_owner,first_invoice_created,2024-03-15T13:46:00+00:00,2024-03-01,,"{""source"": ""simulation""}"
acct_002479,acct_002479_owner,first_payment_received,2024-03-23T13:46:00+00:00,2024-03-01,,"{""source"": ""simulation""}"
acct_002479,acct_002479_owner,app_integration_connected,2024-04-07T13:46:00+00:00,2024-04-01,,"{""source"": ""simulation""}"
acct_002479,acct_002479_owner,plan_upgrade,2024-05-30T13:46:00+00:00,2024-05-01,,"{""source"": ""simulation""}"
acct_002480,acct_002480_owner,signup,2024-08-10T14:36:00+00:00,2024-08-01,,"{""source"": ""simulation""}"
acct_002480,acct_002480_owner,first_invoice_created,2024-08-11T14:36:00+00:00,2024-08-01,,"{""source"": ""simulation""}"
acct_002480,acct_002480_owner,first_payment_received,2024-08-17T14:36:00+00:00,2024-08-01,,"{""source"": ""simulation""}"
acct_002481,acct_002481_owner,signup,2024-01-25T14:03:00+00:00,2024-01-01,,"{""source"": ""simulation""}"
acct_002481,acct_002481_owner,first_invoice_created,2024-01-28T14:03:00+00:00,2024-01-01,,"{""source"": ""simulation""}"
acct_002481,acct_002481_owner,first_payment_received,2024-02-03T14:03:00+00:00,2024-02-01,,"{""source"": ""simulation""}"
acct_002481,acct_002481_owner,app_integration_connected,2024-02-19T14:03:00+00:00,2024-02-01,,"{""source"": ""simulation""}"
acct_002481,acct_002481_owner,feature_activated,2024-03-12T14:03:00+00:00,2024-03-01,bank_feed_sync,"{""source"": ""simulation""}"
acct_002481,acct_002481_owner,plan_upgrade,2024-05-12T14:03:00+00:00,2024-05-01,,"{""source"": ""simulation""}"
acct_002482,acct_002482_owner,signup,2024-03-15T20:17:00+00:00,2024-03-01,,"{""source"": ""simulation""}"
acct_002482,acct_002482_owner,first_invoice_created,2024-03-18T20:17:00+00:00,2024-03-01,,"{""source"": ""simulation""}"
acct_002482,acct_002482_owner,first_payment_received,2024-03-24T20:17:00+00:00,2024-03-01,,"{""source"": ""simulation""}"
acct_002483,acct_002483_owner,signup,2024-04-22T19:16:00+00:00,2024-04-01,,"{""source"": ""simulation""}"
acct_002484,acct_002484_owner,signup,2024-01-11T14:50:00+00:00,2024-01-01,,"{""source"": ""simulation""}"
acct_002484,acct_002484_owner,first_invoice_created,2024-01-17T14:50:00+00:00,2024-01-01,,"{""source"": ""simulation""}"
acct_002485,acct_002485_owner,signup,2024-09-18T19:12:00+00:00,2024-09-01,,"{""source"": ""simulation""}"
acct_002486,acct_002486_owner,signup,2024-05-04T09:15:00+00:00,2024-05-01,,"{""source"": ""simulation""}"
acct_002486,acct_002486_owner,first_invoice_created,2024-05-13T09:15:00+00:00,2024-05-01,,"{""source"": ""simulation""}"
acct_002486,acct_002486_owner,first_payment_received,2024-05-16T09:15:00+00:00,2024-05-01,,"{""source"": ""simulation""}"
acct_002487,acct_002487_owner,signup,2024-08-24T17:30:00+00:00,2024-08-01,,"{""source"": ""simulation""}"
acct_002487,acct_002487_owner,first_invoice_created,2024-09-03T17:30:00+00:00,2024-09-01,,"{""source"": ""simulation""}"
acct_002488,acct_002488_owner,signup,2024-08-08T12:38:00+00:00,2024-08-01,,"{""source"": ""simulation""}"
acct_002489,acct_002489_owner,signup,2024-02-02T18:21:00+00:00,2024-02-01,,"{""source"": ""simulation""}"
acct_002489,acct_002489_owner,first_invoice_created,2024-02-11T18:21:00+00:00,2024-02-01,,"{""source"": ""simulation""}"
acct_002489,acct_002489_owner,first_payment_received,2024-02-19T18:21:00+00:00,2024-02-01,,"{""source"": ""simulation""}"
acct_002490,acct_002490_owner,signup,2024-08-10T09:30:00+00:00,2024-08-01,,"{""source"": ""simulation""}"
acct_002490,acct_002490_owner,first_invoice_created,2024-08-16T09:30:00+00:00,2024-08-01,,"{""source"": ""simulation""}"
acct_002490,acct_002490_owner,first_payment_received,2024-08-22T09:30:00+00:00,2024-08-01,,"{""source"": ""simulation""}"
acct_002490,acct_002490_owner,app_integration_connected,2024-08-23T09:30:00+00:00,2024-08-01,,"{""source"": ""simulation""}"
acct_002490,acct_002490_owner,plan_upgrade,2024-09-17T09:30:00+00:00,2024-09-01,,"{""source"": ""simulation""}"
acct_002491,acct_002491_owner,signup,2024-06-25T19:26:00+00:00,2024-06-01,,"{""source"": ""simulation""}"
acct_002491,acct_002491_owner,first_invoice_created,2024-07-05T19:26:00+00:00,2024-07-01,,"{""source"": ""simulation""}"
acct_002491,acct_002491_owner,first_payment_received,2024-07-09T19:26:00+00:00,2024-07-01,,"{""source"": ""simulation""}"
acct_002491,acct_002491_owner,app_integration_connected,2024-07-22T19:26:00+00:00,2024-07-01,,"{""source"": ""simulation""}"
acct_002492,acct_002492_owner,signup,2024-05-19T11:35:00+00:00,2024-05-01,,"{""source"": ""simulation""}"
acct_002492,acct_002492_owner,first_invoice_created,2024-05-27T11:35:00+00:00,2024-05-01,,"{""source"": ""simulation""}"
acct_002492,acct_002492_owner,first_payment_received,2024-05-29T11:35:00+00:00,2024-05-01,,"{""source"": ""simulation""}"
acct_002492,acct_002492_owner,app_integration_connected,2024-06-18T11:35:00+00:00,2024-06-01,,"{""source"": ""simulation""}"
acct_002492,acct_002492_owner,feature_activated,2024-06-26T11:35:00+00:00,2024-06-01,bank_feed_sync,"{""source"": ""simulation""}"
acct_002493,acct_002493_owner,signup,2024-04-11T17:34:00+00:00,2024-04-01,,"{""source"": ""simulation""}"
acct_002493,acct_002493_owner,first_invoice_created,2024-04-19T17:34:00+00:00,2024-04-01,,"{""source"": ""simulation""}"
acct_002494,acct_002494_owner,signup,2024-01-05T20:49:00+00:00,2024-01-01,,"{""source"": ""simulation""}"
acct_002495,acct_002495_owner,signup,2024-06-25T15:47:00+00:00,2024-06-01,,"{""source"": ""simulation""}"
acct_002495,acct_002495_owner,first_invoice_created,2024-06-27T15:47:00+00:00,2024-06-01,,"{""source"": ""simulation""}"
acct_002495,acct_002495_owner,first_payment_received,2024-07-02T15:47:00+00:00,2024-07-01,,"{""source"": ""simulation""}"
acct_002496,acct_002496_owner,signup,2024-06-15T11:29:00+00:00,2024-06-01,,"{""source"": ""simulation""}"
acct_002496,acct_002496_owner,first_invoice_created,2024-06-20T11:29:00+00:00,2024-06-01,,"{""source"": ""simulation""}"
acct_002496,acct_002496_owner,first_payment_received,2024-06-24T11:29:00+00:00,2024-06-01,,"{""source"": ""simulation""}"
acct_002497,acct_002497_owner,signup,2024-04-22T19:16:00+00:00,2024-04-01,,"{""source"": ""simulation""}"
acct_002498,acct_002498_owner,signup,2024-03-04T18:26:00+00:00,2024-03-01,,"{""source"": ""simulation""}"
acct_002499,acct_002499_owner,signup,2024-08-02T16:03:00+00:00,2024-08-01,,"{""source"": ""simulation""}"
acct_002499,acct_002499_owner,first_invoice_created,2024-08-09T16:03:00+00:00,2024-08-01,,"{""source"": ""simulation""}"
acct_002499,acct_002499_owner,first_payment_received,2024-08-12T16:03:00+00:00,2024-08-01,,"{""source"": ""simulation""}"
acct_002500,acct_002500_owner,signup,2024-07-02T16:55:00+00:00,2024-07-01,,"{""source"": ""simulation""}"
acct_002500,acct_002500_owner,first_invoice_created,2024-07-06T16:55:00+00:00,2024-07-01,,"{""source"": ""simulation""}"
acct_002500,acct_002500_owner,first_payment_received,2024-07-14T16:55:00+00:00,2024-07-01,,"{""source"": ""simulation""}"
acct_002500,acct_002500_owner,app_integration_connected,2024-07-21T16:55:00+00:00,2024-07-01,,"{""source"": ""simulation""}"
