account_id,signup_ts_utc,signup_month,initial_plan_tier,region,acquisition_channel
acct_000001,2024-02-01T19:17:00+00:00,2024-02-01,free,EU,paid_search
acct_000002,2024-03-24T09:43:00+00:00,2024-03-01,free,NA,direct
acct_000003,2024-01-01T09:13:00+00:00,2024-01-01,free,EU,organic
acct_000004,2024-09-07T19:41:00+00:00,2024-09-01,free,LATAM,paid_search
acct_000005,2024-08-19T12:51:00+00:00,2024-08-01,free,NA,paid_search
acct_000006,2024-07-11T12:09:00+00:00,2024-07-01,free,EU,partner
acct_000007,2024-02-03T14:06:00+00:00,2024-02-01,free,APAC,partner
acct_000008,2024-05-02T19:29:00+00:00,2024-05-01,free,NA,direct
acct_000009,2024-02-18T12:53:00+00:00,2024-02-01,free,APAC,paid_search
acct_000010,2024-02-02T18:14:00+00:00,2024-02-01,free,APAC,organic
acct_000011,2024-04-04T14:17:00+00:00,2024-04-01,free,LATAM,partner
acct_000012,2024-03-12T13:13:00+00:00,2024-03-01,free,APAC,organic
acct_000013,2024-03-18T19:15:00+00:00,2024-03-01,free,EU,direct
acct_000014,2024-07-09T18:44:00+00:00,2024-07-01,free,EU,partner
acct_000015,2024-01-08T08:51:00+00:00,2024-01-01,free,APAC,direct
acct_000016,2024-05-03T11:58:00+00:00,2024-05-01,free,APAC,paid_search
acct_000017,2024-08-13T18:29:00+00:00,2024-08-01,free,EU,partner
acct_000018,2024-03-08T19:35:00+00:00,2024-03-01,free,APAC,direct
acct_000019,2024-07-12T11:08:00+00:00,2024-07-01,free,LATAM,organic
acct_000020,2024-01-04T10:40:00+00:00,2024-01-01,free,EU,direct
acct_000021,2024-02-13T14:38:00+00:00,2024-02-01,free,LATAM,partner
acct_000022,2024-09-01T18:46:00+00:00,2024-09-01,free,NA,partner
acct_000023,2024-06-04T12:27:00+00:00,2024-06-01,free,EU,direct
acct_000024,2024-01-24T19:16:00+00:00,2024-01-01,free,EU,organic
acct_000025,2024-05-21T16:38:00+00:00,2024-05-01,free,EU,paid_search
acct_000026,2024-06-25T10:34:00+00:00,2024-06-01,free,NA,partner
acct_000027,2024-08-01T09:59:00+00:00,2024-08-01,free,APAC,partner
acct_000028,2024-04-02T11:56:00+00:00,2024-04-01,free,NA,organic
acct_000029,2024-08-03T20:34:00+00:00,2024-08-01,free,EU,paid_search
acct_000030,2024-08-18T10:16:00+00:00,2024-08-01,free,LATAM,paid_search
acct_000031,2024-09-25T19:44:00+00:00,2024-09-01,free,EU,partner
acct_000032,2024-07-22T18:23:00+00:00,2024-07-01,free,LATAM,direct
acct_000033,2024-02-08T11:04:00+00:00,2024-02-01,free,APAC,organic
acct_000034,2024-09-08T17:14:00+00:00,2024-09-01,free,NA,organic
acct_000035,2024-01-08T09:57:00+00:00,2024-01-01,free,NA,partner
acct_000036,2024-02-17T11:17:00+00:00,2024-02-01,free,LATAM,paid_search
acct_000037,2024-09-05T19:59:00+00:00,2024-09-01,free,LATAM,paid_search
acct_000038,2024-08-14T11:06:00+00:00,2024-08-01,free,NA,direct
acct_000039,2024-06-14T14:29:00+00:00,2024-06-01,free,NA,organic
acct_000040,2024-01-13T19:21:00+00:00,2024-01-01,free,NA,paid_search
acct_000041,2024-04-07T16:28:00+00:00,2024-04-01,free,EU,direct
acct_000042,2024-03-09T15:15:00+00:00,2024-03-01,free,NA,direct
acct_000043,2024-09-04T08:41:00+00:00,2024-09-01,free,NA,organic
acct_000044,2024-04-06T14:31:00+00:00,2024-04-01,free,LATAM,paid_search
acct_000045,2024-07-02T10:24:00+00:00,2024-07-01,free,NA,direct
acct_000046,2024-05-15T12:27:00+00:00,2024-05-01,free,LATAM,paid_search
acct_000047,2024-04-10T11:03:00+00:00,2024-04-01,free,NA,partner
acct_000048,2024-01-02T17:30:00+00:00,2024-01-01,free,EU,organic
acct_000049,2024-09-03T10:04:00+00:00,2024-09-01,free,NA,paid_search
acct_000050,2024-07-04T17:15:00+00:00,2024-07-01,free,NA,organic
acct_000051,2024-07-22T17:36:00+00:00,2024-07-01,free,APAC,partner
acct_000052,2024-04-22T19:20:00+00:00,2024-04-01,free,EU,partner
acct_000053,2024-07-05T18:41:00+00:00,2024-07-01,free,APAC,direct
acct_000054,2024-06-25T09:00:00+00:00,2024-06-01,free,LATAM,organic
acct_000055,2024-02-18T11:32:00+00:00,2024-02-01,free,APAC,paid_search
acct_000056,2024-06-03T11:23:00+00:00,2024-06-01,free,APAC,paid_search
acct_000057,2024-08-18T19:19:00+00:00,2024-08-01,free,NA,partner
acct_000058,2024-02-05T12:07:00+00:00,2024-02-01,free,NA,paid_search
acct_000059,2024-05-10T17:13:00+00:00,2024-05-01,free,APAC,paid_search
acct_000060,2024-05-17T15:16:00+00:00,2024-05-01,free,NA,organic
acct_000061,2024-07-09T08:00:00+00:00,2024-07-01,free,APAC,paid_search
acct_000062,2024-05-06T19:28:00+00:00,2024-05-01,free,LATAM,organic
acct_000063,2024-02-03T19:57:00+00:00,2024-02-01,free,EU,organic
acct_000064,2024-06-19T16:09:00+00:00,2024-06-01,free,LATAM,paid_search
acct_000065,2024-01-10T13:57:00+00:00,2024-01-01,free,NA,partner
acct_000066,2024-04-22T11:42:00+00:00,2024-04-01,free,NA,partner
acct_000067,2024-09-14T17:47:00+00:00,2024-09-01,free,EU,paid_search
acct_000068,2024-03-06T14:01:00+00:00,2024-03-01,free,EU,partner
acct_000069,2024-07-22T19:51:00+00:00,2024-07-01,free,EU,partner
acct_000070,2024-03-23T09:24:00+00:00,2024-03-01,free,NA,direct
acct_000071,2024-04-07T15:22:00+00:00,2024-04-01,free,APAC,paid_search
acct_000072,2024-04-01T18:12:00+00:00,2024-04-01,free,LATAM,partner
acct_000073,2024-05-03T20:17:00+00:00,2024-05-01,free,APAC,direct
acct_000074,2024-09-11T08:07:00+00:00,2024-09-01,free,APAC,paid_search
acct_000075,2024-05-02T09:38:00+00:00,2024-05-01,free,LATAM,partner
acct_000076,2024-06-14T17:32:00+00:00,2024-06-01,free,NA,direct
acct_000077,2024-04-09T08:45:00+00:00,2024-04-01,free,LATAM,organic
acct_000078,2024-09-18T18:46:00+00:00,2024-09-01,free,EU,partner
acct_000079,2024-07-03T18:58:00+00:00,2024-07-01,free,APAC,partner
acct_000080,2024-02-24T12:32:00+00:00,2024-02-01,free,APAC,direct
acct_000081,2024-06-13T19:18:00+00:00,2024-06-01,free,EU,paid_search
acct_000082,2024-07-22T14:43:00+00:00,2024-07-01,free,EU,partner
acct_000083,2024-07-18T08:19:00+00:00,2024-07-01,free,APAC,paid_search
acct_000084,2024-07-19T17:41:00+00:00,2024-07-01,free,APAC,direct
acct_000085,2024-08-15T18:13:00+00:00,2024-08-01,free,LATAM,paid_search
acct_000086,2024-02-10T16:42:00+00:00,2024-02-01,free,APAC,organic
acct_000087,2024-04-22T12:14:00+00:00,2024-04-01,free,EU,paid_search
acct_000088,2024-01-02T11:30:00+00:00,2024-01-01,free,NA,direct
acct_000089,2024-07-21T17:12:00+00:00,2024-07-01,free,LATAM,direct
acct_000090,2024-07-08T10:41:00+00:00,2024-07-01,free,NA,organic
acct_000091,2024-07-08T10:51:00+00:00,2024-07-01,free,LATAM,organic
acct_000092,2024-09-08T09:29:00+00:00,2024-09-01,free,EU,direct
acct_000093,2024-09-18T17:20:00+00:00,2024-09-01,free,LATAM,direct
acct_000094,2024-09-15T10:47:00+00:00,2024-09-01,free,LATAM,direct
acct_000095,2024-05-25T11:53:00+00:00,2024-05-01,free,APAC,direct
acct_000096,2024-04-09T15:04:00+00:00,2024-04-01,free,APAC,paid_search
acct_000097,2024-05-11T13:57:00+00:00,2024-05-01,free,NA,paid_search
acct_000098,2024-03-08T14:44:00+00:00,2024-03-01,free,EU,paid_search
acct_000099,2024-02-14T14:21:00+00:00,2024-02-01,free,LATAM,direct
acct_000100,2024-01-07T14:24:00+00:00,2024-01-01,free,NA,direct
acct_000101,2024-08-01T13:19:00+00:00,2024-08-01,free,LATAM,direct
acct_000102,2024-09-24T19:34:00+00:00,2024-09-01,free,EU,direct
acct_000103,2024-04-09T14:31:00+00:00,2024-04-01,free,NA,direct
acct_000104,2024-06-22T18:51:00+00:00,2024-06-01,free,LATAM,paid_search
acct_000105,2024-08-05T17:34:00+00:00,2024-08-01,free,NA,direct
acct_000106,2024-01-03T18:27:00+00:00,2024-01-01,free,EU,direct
acct_000107,2024-03-02T12:24:00+00:00,2024-03-01,free,APAC,paid_search
acct_000108,2024-08-11T13:48:00+00:00,2024-08-01,free,LATAM,partner
acct_000109,2024-07-09T09:30:00+00:00,2024-07-01,free,NA,organic
acct_000110,2024-06-08T18:04:00+00:00,2024-06-01,free,NA,organic
acct_000111,2024-04-07T08:39:00+00:00,2024-04-01,free,EU,paid_search
acct_000112,2024-03-16T18:07:00+00:00,2024-03-01,free,EU,direct
acct_000113,2024-05-25T13:10:00+00:00,2024-05-01,free,NA,paid_search
acct_000114,2024-05-04T17:01:00+00:00,2024-05-01,free,APAC,direct
acct_000115,2024-07-23T11:04:00+00:00,2024-07-01,free,EU,organic
acct_000116,2024-05-22T17:51:00+00:00,2024-05-01,free,NA,organic
acct_000117,2024-06-18T14:42:00+00:00,2024-06-01,free,APAC,organic
acct_000118,2024-09-21T13:00:00+00:00,2024-09-01,free,LATAM,direct
acct_000119,2024-02-14T13:40:00+00:00,2024-02-01,free,LATAM,paid_search
acct_000120,2024-07-06T19:33:00+00:00,2024-07-01,free,APAC,direct
acct_000121,2024-08-14T19:37:00+00:00,2024-08-01,free,APAC,partner
acct_000122,2024-04-03T12:56:00+00:00,2024-04-01,free,LATAM,paid_search
acct_000123,2024-08-19T17:42:00+00:00,2024-08-01,free,LATAM,partner
acct_000124,2024-01-16T13:11:00+00:00,2024-01-01,free,LATAM,paid_search
acct_000125,2024-06-09T13:17:00+00:00,2024-06-01,free,APAC,organic
acct_000126,2024-09-07T09:15:00+00:00,2024-09-01,free,LATAM,direct
acct_000127,2024-09-25T11:44:00+00:00,2024-09-01,free,LATAM,direct
acct_000128,2024-08-01T09:18:00+00:00,2024-08-01,free,EU,direct
acct_000129,2024-04-10T18:37:00+00:00,2024-04-01,free,APAC,direct
acct_000130,2024-09-17T13:27:00+00:00,2024-09-01,free,APAC,partner
acct_000131,2024-08-09T12:16:00+00:00,2024-08-01,free,EU,organic
acct_000132,2024-04-11T09:47:00+00:00,2024-04-01,free,EU,paid_search
acct_000133,2024-04-24T15:17:00+00:00,2024-04-01,free,APAC,organic
acct_000134,2024-04-10T11:23:00+00:00,2024-04-01,free,EU,partner
acct_000135,2024-01-23T16:08:00+00:00,2024-01-01,free,APAC,organic
acct_000136,2024-01-18T12:44:00+00:00,2024-01-01,free,EU,direct
acct_000137,2024-02-01T17:18:00+00:00,2024-02-01,free,LATAM,direct
acct_000138,2024-08-11T10:03:00+00:00,2024-08-01,free,APAC,direct
acct_000139,2024-02-03T14:31:00+00:00,2024-02-01,free,NA,organic
acct_000140,2024-03-05T20:36:00+00:00,2024-03-01,free,APAC,organic
acct_000141,2024-04-04T16:48:00+00:00,2024-04-01,free,LATAM,paid_search
acct_000142,2024-09-13T15:58:00+00:00,2024-09-01,free,LATAM,partner
acct_000143,2024-07-10T17:39:00+00:00,2024-07-01,free,NA,organic
acct_000144,2024-04-21T11:16:00+00:00,2024-04-01,free,NA,paid_search
acct_000145,2024-04-06T16:04:00+00:00,2024-04-01,free,EU,organic
acct_000146,2024-07-15T19:38:00+00:00,2024-07-01,free,LATAM,partner
acct_000147,2024-01-08T12:45:00+00:00,2024-01-01,free,APAC,direct
acct_000148,2024-02-22T11:59:00+00:00,2024-02-01,free,APAC,paid_search
acct_000149,2024-07-04T16:14:00+00:00,2024-07-01,free,EU,partner
acct_000150,2024-03-03T08:10:00+00:00,2024-03-01,free,APAC,partner
acct_000151,2024-08-04T15:44:00+00:00,2024-08-01,free,APAC,direct
acct_000152,2024-05-17T16:31:00+00:00,2024-05-01,free,LATAM,organic
acct_000153,2024-01-14T19:20:00+00:00,2024-01-01,free,APAC,organic
acct_000154,2024-02-08T18:53:00+00:00,2024-02-01,free,NA,partner
acct_000155,2024-01-25T20:11:00+00:00,2024-01-01,free,LATAM,direct
acct_000156,2024-05-06T17:27:00+00:00,2024-05-01,free,LATAM,organic
acct_000157,2024-08-12T14:21:00+00:00,2024-08-01,free,APAC,organic
acct_000158,2024-03-11T14:44:00+00:00,2024-03-01,free,LATAM,partner
acct_000159,2024-07-25T16:02:00+00:00,2024-07-01,free,LATAM,organic
acct_000160,2024-06-09T13:07:00+00:00,2024-06-01,free,LATAM,organic
acct_000161,2024-09-15T14:03:00+00:00,2024-09-01,free,EU,partner
acct_000162,2024-08-21T15:48:00+00:00,2024-08-01,free,NA,paid_search
acct_000163,2024-05-18T10:59:00+00:00,2024-05-01,free,APAC,direct
acct_000164,2024-08-04T08:40:00+00:00,2024-08-01,free,EU,paid_search
acct_000165,2024-05-18T08:35:00+00:00,2024-05-01,free,LATAM,organic
acct_000166,2024-04-04T15:07:00+00:00,2024-04-01,free,EU,direct
acct_000167,2024-05-17T19:17:00+00:00,2024-05-01,free,LATAM,direct
acct_000168,2024-08-08T15:35:00+00:00,2024-08-01,free,EU,direct
acct_000169,2024-04-20T16:47:00+00:00,2024-04-01,free,EU,organic
acct_000170,2024-05-25T20:54:00+00:00,2024-05-01,free,LATAM,partner
acct_000171,2024-09-09T08:18:00+00:00,2024-09-01,free,APAC,direct
acct_000172,2024-03-15T16:30:00+00:00,2024-03-01,free,APAC,partner
acct_000173,2024-09-25T16:24:00+00:00,2024-09-01,free,LATAM,partner
acct_000174,2024-04-23T11:36:00+00:00,2024-04-01,free,LATAM,paid_search
acct_000175,2024-07-02T13:47:00+00:00,2024-07-01,free,LATAM,direct
acct_000176,2024-07-22T20:52:00+00:00,2024-07-01,free,EU,direct
acct_000177,2024-01-05T16:37:00+00:00,2024-01-01,free,APAC,organic
acct_000178,2024-08-04T16:58:00+00:00,2024-08-01,free,LATAM,organic
acct_000179,2024-03-14T18:09:00+00:00,2024-03-01,free,NA,direct
acct_000180,2024-05-11T17:44:00+00:00,2024-05-01,free,LATAM,organic
acct_000181,2024-06-22T16:24:00+00:00,2024-06-01,free,APAC,direct
acct_000182,2024-09-02T17:04:00+00:00,2024-09-01,free,EU,partner
acct_000183,2024-04-24T09:27:00+00:00,2024-04-01,free,NA,organic
acct_000184,2024-08-06T19:19:00+00:00,2024-08-01,free,NA,organic
acct_000185,2024-06-02T12:22:00+00:00,2024-06-01,free,APAC,direct
acct_000186,2024-03-08T16:26:00+00:00,2024-03-01,free,EU,paid_search
acct_000187,2024-03-03T17:55:00+00:00,2024-03-01,free,LATAM,paid_search
acct_000188,2024-08-19T10:14:00+00:00,2024-08-01,free,LATAM,partner
acct_000189,2024-08-09T18:00:00+00:00,2024-08-01,free,LATAM,partner
acct_000190,2024-09-06T09:28:00+00:00,2024-09-01,free,APAC,partner
acct_000191,2024-07-23T12:29:00+00:00,2024-07-01,free,APAC,paid_search
acct_000192,2024-07-16T09:15:00+00:00,2024-07-01,free,LATAM,partner
acct_000193,2024-05-23T12:01:00+00:00,2024-05-01,free,LATAM,partner
acct_000194,2024-01-19T18:49:00+00:00,2024-01-01,free,NA,direct
acct_000195,2024-05-25T20:14:00+00:00,2024-05-01,free,APAC,paid_search
acct_000196,2024-04-20T12:43:00+00:00,2024-04-01,free,EU,organic
acct_000197,2024-01-10T20:28:00+00:00,2024-01-01,free,NA,partner
acct_000198,2024-03-03T12:20:00+00:00,2024-03-01,free,LATAM,paid_search
acct_000199,2024-04-05T20:34:00+00:00,2024-04-01,free,APAC,partner
acct_000200,2024-03-09T15:51:00+00:00,2024-03-01,free,APAC,partner
acct_000201,2024-02-15T09:09:00+00:00,2024-02-01,free,EU,direct
acct_000202,2024-09-12T09:50:00+00:00,2024-09-01,free,LATAM,organic
acct_000203,2024-05-18T09:29:00+00:00,2024-05-01,free,APAC,partner
acct_000204,2024-07-21T13:06:00+00:00,2024-07-01,free,EU,direct
acct_000205,2024-01-20T16:20:00+00:00,2024-01-01,free,EU,organic
acct_000206,2024-08-23T12:41:00+00:00,2024-08-01,free,LATAM,organic
acct_000207,2024-03-02T08:19:00+00:00,2024-03-01,free,LATAM,organic
acct_000208,2024-02-08T16:08:00+00:00,2024-02-01,free,LATAM,direct
acct_000209,2024-06-22T19:44:00+00:00,2024-06-01,free,LATAM,paid_search
acct_000210,2024-07-21T09:53:00+00:00,2024-07-01,free,LATAM,direct
acct_000211,2024-05-02T19:23:00+00:00,2024-05-01,free,EU,direct
acct_000212,2024-08-08T13:06:00+00:00,2024-08-01,free,APAC,partner
acct_000213,2024-01-13T12:12:00+00:00,2024-01-01,free,NA,direct
acct_000214,2024-02-22T11:41:00+00:00,2024-02-01,free,NA,organic
acct_000215,2024-06-08T10:50:00+00:00,2024-06-01,free,EU,organic
acct_000216,2024-09-07T17:13:00+00:00,2024-09-01,free,EU,partner
acct_000217,2024-03-20T08:17:00+00:00,2024-03-01,free,EU,paid_search
acct_000218,2024-09-09T20:11:00+00:00,2024-09-01,free,NA,organic
acct_000219,2024-03-01T13:50:00+00:00,2024-03-01,free,EU,partner
acct_000220,2024-01-06T12:03:00+00:00,2024-01-01,free,EU,direct
acct_000221,2024-09-04T19:04:00+00:00,2024-09-01,free,LATAM,direct
acct_000222,2024-06-17T17:06:00+00:00,2024-06-01,free,LATAM,paid_search
acct_000223,2024-01-24T20:58:00+00:00,2024-01-01,free,APAC,direct
acct_000224,2024-01-02T15:54:00+00:00,2024-01-01,free,LATAM,direct
acct_000225,2024-02-16T19:58:00+00:00,2024-02-01,free,LATAM,organic
acct_000226,2024-02-11T17:09:00+00:00,2024-02-01,free,NA,paid_search
acct_000227,2024-05-20T18:37:00+00:00,2024-05-01,free,APAC,direct
acct_000228,2024-09-10T15:32:00+00:00,2024-09-01,free,LATAM,organic
acct_000229,2024-02-21T18:56:00+00:00,2024-02-01,free,EU,direct
acct_000230,2024-08-08T14:21:00+00:00,2024-08-01,free,LATAM,direct
acct_000231,2024-07-24T09:20:00+00:00,2024-07-01,free,LATAM,partner
acct_000232,2024-05-12T10:43:00+00:00,2024-05-01,free,LATAM,organic
acct_000233,2024-02-03T09:27:00+00:00,2024-02-01,free,NA,partner
acct_000234,2024-03-18T08:37:00+00:00,2024-03-01,free,APAC,organic
acct_000235,2024-07-12T18:48:00+00:00,2024-07-01,free,LATAM,organic
acct_000236,2024-05-20T12:22:00+00:00,2024-05-01,free,NA,paid_search
acct_000237,2024-03-22T15:14:00+00:00,2024-03-01,free,NA,partner
acct_000238,2024-09-12T09:48:00+00:00,2024-09-01,free,APAC,paid_search
acct_000239,2024-07-18T20:52:00+00:00,2024-07-01,free,NA,partner
acct_000240,2024-01-06T12:44:00+00:00,2024-01-01,free,APAC,partner
acct_000241,2024-06-01T10:55:00+00:00,2024-06-01,free,EU,direct
acct_000242,2024-02-05T19:40:00+00:00,2024-02-01,free,NA,organic
acct_000243,2024-09-07T14:26:00+00:00,2024-09-01,free,LATAM,partner
acct_000244,2024-03-12T12:46:00+00:00,2024-03-01,free,APAC,organic
acct_000245,2024-01-05T10:48:00+00:00,2024-01-01,free,NA,organic
acct_000246,2024-05-15T18:27:00+00:00,2024-05-01,free,LATAM,direct
acct_000247,2024-07-09T11:48:00+00:00,2024-07-01,free,NA,partner
acct_000248,2024-07-04T12:43:00+00:00,2024-07-01,free,LATAM,partner
acct_000249,2024-01-08T14:38:00+00:00,2024-01-01,free,NA,organic
acct_000250,2024-04-10T11:49:00+00:00,2024-04-01,free,EU,partner
acct_000251,2024-05-11T09:00:00+00:00,2024-05-01,free,LATAM,direct
acct_000252,2024-03-05T14:34:00+00:00,2024-03-01,free,EU,partner
acct_000253,2024-02-13T19:02:00+00:00,2024-02-01,free,LATAM,organic
acct_000254,2024-08-03T13:36:00+00:00,2024-08-01,free,LATAM,direct
acct_000255,2024-07-10T09:25:00+00:00,2024-07-01,free,NA,partner
acct_000256,2024-03-20T15:53:00+00:00,2024-03-01,free,APAC,organic
acct_000257,2024-07-04T11:27:00+00:00,2024-07-01,free,LATAM,organic
acct_000258,2024-07-10T19:21:00+00:00,2024-07-01,free,EU,partner
acct_000259,2024-03-03T16:40:00+00:00,2024-03-01,free,NA,paid_search
acct_000260,2024-06-12T19:52:00+00:00,2024-06-01,free,EU,paid_search
acct_000261,2024-02-05T12:12:00+00:00,2024-02-01,free,EU,paid_search
acct_000262,2024-02-06T20:40:00+00:00,2024-02-01,free,LATAM,direct
acct_000263,2024-08-22T17:41:00+00:00,2024-08-01,free,APAC,partner
acct_000264,2024-03-15T09:30:00+00:00,2024-03-01,free,LATAM,partner
acct_000265,2024-05-19T08:22:00+00:00,2024-05-01,free,NA,partner
acct_000266,2024-08-15T08:03:00+00:00,2024-08-01,free,APAC,partner
acct_000267,2024-02-21T09:39:00+00:00,2024-02-01,free,LATAM,direct
acct_000268,2024-09-24T08:28:00+00:00,2024-09-01,free,EU,partner
acct_000269,2024-08-17T10:03:00+00:00,2024-08-01,free,LATAM,organic
acct_000270,2024-06-23T09:32:00+00:00,2024-06-01,free,EU,organic
acct_000271,2024-04-23T15:28:00+00:00,2024-04-01,free,EU,partner
acct_000272,2024-06-10T14:26:00+00:00,2024-06-01,free,APAC,organic
acct_000273,2024-06-03T13:06:00+00:00,2024-06-01,free,LATAM,partner
acct_000274,2024-05-24T18:58:00+00:00,2024-05-01,free,EU,partner
acct_000275,2024-02-19T18:09:00+00:00,2024-02-01,free,APAC,partner
acct_000276,2024-07-05T17:45:00+00:00,2024-07-01,free,NA,partner
acct_000277,2024-09-13T18:50:00+00:00,2024-09-01,free,APAC,paid_search
acct_000278,2024-09-03T18:42:00+00:00,2024-09-01,free,LATAM,partner
acct_000279,2024-01-12T12:11:00+00:00,2024-01-01,free,EU,partner
acct_000280,2024-08-07T11:08:00+00:00,2024-08-01,free,EU,organic
acct_000281,2024-05-04T16:49:00+00:00,2024-05-01,free,NA,partner
acct_000282,2024-03-20T14:09:00+00:00,2024-03-01,free,EU,paid_search
acct_000283,2024-03-24T15:02:00+00:00,2024-03-01,free,LATAM,partner
acct_000284,2024-04-15T17:18:00+00:00,2024-04-01,free,LATAM,paid_search
acct_000285,2024-09-08T12:51:00+00:00,2024-09-01,free,LATAM,paid_search
acct_000286,2024-06-22T17:28:00+00:00,2024-06-01,free,LATAM,partner
acct_000287,2024-07-17T16:26:00+00:00,2024-07-01,free,EU,paid_search
acct_000288,2024-03-09T08:41:00+00:00,2024-03-01,free,LATAM,partner
acct_000289,2024-09-04T19:54:00+00:00,2024-09-01,free,NA,partner
acct_000290,2024-02-25T10:17:00+00:00,2024-02-01,free,LATAM,paid_search
acct_000291,2024-07-03T11:52:00+00:00,2024-07-01,free,LATAM,partner
acct_000292,2024-01-14T08:25:00+00:00,2024-01-01,free,APAC,paid_search
acct_000293,2024-07-03T13:14:00+00:00,2024-07-01,free,NA,partner
acct_000294,2024-02-23T18:21:00+00:00,2024-02-01,free,EU,paid_search
acct_000295,2024-01-10T15:44:00+00:00,2024-01-01,free,EU,direct
acct_000296,2024-08-20T08:57:00+00:00,2024-08-01,free,NA,organic
acct_000297,2024-05-07T10:35:00+00:00,2024-05-01,free,LATAM,organic
acct_000298,2024-05-08T12:07:00+00:00,2024-05-01,free,NA,paid_search
acct_000299,2024-07-21T20:39:00+00:00,2024-07-01,free,LATAM,organic
acct_000300,2024-02-16T17:34:00+00:00,2024-02-01,free,NA,paid_search
acct_000301,2024-03-10T14:00:00+00:00,2024-03-01,free,APAC,paid_search
acct_000302,2024-07-06T18:42:00+00:00,2024-07-01,free,NA,partner
acct_000303,2024-02-17T16:32:00+00:00,2024-02-01,free,NA,direct
acct_000304,2024-08-02T18:24:00+00:00,2024-08-01,free,APAC,partner
acct_000305,2024-01-12T20:04:00+00:00,2024-01-01,free,APAC,paid_search
acct_000306,2024-02-25T17:47:00+00:00,2024-02-01,free,APAC,paid_search
acct_000307,2024-01-12T16:21:00+00:00,2024-01-01,free,EU,direct
acct_000308,2024-08-21T10:51:00+00:00,2024-08-01,free,EU,organic
acct_000309,2024-08-02T12:12:00+00:00,2024-08-01,free,NA,paid_search
acct_000310,2024-01-11T12:32:00+00:00,2024-01-01,free,LATAM,direct
acct_000311,2024-05-02T20:41:00+00:00,2024-05-01,free,EU,partner
acct_000312,2024-06-25T08:55:00+00:00,2024-06-01,free,APAC,partner
acct_000313,2024-02-12T14:56:00+00:00,2024-02-01,free,LATAM,direct
acct_000314,2024-07-11T10:31:00+00:00,2024-07-01,free,LATAM,partner
acct_000315,2024-09-09T20:05:00+00:00,2024-09-01,free,LATAM,organic
acct_000316,2024-07-20T10:34:00+00:00,2024-07-01,free,APAC,partner
acct_000317,2024-02-03T13:42:00+00:00,2024-02-01,free,APAC,partner
acct_000318,2024-08-20T19:27:00+00:00,2024-08-01,free,EU,direct
acct_000319,2024-06-15T08:46:00+00:00,2024-06-01,free,APAC,direct
acct_000320,2024-05-21T20:03:00+00:00,2024-05-01,free,NA,direct
acct_000321,2024-06-17T20:47:00+00:00,2024-06-01,free,EU,organic
acct_000322,2024-03-20T18:50:00+00:00,2024-03-01,free,LATAM,organic
acct_000323,2024-03-03T11:49:00+00:00,2024-03-01,free,APAC,partner
acct_000324,2024-07-19T08:38:00+00:00,2024-07-01,free,EU,direct
acct_000325,2024-06-12T15:48:00+00:00,2024-06-01,free,NA,paid_search
acct_000326,2024-09-12T14:20:00+00:00,2024-09-01,free,APAC,paid_search
acct_000327,2024-02-01T19:11:00+00:00,2024-02-01,free,LATAM,direct
acct_000328,2024-09-04T12:49:00+00:00,2024-09-01,free,APAC,direct
acct_000329,2024-04-20T12:44:00+00:00,2024-04-01,free,LATAM,paid_search
acct_000330,2024-02-05T09:28:00+00:00,2024-02-01,free,EU,direct
acct_000331,2024-02-22T13:42:00+00:00,2024-02-01,free,APAC,organic
acct_000332,2024-09-18T12:57:00+00:00,2024-09-01,free,APAC,paid_search
acct_000333,2024-03-12T16:14:00+00:00,2024-03-01,free,NA,paid_search
acct_000334,2024-03-08T20:31:00+00:00,2024-03-01,free,NA,partner
acct_000335,2024-09-19T13:29:00+00:00,2024-09-01,free,EU,organic
acct_000336,2024-02-10T14:45:00+00:00,2024-02-01,free,LATAM,direct
acct_000337,2024-07-19T09:08:00+00:00,2024-07-01,free,APAC,organic
acct_000338,2024-08-15T18:33:00+00:00,2024-08-01,free,APAC,paid_search
acct_000339,2024-09-21T17:11:00+00:00,2024-09-01,free,EU,direct
acct_000340,2024-09-02T09:33:00+00:00,2024-09-01,free,EU,partner
acct_000341,2024-03-06T13:59:00+00:00,2024-03-01,free,EU,partner
acct_000342,2024-09-10T09:16:00+00:00,2024-09-01,free,EU,partner
acct_000343,2024-03-21T12:39:00+00:00,2024-03-01,free,NA,paid_search
acct_000344,2024-03-06T18:39:00+00:00,2024-03-01,free,APAC,organic
acct_000345,2024-01-03T08:41:00+00:00,2024-01-01,free,APAC,paid_search
acct_000346,2024-07-20T18:01:00+00:00,2024-07-01,free,LATAM,partner
acct_000347,2024-05-16T11:51:00+00:00,2024-05-01,free,LATAM,partner
acct_000348,2024-08-03T19:03:00+00:00,2024-08-01,free,EU,direct
acct_000349,2024-07-16T15:13:00+00:00,2024-07-01,free,APAC,paid_search
acct_000350,2024-06-23T13:46:00+00:00,2024-06-01,free,APAC,direct
acct_000351,2024-03-25T13:32:00+00:00,2024-03-01,free,NA,partner
acct_000352,2024-04-15T09:17:00+00:00,2024-04-01,free,LATAM,paid_search
acct_000353,2024-03-04T08:18:00+00:00,2024-03-01,free,LATAM,direct
acct_000354,2024-04-06T13:59:00+00:00,2024-04-01,free,APAC,paid_search
acct_000355,2024-03-16T16:29:00+00:00,2024-03-01,free,LATAM,partner
acct_000356,2024-08-01T09:25:00+00:00,2024-08-01,free,LATAM,paid_search
acct_000357,2024-04-19T13:03:00+00:00,2024-04-01,free,NA,partner
acct_000358,2024-08-20T18:43:00+00:00,2024-08-01,free,LATAM,partner
acct_000359,2024-09-01T09:27:00+00:00,2024-09-01,free,EU,partner
acct_000360,2024-06-25T14:23:00+00:00,2024-06-01,free,NA,direct
acct_000361,2024-01-19T16:12:00+00:00,2024-01-01,free,APAC,partner
acct_000362,2024-02-13T16:28:00+00:00,2024-02-01,free,APAC,organic
acct_000363,2024-03-04T14:23:00+00:00,2024-03-01,free,APAC,partner
acct_000364,2024-03-07T17:32:00+00:00,2024-03-01,free,LATAM,organic
acct_000365,2024-01-02T10:45:00+00:00,2024-01-01,free,APAC,direct
acct_000366,2024-09-15T10:38:00+00:00,2024-09-01,free,EU,partner
acct_000367,2024-06-06T14:39:00+00:00,2024-06-01,free,APAC,partner
acct_000368,2024-09-17T16:31:00+00:00,2024-09-01,free,APAC,direct
acct_000369,2024-01-12T13:43:00+00:00,2024-01-01,free,NA,direct
acct_000370,2024-05-24T19:40:00+00:00,2024-05-01,free,NA,direct
acct_000371,2024-05-21T20:49:00+00:00,2024-05-01,free,EU,organic
acct_000372,2024-08-06T16:40:00+00:00,2024-08-01,free,LATAM,paid_search
acct_000373,2024-04-02T17:44:00+00:00,2024-04-01,free,NA,paid_search
acct_000374,2024-01-15T13:26:00+00:00,2024-01-01,free,EU,direct
acct_000375,2024-04-14T16:49:00+00:00,2024-04-01,free,LATAM,organic
acct_000376,2024-03-17T11:35:00+00:00,2024-03-01,free,APAC,direct
acct_000377,2024-09-13T13:11:00+00:00,2024-09-01,free,LATAM,partner
acct_000378,2024-09-12T18:49:00+00:00,2024-09-01,free,APAC,direct
acct_000379,2024-04-08T12:35:00+00:00,2024-04-01,free,APAC,paid_search
acct_000380,2024-05-25T12:45:00+00:00,2024-05-01,free,EU,direct
acct_000381,2024-06-16T13:35:00+00:00,2024-06-01,free,APAC,partner
acct_000382,2024-02-19T18:34:00+00:00,2024-02-01,free,LATAM,direct
acct_000383,2024-06-25T20:09:00+00:00,2024-06-01,free,APAC,organic
acct_000384,2024-05-23T09:22:00+00:00,2024-05-01,free,LATAM,partner
acct_000385,2024-08-07T11:52:00+00:00,2024-08-01,free,APAC,partner
acct_000386,2024-03-04T17:47:00+00:00,2024-03-01,free,EU,paid_search
acct_000387,2024-01-22T16:14:00+00:00,2024-01-01,free,EU,organic
acct_000388,2024-02-14T13:45:00+00:00,2024-02-01,free,LATAM,organic
acct_000389,2024-03-01T16:59:00+00:00,2024-03-01,free,EU,direct
acct_000390,2024-08-16T18:12:00+00:00,2024-08-01,free,APAC,partner
acct_000391,2024-05-21T08:58:00+00:00,2024-05-01,free,NA,paid_search
acct_000392,2024-09-24T19:54:00+00:00,2024-09-01,free,NA,paid_search
acct_000393,2024-07-06T08:53:00+00:00,2024-07-01,free,LATAM,direct
acct_000394,2024-03-24T12:56:00+00:00,2024-03-01,free,NA,organic
acct_000395,2024-05-19T17:06:00+00:00,2024-05-01,free,APAC,partner
acct_000396,2024-08-21T16:33:00+00:00,2024-08-01,free,LATAM,paid_search
acct_000397,2024-09-15T12:12:00+00:00,2024-09-01,free,NA,partner
acct_000398,2024-03-24T15:41:00+00:00,2024-03-01,free,APAC,paid_search
acct_000399,2024-01-24T13:50:00+00:00,2024-01-01,free,APAC,paid_search
acct_000400,2024-03-20T18:57:00+00:00,2024-03-01,free,LATAM,direct
acct_000401,2024-09-11T09:25:00+00:00,2024-09-01,free,NA,paid_search
acct_000402,2024-03-16T13:59:00+00:00,2024-03-01,free,EU,organic
acct_000403,2024-05-13T11:28:00+00:00,2024-05-01,free,APAC,partner
acct_000404,2024-05-19T19:36:00+00:00,2024-05-01,free,NA,partner
acct_000405,2024-06-23T11:03:00+00:00,2024-06-01,free,NA,direct
acct_000406,2024-05-06T14:43:00+00:00,2024-05-01,free,APAC,organic
acct_000407,2024-05-12T17:14:00+00:00,2024-05-01,free,EU,paid_search
acct_000408,2024-08-05T15:47:00+00:00,2024-08-01,free,APAC,direct
acct_000409,2024-09-16T20:34:00+00:00,2024-09-01,free,EU,paid_search
acct_000410,2024-02-17T15:33:00+00:00,2024-02-01,free,APAC,organic
acct_000411,2024-02-02T16:57:00+00:00,2024-02-01,free,EU,paid_search
acct_000412,2024-03-11T16:28:00+00:00,2024-03-01,free,NA,paid_search
acct_000413,2024-08-03T16:28:00+00:00,2024-08-01,free,NA,direct
acct_000414,2024-03-17T14:29:00+00:00,2024-03-01,free,NA,direct
acct_000415,2024-05-24T08:25:00+00:00,2024-05-01,free,APAC,organic
acct_000416,2024-04-19T09:02:00+00:00,2024-04-01,free,LATAM,partner
acct_000417,2024-02-18T08:59:00+00:00,2024-02-01,free,NA,direct
acct_000418,2024-01-10T14:11:00+00:00,2024-01-01,free,EU,direct
acct_000419,2024-06-13T15:55:00+00:00,2024-06-01,free,LATAM,direct
acct_000420,2024-02-22T18:55:00+00:00,2024-02-01,free,EU,partner
acct_000421,2024-02-06T16:25:00+00:00,2024-02-01,free,EU,paid_search
acct_000422,2024-01-25T08:19:00+00:00,2024-01-01,free,LATAM,direct
acct_000423,2024-09-13T11:15:00+00:00,2024-09-01,free,LATAM,partner
acct_000424,2024-03-09T11:59:00+00:00,2024-03-01,free,NA,organic
acct_000425,2024-07-20T20:59:00+00:00,2024-07-01,free,NA,paid_search
acct_000426,2024-04-03T09:38:00+00:00,2024-04-01,free,NA,direct
acct_000427,2024-01-08T19:02:00+00:00,2024-01-01,free,LATAM,direct
acct_000428,2024-04-18T11:48:00+00:00,2024-04-01,free,NA,paid_search
acct_000429,2024-09-10T11:52:00+00:00,2024-09-01,free,APAC,partner
acct_000430,2024-04-10T10:42:00+00:00,2024-04-01,free,EU,direct
acct_000431,2024-05-09T08:35:00+00:00,2024-05-01,free,EU,direct
acct_000432,2024-09-16T08:22:00+00:00,2024-09-01,free,LATAM,partner
acct_000433,2024-07-14T10:19:00+00:00,2024-07-01,free,LATAM,paid_search
acct_000434,2024-09-16T11:54:00+00:00,2024-09-01,free,EU,partner
acct_000435,2024-03-15T08:35:00+00:00,2024-03-01,free,LATAM,direct
acct_000436,2024-09-17T10:24:00+00:00,2024-09-01,free,EU,partner
acct_000437,2024-04-11T18:05:00+00:00,2024-04-01,free,LATAM,partner
acct_000438,2024-02-18T19:53:00+00:00,2024-02-01,free,EU,organic
acct_000439,2024-05-13T18:38:00+00:00,2024-05-01,free,NA,organic
acct_000440,2024-04-25T17:46:00+00:00,2024-04-01,free,EU,direct
acct_000441,2024-04-11T12:58:00+00:00,2024-04-01,free,NA,paid_search
acct_000442,2024-04-24T09:47:00+00:00,2024-04-01,free,LATAM,paid_search
acct_000443,2024-04-13T11:35:00+00:00,2024-04-01,free,APAC,partner
acct_000444,2024-07-15T16:41:00+00:00,2024-07-01,free,APAC,partner
acct_000445,2024-05-12T16:56:00+00:00,2024-05-01,free,LATAM,direct
acct_000446,2024-02-24T15:48:00+00:00,2024-02-01,free,APAC,paid_search
acct_000447,2024-06-11T14:02:00+00:00,2024-06-01,free,EU,paid_search
acct_000448,2024-01-09T16:59:00+00:00,2024-01-01,free,LATAM,partner
acct_000449,2024-03-07T13:14:00+00:00,2024-03-01,free,LATAM,paid_search
acct_000450,2024-08-18T18:43:00+00:00,2024-08-01,free,APAC,partner
acct_000451,2024-08-24T18:47:00+00:00,2024-08-01,free,LATAM,direct
acct_000452,2024-03-24T20:22:00+00:00,2024-03-01,free,EU,paid_search
acct_000453,2024-09-16T10:58:00+00:00,2024-09-01,free,NA,organic
acct_000454,2024-02-22T08:48:00+00:00,2024-02-01,free,NA,direct
acct_000455,2024-03-21T11:04:00+00:00,2024-03-01,free,EU,organic
acct_000456,2024-04-17T15:23:00+00:00,2024-04-01,free,NA,direct
acct_000457,2024-08-01T08:34:00+00:00,2024-08-01,free,LATAM,organic
acct_000458,2024-01-17T19:17:00+00:00,2024-01-01,free,APAC,organic
acct_000459,2024-09-23T18:27:00+00:00,2024-09-01,free,EU,organic
acct_000460,2024-02-17T10:15:00+00:00,2024-02-01,free,EU,partner
acct_000461,2024-06-09T20:25:00+00:00,2024-06-01,free,NA,partner
acct_000462,2024-07-15T17:15:00+00:00,2024-07-01,free,EU,partner
acct_000463,2024-02-21T18:48:00+00:00,2024-02-01,free,NA,organic
acct_000464,2024-07-13T14:35:00+00:00,2024-07-01,free,LATAM,organic
acct_000465,2024-01-23T10:05:00+00:00,2024-01-01,free,LATAM,direct
acct_000466,2024-06-19T09:57:00+00:00,2024-06-01,free,NA,paid_search
acct_000467,2024-04-23T17:30:00+00:00,2024-04-01,free,APAC,organic
acct_000468,2024-02-22T12:57:00+00:00,2024-02-01,free,NA,paid_search
acct_000469,2024-06-01T11:37:00+00:00,2024-06-01,free,EU,direct
acct_000470,2024-02-10T10:36:00+00:00,2024-02-01,free,EU,direct
acct_000471,2024-09-11T14:48:00+00:00,2024-09-01,free,EU,organic
acct_000472,2024-09-24T13:03:00+00:00,2024-09-01,free,NA,direct
acct_000473,2024-04-03T13:38:00+00:00,2024-04-01,free,LATAM,partner
acct_000474,2024-01-21T12:50:00+00:00,2024-01-01,free,LATAM,direct
acct_000475,2024-04-12T16:24:00+00:00,2024-04-01,free,LATAM,paid_search
acct_000476,2024-07-03T20:39:00+00:00,2024-07-01,free,APAC,paid_search
acct_000477,2024-02-03T12:09:00+00:00,2024-02-01,free,LATAM,paid_search
acct_000478,2024-07-11T13:06:00+00:00,2024-07-01,free,NA,organic
acct_000479,2024-05-15T13:48:00+00:00,2024-05-01,free,APAC,organic
acct_000480,2024-03-03T10:27:00+00:00,2024-03-01,free,LATAM,direct
acct_000481,2024-02-01T09:22:00+00:00,2024-02-01,free,NA,partner
acct_000482,2024-07-01T12:26:00+00:00,2024-07-01,free,LATAM,organic
acct_000483,2024-09-08T17:33:00+00:00,2024-09-01,free,EU,direct
acct_000484,2024-03-05T12:19:00+00:00,2024-03-01,free,APAC,direct
acct_000485,2024-03-03T10:27:00+00:00,2024-03-01,free,APAC,direct
acct_000486,2024-05-16T20:04:00+00:00,2024-05-01,free,APAC,partner
acct_000487,2024-04-24T18:31:00+00:00,2024-04-01,free,EU,direct
acct_000488,2024-02-05T12:00:00+00:00,2024-02-01,free,LATAM,partner
acct_000489,2024-07-11T15:21:00+00:00,2024-07-01,free,LATAM,paid_search
acct_000490,2024-05-11T17:44:00+00:00,2024-05-01,free,EU,direct
acct_000491,2024-06-06T14:20:00+00:00,2024-06-01,free,APAC,direct
acct_000492,2024-04-11T14:17:00+00:00,2024-04-01,free,LATAM,partner
acct_000493,2024-02-19T11:37:00+00:00,2024-02-01,free,EU,organic
acct_000494,2024-08-23T11:28:00+00:00,2024-08-01,free,APAC,organic
acct_000495,2024-07-22T15:08:00+00:00,2024-07-01,free,APAC,paid_search
acct_000496,2024-05-22T10:45:00+00:00,2024-05-01,free,LATAM,direct
acct_000497,2024-02-15T17:30:00+00:00,2024-02-01,free,LATAM,direct
acct_000498,2024-09-02T20:23:00+00:00,2024-09-01,free,NA,organic
acct_000499,2024-04-22T18:22:00+00:00,2024-04-01,free,EU,organic
acct_000500,2024-07-25T13:50:00+00:00,2024-07-01,free,LATAM,organic
acct_000501,2024-01-04T12:14:00+00:00,2024-01-01,free,EU,direct
acct_000502,2024-06-13T15:49:00+00:00,2024-06-01,free,EU,partner
acct_000503,2024-01-16T09:18:00+00:00,2024-01-01,free,LATAM,organic
acct_000504,2024-02-24T10:22:00+00:00,2024-02-01,free,APAC,partner
acct_000505,2024-08-07T16:30:00+00:00,2024-08-01,free,APAC,direct
acct_000506,2024-02-15T19:44:00+00:00,2024-02-01,free,LATAM,partner
acct_000507,2024-02-10T08:51:00+00:00,2024-02-01,free,NA,organic
acct_000508,2024-06-21T09:43:00+00:00,2024-06-01,free,EU,paid_search
acct_000509,2024-09-06T16:10:00+00:00,2024-09-01,free,APAC,direct
acct_000510,2024-08-08T20:25:00+00:00,2024-08-01,free,EU,paid_search
acct_000511,2024-07-13T08:47:00+00:00,2024-07-01,free,EU,direct
acct_000512,2024-07-13T08:45:00+00:00,2024-07-01,free,EU,paid_search
acct_000513,2024-05-25T19:51:00+00:00,2024-05-01,free,NA,organic
acct_000514,2024-09-06T13:20:00+00:00,2024-09-01,free,EU,direct
acct_000515,2024-02-09T18:55:00+00:00,2024-02-01,free,LATAM,partner
acct_000516,2024-07-20T14:37:00+00:00,2024-07-01,free,NA,partner
acct_000517,2024-06-15T17:11:00+00:00,2024-06-01,free,APAC,organic
acct_000518,2024-03-11T09:15:00+00:00,2024-03-01,free,APAC,organic
acct_000519,2024-03-12T19:09:00+00:00,2024-03-01,free,LATAM,direct
acct_000520,2024-03-19T14:27:00+00:00,2024-03-01,free,EU,direct
acct_000521,2024-09-23T18:59:00+00:00,2024-09-01,free,EU,paid_search
acct_000522,2024-08-10T10:11:00+00:00,2024-08-01,free,APAC,direct
acct_000523,2024-01-12T08:31:00+00:00,2024-01-01,free,EU,paid_search
acct_000524,2024-07-18T16:41:00+00:00,2024-07-01,free,LATAM,direct
acct_000525,2024-08-14T19:53:00+00:00,2024-08-01,free,LATAM,direct
acct_000526,2024-03-03T17:01:00+00:00,2024-03-01,free,EU,partner
acct_000527,2024-01-09T11:34:00+00:00,2024-01-01,free,APAC,paid_search
acct_000528,2024-08-19T19:49:00+00:00,2024-08-01,free,LATAM,organic
acct_000529,2024-02-09T20:34:00+00:00,2024-02-01,free,APAC,organic
acct_000530,2024-08-18T11:27:00+00:00,2024-08-01,free,NA,paid_search
acct_000531,2024-05-02T15:16:00+00:00,2024-05-01,free,APAC,organic
acct_000532,2024-08-04T20:51:00+00:00,2024-08-01,free,EU,paid_search
acct_000533,2024-06-23T17:40:00+00:00,2024-06-01,free,LATAM,paid_search
acct_000534,2024-03-07T11:51:00+00:00,2024-03-01,free,NA,partner
acct_000535,2024-09-09T17:34:00+00:00,2024-09-01,free,EU,partner
acct_000536,2024-05-10T17:17:00+00:00,2024-05-01,free,NA,paid_search
acct_000537,2024-07-02T12:55:00+00:00,2024-07-01,free,EU,paid_search
acct_000538,2024-04-05T19:20:00+00:00,2024-04-01,free,EU,direct
acct_000539,2024-08-05T17:40:00+00:00,2024-08-01,free,APAC,direct
acct_000540,2024-07-15T09:40:00+00:00,2024-07-01,free,NA,direct
acct_000541,2024-09-24T12:44:00+00:00,2024-09-01,free,APAC,direct
acct_000542,2024-08-11T17:00:00+00:00,2024-08-01,free,NA,direct
acct_000543,2024-06-03T20:34:00+00:00,2024-06-01,free,LATAM,paid_search
acct_000544,2024-07-07T15:17:00+00:00,2024-07-01,free,APAC,partner
acct_000545,2024-06-18T17:08:00+00:00,2024-06-01,free,LATAM,partner
acct_000546,2024-01-02T09:40:00+00:00,2024-01-01,free,LATAM,organic
acct_000547,2024-02-06T15:29:00+00:00,2024-02-01,free,NA,direct
acct_000548,2024-04-23T10:56:00+00:00,2024-04-01,free,APAC,paid_search
acct_000549,2024-05-03T18:23:00+00:00,2024-05-01,free,APAC,organic
acct_000550,2024-06-22T18:10:00+00:00,2024-06-01,free,NA,direct
acct_000551,2024-05-24T19:48:00+00:00,2024-05-01,free,EU,direct
acct_000552,2024-02-23T09:00:00+00:00,2024-02-01,free,EU,direct
acct_000553,2024-02-05T17:14:00+00:00,2024-02-01,free,LATAM,organic
acct_000554,2024-01-23T13:52:00+00:00,2024-01-01,free,NA,direct
acct_000555,2024-03-16T09:14:00+00:00,2024-03-01,free,LATAM,organic
acct_000556,2024-02-04T13:23:00+00:00,2024-02-01,free,APAC,paid_search
acct_000557,2024-07-25T20:55:00+00:00,2024-07-01,free,EU,paid_search
acct_000558,2024-02-17T17:00:00+00:00,2024-02-01,free,EU,direct
acct_000559,2024-06-24T11:40:00+00:00,2024-06-01,free,EU,direct
acct_000560,2024-08-07T09:57:00+00:00,2024-08-01,free,NA,paid_search
acct_000561,2024-02-19T19:24:00+00:00,2024-02-01,free,APAC,direct
acct_000562,2024-06-05T11:17:00+00:00,2024-06-01,free,NA,paid_search
acct_000563,2024-09-20T17:46:00+00:00,2024-09-01,free,APAC,organic
acct_000564,2024-05-07T16:38:00+00:00,2024-05-01,free,EU,direct
acct_000565,2024-05-21T08:50:00+00:00,2024-05-01,free,EU,direct
acct_000566,2024-07-04T11:31:00+00:00,2024-07-01,free,NA,organic
acct_000567,2024-06-11T10:24:00+00:00,2024-06-01,free,LATAM,partner
acct_000568,2024-09-22T10:48:00+00:00,2024-09-01,free,LATAM,organic
acct_000569,2024-01-19T09:00:00+00:00,2024-01-01,free,APAC,paid_search
acct_000570,2024-01-02T20:25:00+00:00,2024-01-01,free,APAC,direct
acct_000571,2024-07-23T14:05:00+00:00,2024-07-01,free,EU,partner
acct_000572,2024-02-10T09:32:00+00:00,2024-02-01,free,EU,paid_search
acct_000573,2024-09-11T14:37:00+00:00,2024-09-01,free,NA,partner
acct_000574,2024-07-24T11:03:00+00:00,2024-07-01,free,EU,organic
acct_000575,2024-07-04T15:39:00+00:00,2024-07-01,free,NA,partner
acct_000576,2024-03-04T08:45:00+00:00,2024-03-01,free,EU,organic
acct_000577,2024-03-16T13:33:00+00:00,2024-03-01,free,APAC,paid_search
acct_000578,2024-06-05T19:49:00+00:00,2024-06-01,free,APAC,organic
acct_000579,2024-01-11T20:27:00+00:00,2024-01-01,free,APAC,organic
acct_000580,2024-05-23T17:40:00+00:00,2024-05-01,free,NA,direct
acct_000581,2024-08-17T13:03:00+00:00,2024-08-01,free,LATAM,paid_search
acct_000582,2024-06-06T12:49:00+00:00,2024-06-01,free,NA,organic
acct_000583,2024-04-24T16:00:00+00:00,2024-04-01,free,NA,organic
acct_000584,2024-04-02T15:23:00+00:00,2024-04-01,free,LATAM,paid_search
acct_000585,2024-03-02T16:51:00+00:00,2024-03-01,free,LATAM,paid_search
acct_000586,2024-06-08T14:58:00+00:00,2024-06-01,free,APAC,partner
acct_000587,2024-02-19T13:07:00+00:00,2024-02-01,free,NA,paid_search
acct_000588,2024-04-17T08:25:00+00:00,2024-04-01,free,NA,direct
acct_000589,2024-05-25T12:20:00+00:00,2024-05-01,free,NA,direct
acct_000590,2024-01-12T11:18:00+00:00,2024-01-01,free,APAC,paid_search
acct_000591,2024-08-12T17:31:00+00:00,2024-08-01,free,EU,paid_search
acct_000592,2024-03-01T14:01:00+00:00,2024-03-01,free,EU,partner
acct_000593,2024-01-11T08:48:00+00:00,2024-01-01,free,LATAM,partner
acct_000594,2024-02-07T16:15:00+00:00,2024-02-01,free,LATAM,direct
acct_000595,2024-01-05T19:17:00+00:00,2024-01-01,free,NA,organic
acct_000596,2024-04-17T14:44:00+00:00,2024-04-01,free,APAC,direct
acct_000597,2024-02-19T09:32:00+00:00,2024-02-01,free,EU,direct
acct_000598,2024-02-19T17:03:00+00:00,2024-02-01,free,LATAM,paid_search
acct_000599,2024-04-10T12:54:00+00:00,2024-04-01,free,APAC,direct
acct_000600,2024-06-11T15:17:00+00:00,2024-06-01,free,EU,organic
acct_000601,2024-04-05T20:49:00+00:00,2024-04-01,free,NA,paid_search
acct_000602,2024-02-06T15:29:00+00:00,2024-02-01,free,APAC,direct
acct_000603,2024-02-18T13:49:00+00:00,2024-02-01,free,EU,direct
acct_000604,2024-05-15T12:54:00+00:00,2024-05-01,free,NA,organic
acct_000605,2024-03-22T12:52:00+00:00,2024-03-01,free,NA,paid_search
acct_000606,2024-06-05T09:45:00+00:00,2024-06-01,free,EU,partner
acct_000607,2024-07-17T08:43:00+00:00,2024-07-01,free,APAC,partner
acct_000608,2024-03-01T14:54:00+00:00,2024-03-01,free,LATAM,paid_search
acct_000609,2024-02-15T09:51:00+00:00,2024-02-01,free,EU,organic
acct_000610,2024-01-02T20:14:00+00:00,2024-01-01,free,EU,paid_search
acct_000611,2024-07-12T18:40:00+00:00,2024-07-01,free,NA,partner
acct_000612,2024-02-01T09:12:00+00:00,2024-02-01,free,LATAM,paid_search
acct_000613,2024-02-11T09:02:00+00:00,2024-02-01,free,LATAM,organic
acct_000614,2024-03-19T14:52:00+00:00,2024-03-01,free,LATAM,direct
acct_000615,2024-01-13T18:27:00+00:00,2024-01-01,free,EU,partner
acct_000616,2024-04-06T12:17:00+00:00,2024-04-01,free,LATAM,paid_search
acct_000617,2024-01-20T17:39:00+00:00,2024-01-01,free,EU,partner
acct_000618,2024-08-14T16:30:00+00:00,2024-08-01,free,NA,organic
acct_000619,2024-05-13T10:26:00+00:00,2024-05-01,free,EU,paid_search
acct_000620,2024-09-01T14:50:00+00:00,2024-09-01,free,APAC,direct
acct_000621,2024-09-16T13:58:00+00:00,2024-09-01,free,APAC,direct
acct_000622,2024-05-06T08:20:00+00:00,2024-05-01,free,EU,organic
acct_000623,2024-05-02T20:30:00+00:00,2024-05-01,free,APAC,paid_search
acct_000624,2024-03-04T11:42:00+00:00,2024-03-01,free,EU,partner
acct_000625,2024-09-24T08:48:00+00:00,2024-09-01,free,EU,direct
acct_000626,2024-06-06T10:15:00+00:00,2024-06-01,free,APAC,partner
acct_000627,2024-01-23T19:22:00+00:00,2024-01-01,free,EU,paid_search
acct_000628,2024-08-18T12:11:00+00:00,2024-08-01,free,LATAM,organic
acct_000629,2024-02-02T11:38:00+00:00,2024-02-01,free,EU,organic
acct_000630,2024-09-16T08:21:00+00:00,2024-09-01,free,EU,paid_search
acct_000631,2024-06-23T10:58:00+00:00,2024-06-01,free,APAC,organic
acct_000632,2024-01-05T17:45:00+00:00,2024-01-01,free,EU,organic
acct_000633,2024-09-12T09:23:00+00:00,2024-09-01,free,LATAM,organic
acct_000634,2024-06-10T13:08:00+00:00,2024-06-01,free,EU,direct
acct_000635,2024-08-21T13:11:00+00:00,2024-08-01,free,APAC,paid_search
acct_000636,2024-03-13T12:46:00+00:00,2024-03-01,free,APAC,paid_search
acct_000637,2024-03-24T08:44:00+00:00,2024-03-01,free,LATAM,organic
acct_000638,2024-03-20T13:58:00+00:00,2024-03-01,free,EU,organic
acct_000639,2024-08-05T13:47:00+00:00,2024-08-01,free,NA,paid_search
acct_000640,2024-06-11T10:40:00+00:00,2024-06-01,free,NA,partner
acct_000641,2024-08-01T12:13:00+00:00,2024-08-01,free,EU,organic
acct_000642,2024-06-09T20:06:00+00:00,2024-06-01,free,NA,organic
acct_000643,2024-07-15T19:26:00+00:00,2024-07-01,free,EU,direct
acct_000644,2024-08-13T13:34:00+00:00,2024-08-01,free,LATAM,organic
acct_000645,2024-08-19T18:48:00+00:00,2024-08-01,free,EU,paid_search
acct_000646,2024-08-03T20:54:00+00:00,2024-08-01,free,NA,partner
acct_000647,2024-01-11T12:06:00+00:00,2024-01-01,free,NA,partner
acct_000648,2024-03-13T10:46:00+00:00,2024-03-01,free,NA,organic
acct_000649,2024-06-20T17:57:00+00:00,2024-06-01,free,LATAM,organic
acct_000650,2024-07-21T10:38:00+00:00,2024-07-01,free,LATAM,paid_search
acct_000651,2024-01-04T13:13:00+00:00,2024-01-01,free,EU,direct
acct_000652,2024-09-24T19:34:00+00:00,2024-09-01,free,APAC,partner
acct_000653,2024-05-08T09:03:00+00:00,2024-05-01,free,LATAM,direct
acct_000654,2024-03-02T13:00:00+00:00,2024-03-01,free,LATAM,organic
acct_000655,2024-05-22T18:38:00+00:00,2024-05-01,free,LATAM,paid_search
acct_000656,2024-02-01T11:10:00+00:00,2024-02-01,free,APAC,organic
acct_000657,2024-08-04T12:50:00+00:00,2024-08-01,free,LATAM,direct
acct_000658,2024-08-22T12:05:00+00:00,2024-08-01,free,LATAM,paid_search
acct_000659,2024-06-13T13:11:00+00:00,2024-06-01,free,LATAM,organic
acct_000660,2024-05-15T15:16:00+00:00,2024-05-01,free,EU,partner
acct_000661,2024-01-05T20:44:00+00:00,2024-01-01,free,NA,organic
acct_000662,2024-06-18T14:48:00+00:00,2024-06-01,free,EU,organic
acct_000663,2024-07-17T14:34:00+00:00,2024-07-01,free,LATAM,paid_search
acct_000664,2024-08-10T09:25:00+00:00,2024-08-01,free,NA,paid_search
acct_000665,2024-02-25T15:11:00+00:00,2024-02-01,free,EU,paid_search
acct_000666,2024-04-05T08:27:00+00:00,2024-04-01,free,NA,direct
acct_000667,2024-04-21T10:53:00+00:00,2024-04-01,free,APAC,partner
acct_000668,2024-02-03T14:35:00+00:00,2024-02-01,free,LATAM,partner
acct_000669,2024-05-17T15:58:00+00:00,2024-05-01,free,NA,direct
acct_000670,2024-02-14T10:09:00+00:00,2024-02-01,free,NA,organic
acct_000671,2024-02-10T16:56:00+00:00,2024-02-01,free,APAC,direct
acct_000672,2024-05-13T18:31:00+00:00,2024-05-01,free,LATAM,organic
acct_000673,2024-03-09T14:09:00+00:00,2024-03-01,free,LATAM,organic
acct_000674,2024-07-11T19:15:00+00:00,2024-07-01,free,NA,direct
acct_000675,2024-05-12T08:21:00+00:00,2024-05-01,free,APAC,partner
acct_000676,2024-05-16T19:43:00+00:00,2024-05-01,free,NA,paid_search
acct_000677,2024-03-10T19:28:00+00:00,2024-03-01,free,APAC,partner
acct_000678,2024-07-20T18:05:00+00:00,2024-07-01,free,EU,direct
acct_000679,2024-04-14T19:31:00+00:00,2024-04-01,free,APAC,organic
acct_000680,2024-09-06T09:19:00+00:00,2024-09-01,free,LATAM,paid_search
acct_000681,2024-09-19T08:11:00+00:00,2024-09-01,free,EU,paid_search
acct_000682,2024-01-08T08:29:00+00:00,2024-01-01,free,NA,partner
acct_000683,2024-04-09T13:52:00+00:00,2024-04-01,free,LATAM,direct
acct_000684,2024-02-22T08:15:00+00:00,2024-02-01,free,APAC,direct
acct_000685,2024-08-06T15:37:00+00:00,2024-08-01,free,APAC,partner
acct_000686,2024-03-09T19:53:00+00:00,2024-03-01,free,NA,partner
acct_000687,2024-01-13T08:10:00+00:00,2024-01-01,free,EU,paid_search
acct_000688,2024-04-22T11:17:00+00:00,2024-04-01,free,LATAM,organic
acct_000689,2024-01-16T10:41:00+00:00,2024-01-01,free,EU,organic
acct_000690,2024-04-09T17:51:00+00:00,2024-04-01,free,APAC,partner
acct_000691,2024-07-13T13:29:00+00:00,2024-07-01,free,APAC,paid_search
acct_000692,2024-08-10T18:33:00+00:00,2024-08-01,free,LATAM,organic
acct_000693,2024-01-17T18:53:00+00:00,2024-01-01,free,APAC,partner
acct_000694,2024-05-22T09:30:00+00:00,2024-05-01,free,NA,partner
acct_000695,2024-05-21T13:55:00+00:00,2024-05-01,free,APAC,partner
acct_000696,2024-05-07T10:33:00+00:00,2024-05-01,free,EU,organic
acct_000697,2024-07-22T13:43:00+00:00,2024-07-01,free,EU,organic
acct_000698,2024-08-10T12:58:00+00:00,2024-08-01,free,LATAM,direct
acct_000699,2024-07-24T08:37:00+00:00,2024-07-01,free,EU,partner
acct_000700,2024-04-22T16:40:00+00:00,2024-04-01,free,LATAM,partner
acct_000701,2024-09-10T10:53:00+00:00,2024-09-01,free,EU,partner
acct_000702,2024-02-16T10:47:00+00:00,2024-02-01,free,APAC,paid_search
acct_000703,2024-06-21T09:14:00+00:00,2024-06-01,free,APAC,paid_search
acct_000704,2024-05-14T20:56:00+00:00,2024-05-01,free,APAC,partner
acct_000705,2024-05-19T12:29:00+00:00,2024-05-01,free,NA,direct
acct_000706,2024-01-21T17:37:00+00:00,2024-01-01,free,NA,direct
acct_000707,2024-04-17T09:55:00+00:00,2024-04-01,free,LATAM,partner
acct_000708,2024-07-02T10:08:00+00:00,2024-07-01,free,EU,partner
acct_000709,2024-07-19T15:09:00+00:00,2024-07-01,free,APAC,paid_search
acct_000710,2024-02-16T13:40:00+00:00,2024-02-01,free,EU,partner
acct_000711,2024-01-01T15:17:00+00:00,2024-01-01,free,EU,paid_search
acct_000712,2024-03-16T20:48:00+00:00,2024-03-01,free,NA,paid_search
acct_000713,2024-07-21T14:25:00+00:00,2024-07-01,free,LATAM,direct
acct_000714,2024-07-01T08:34:00+00:00,2024-07-01,free,EU,partner
acct_000715,2024-01-11T20:53:00+00:00,2024-01-01,free,EU,organic
acct_000716,2024-01-21T19:15:00+00:00,2024-01-01,free,EU,partner
acct_000717,2024-05-05T09:24:00+00:00,2024-05-01,free,APAC,paid_search
acct_000718,2024-02-02T12:18:00+00:00,2024-02-01,free,LATAM,partner
acct_000719,2024-07-22T10:21:00+00:00,2024-07-01,free,LATAM,partner
acct_000720,2024-04-06T20:25:00+00:00,2024-04-01,free,NA,paid_search
acct_000721,2024-04-24T10:13:00+00:00,2024-04-01,free,NA,paid_search
acct_000722,2024-02-12T19:41:00+00:00,2024-02-01,free,NA,direct
acct_000723,2024-05-25T16:39:00+00:00,2024-05-01,free,NA,organic
acct_000724,2024-02-21T08:03:00+00:00,2024-02-01,free,NA,direct
acct_000725,2024-08-13T09:35:00+00:00,2024-08-01,free,APAC,direct
acct_000726,2024-03-07T19:43:00+00:00,2024-03-01,free,NA,partner
acct_000727,2024-07-22T09:42:00+00:00,2024-07-01,free,APAC,paid_search
acct_000728,2024-07-04T16:46:00+00:00,2024-07-01,free,NA,partner
acct_000729,2024-02-04T15:12:00+00:00,2024-02-01,free,EU,partner
acct_000730,2024-09-07T13:45:00+00:00,2024-09-01,free,LATAM,partner
acct_000731,2024-03-02T16:31:00+00:00,2024-03-01,free,EU,direct
acct_000732,2024-06-08T08:00:00+00:00,2024-06-01,free,NA,organic
acct_000733,2024-08-05T09:49:00+00:00,2024-08-01,free,NA,organic
acct_000734,2024-05-21T11:29:00+00:00,2024-05-01,free,APAC,partner
acct_000735,2024-08-02T09:52:00+00:00,2024-08-01,free,EU,organic
acct_000736,2024-05-12T20:43:00+00:00,2024-05-01,free,APAC,direct
acct_000737,2024-02-04T20:56:00+00:00,2024-02-01,free,NA,organic
acct_000738,2024-03-22T18:10:00+00:00,2024-03-01,free,APAC,partner
acct_000739,2024-08-20T12:56:00+00:00,2024-08-01,free,NA,partner
acct_000740,2024-06-06T09:25:00+00:00,2024-06-01,free,LATAM,direct
acct_000741,2024-05-13T19:54:00+00:00,2024-05-01,free,LATAM,direct
acct_000742,2024-03-04T10:44:00+00:00,2024-03-01,free,NA,paid_search
acct_000743,2024-02-14T17:30:00+00:00,2024-02-01,free,LATAM,paid_search
acct_000744,2024-07-25T13:39:00+00:00,2024-07-01,free,NA,paid_search
acct_000745,2024-08-16T09:56:00+00:00,2024-08-01,free,LATAM,direct
acct_000746,2024-01-03T12:41:00+00:00,2024-01-01,free,APAC,organic
acct_000747,2024-09-25T19:36:00+00:00,2024-09-01,free,EU,partner
acct_000748,2024-09-17T19:44:00+00:00,2024-09-01,free,NA,direct
acct_000749,2024-04-16T13:42:00+00:00,2024-04-01,free,LATAM,paid_search
acct_000750,2024-09-20T08:00:00+00:00,2024-09-01,free,EU,direct
acct_000751,2024-08-06T09:48:00+00:00,2024-08-01,free,LATAM,partner
acct_000752,2024-04-11T12:03:00+00:00,2024-04-01,free,EU,direct
acct_000753,2024-07-08T09:29:00+00:00,2024-07-01,free,LATAM,direct
acct_000754,2024-02-16T15:20:00+00:00,2024-02-01,free,NA,direct
acct_000755,2024-01-04T14:26:00+00:00,2024-01-01,free,NA,organic
acct_000756,2024-02-20T17:40:00+00:00,2024-02-01,free,APAC,paid_search
acct_000757,2024-08-11T13:52:00+00:00,2024-08-01,free,NA,paid_search
acct_000758,2024-08-11T16:49:00+00:00,2024-08-01,free,LATAM,partner
acct_000759,2024-08-04T09:48:00+00:00,2024-08-01,free,EU,organic
acct_000760,2024-06-12T18:51:00+00:00,2024-06-01,free,APAC,partner
acct_000761,2024-02-02T10:31:00+00:00,2024-02-01,free,EU,direct
acct_000762,2024-02-09T17:12:00+00:00,2024-02-01,free,EU,organic
acct_000763,2024-07-07T15:52:00+00:00,2024-07-01,free,EU,partner
acct_000764,2024-02-25T14:02:00+00:00,2024-02-01,free,NA,direct
acct_000765,2024-08-22T17:32:00+00:00,2024-08-01,free,EU,direct
acct_000766,2024-01-17T19:03:00+00:00,2024-01-01,free,LATAM,direct
acct_000767,2024-09-25T10:44:00+00:00,2024-09-01,free,EU,paid_search
acct_000768,2024-02-13T18:38:00+00:00,2024-02-01,free,APAC,direct
acct_000769,2024-07-20T19:48:00+00:00,2024-07-01,free,EU,partner
acct_000770,2024-07-11T12:28:00+00:00,2024-07-01,free,EU,paid_search
acct_000771,2024-07-20T19:56:00+00:00,2024-07-01,free,APAC,partner
acct_000772,2024-09-21T11:12:00+00:00,2024-09-01,free,EU,partner
acct_000773,2024-06-22T10:45:00+00:00,2024-06-01,free,EU,partner
acct_000774,2024-02-25T13:35:00+00:00,2024-02-01,free,LATAM,direct
acct_000775,2024-09-10T14:51:00+00:00,2024-09-01,free,NA,organic
acct_000776,2024-01-13T10:03:00+00:00,2024-01-01,free,NA,paid_search
acct_000777,2024-05-25T20:10:00+00:00,2024-05-01,free,APAC,partner
acct_000778,2024-03-02T19:50:00+00:00,2024-03-01,free,APAC,paid_search
acct_000779,2024-09-02T13:52:00+00:00,2024-09-01,free,LATAM,organic
acct_000780,2024-09-08T19:41:00+00:00,2024-09-01,free,LATAM,paid_search
acct_000781,2024-09-23T12:44:00+00:00,2024-09-01,free,NA,direct
acct_000782,2024-07-14T20:43:00+00:00,2024-07-01,free,APAC,organic
acct_000783,2024-01-24T12:12:00+00:00,2024-01-01,free,LATAM,paid_search
acct_000784,2024-06-25T17:34:00+00:00,2024-06-01,free,EU,paid_search
acct_000785,2024-05-15T10:43:00+00:00,2024-05-01,free,NA,paid_search
acct_000786,2024-03-24T16:07:00+00:00,2024-03-01,free,LATAM,organic
acct_000787,2024-07-09T16:16:00+00:00,2024-07-01,free,EU,paid_search
acct_000788,2024-05-01T13:29:00+00:00,2024-05-01,free,EU,organic
acct_000789,2024-03-11T17:03:00+00:00,2024-03-01,free,APAC,direct
acct_000790,2024-09-12T09:50:00+00:00,2024-09-01,free,APAC,paid_search
acct_000791,2024-03-17T09:50:00+00:00,2024-03-01,free,EU,direct
acct_000792,2024-09-18T14:05:00+00:00,2024-09-01,free,APAC,paid_search
acct_000793,2024-04-22T13:21:00+00:00,2024-04-01,free,APAC,partner
acct_000794,2024-04-25T17:33:00+00:00,2024-04-01,free,LATAM,organic
acct_000795,2024-02-22T13:28:00+00:00,2024-02-01,free,EU,paid_search
acct_000796,2024-01-22T13:24:00+00:00,2024-01-01,free,NA,direct
acct_000797,2024-05-18T19:18:00+00:00,2024-05-01,free,NA,partner
acct_000798,2024-09-17T15:31:00+00:00,2024-09-01,free,NA,partner
acct_000799,2024-04-11T16:05:00+00:00,2024-04-01,free,NA,paid_search
acct_000800,2024-09-18T08:40:00+00:00,2024-09-01,free,NA,paid_search
acct_000801,2024-04-22T14:53:00+00:00,2024-04-01,free,NA,paid_search
acct_000802,2024-09-23T19:49:00+00:00,2024-09-01,free,LATAM,organic
acct_000803,2024-03-01T15:45:00+00:00,2024-03-01,free,APAC,organic
acct_000804,2024-02-03T08:11:00+00:00,2024-02-01,free,APAC,organic
acct_000805,2024-04-09T14:24:00+00:00,2024-04-01,free,LATAM,direct
acct_000806,2024-07-11T08:24:00+00:00,2024-07-01,free,NA,organic
acct_000807,2024-02-25T19:37:00+00:00,2024-02-01,free,NA,organic
acct_000808,2024-06-17T09:18:00+00:00,2024-06-01,free,APAC,organic
acct_000809,2024-05-25T15:24:00+00:00,2024-05-01,free,LATAM,organic
acct_000810,2024-08-06T16:14:00+00:00,2024-08-01,free,EU,direct
acct_000811,2024-09-10T18:09:00+00:00,2024-09-01,free,APAC,partner
acct_000812,2024-01-18T16:09:00+00:00,2024-01-01,free,NA,organic
acct_000813,2024-01-19T17:25:00+00:00,2024-01-01,free,NA,partner
acct_000814,2024-04-24T19:57:00+00:00,2024-04-01,free,APAC,paid_search
acct_000815,2024-07-21T16:09:00+00:00,2024-07-01,free,EU,paid_search
acct_000816,2024-04-20T12:12:00+00:00,2024-04-01,free,NA,paid_search
acct_000817,2024-01-25T16:29:00+00:00,2024-01-01,free,NA,partner
acct_000818,2024-02-09T09:12:00+00:00,2024-02-01,free,LATAM,partner
acct_000819,2024-06-05T18:41:00+00:00,2024-06-01,free,EU,organic
acct_000820,2024-05-20T09:57:00+00:00,2024-05-01,free,EU,partner
acct_000821,2024-08-15T13:39:00+00:00,2024-08-01,free,APAC,paid_search
acct_000822,2024-06-11T14:10:00+00:00,2024-06-01,free,NA,partner
acct_000823,2024-04-08T19:47:00+00:00,2024-04-01,free,LATAM,partner
acct_000824,2024-06-05T18:46:00+00:00,2024-06-01,free,APAC,direct
acct_000825,2024-08-15T13:49:00+00:00,2024-08-01,free,APAC,direct
acct_000826,2024-09-04T10:41:00+00:00,2024-09-01,free,NA,partner
acct_000827,2024-03-18T11:16:00+00:00,2024-03-01,free,NA,organic
acct_000828,2024-01-17T18:01:00+00:00,2024-01-01,free,LATAM,paid_search
acct_000829,2024-01-18T12:34:00+00:00,2024-01-01,free,LATAM,paid_search
acct_000830,2024-06-13T11:57:00+00:00,2024-06-01,free,APAC,paid_search
acct_000831,2024-08-17T16:05:00+00:00,2024-08-01,free,LATAM,partner
acct_000832,2024-09-01T18:15:00+00:00,2024-09-01,free,EU,paid_search
acct_000833,2024-08-06T10:36:00+00:00,2024-08-01,free,EU,direct
acct_000834,2024-06-02T11:48:00+00:00,2024-06-01,free,LATAM,paid_search
acct_000835,2024-02-09T13:14:00+00:00,2024-02-01,free,NA,paid_search
acct_000836,2024-09-12T14:30:00+00:00,2024-09-01,free,LATAM,organic
acct_000837,2024-01-21T13:06:00+00:00,2024-01-01,free,APAC,partner
acct_000838,2024-09-19T10:24:00+00:00,2024-09-01,free,LATAM,partner
acct_000839,2024-02-17T12:24:00+00:00,2024-02-01,free,EU,direct
acct_000840,2024-06-12T15:50:00+00:00,2024-06-01,free,LATAM,organic
acct_000841,2024-09-05T15:10:00+00:00,2024-09-01,free,EU,organic
acct_000842,2024-09-21T12:13:00+00:00,2024-09-01,free,EU,paid_search
acct_000843,2024-03-12T17:45:00+00:00,2024-03-01,free,NA,paid_search
acct_000844,2024-07-11T19:07:00+00:00,2024-07-01,free,LATAM,direct
acct_000845,2024-08-07T17:10:00+00:00,2024-08-01,free,LATAM,organic
acct_000846,2024-04-02T10:36:00+00:00,2024-04-01,free,EU,paid_search
acct_000847,2024-09-02T17:09:00+00:00,2024-09-01,free,NA,paid_search
acct_000848,2024-05-06T16:25:00+00:00,2024-05-01,free,NA,partner
acct_000849,2024-02-07T15:38:00+00:00,2024-02-01,free,LATAM,direct
acct_000850,2024-03-08T14:38:00+00:00,2024-03-01,free,EU,paid_search
acct_000851,2024-09-09T10:46:00+00:00,2024-09-01,free,APAC,direct
acct_000852,2024-02-08T14:24:00+00:00,2024-02-01,free,EU,organic
acct_000853,2024-01-07T16:55:00+00:00,2024-01-01,free,LATAM,paid_search
acct_000854,2024-02-06T15:57:00+00:00,2024-02-01,free,NA,organic
acct_000855,2024-02-16T18:08:00+00:00,2024-02-01,free,NA,direct
acct_000856,2024-09-14T13:55:00+00:00,2024-09-01,free,NA,direct
acct_000857,2024-04-16T20:49:00+00:00,2024-04-01,free,LATAM,partner
acct_000858,2024-02-14T10:16:00+00:00,2024-02-01,free,LATAM,paid_search
acct_000859,2024-02-10T17:56:00+00:00,2024-02-01,free,LATAM,partner
acct_000860,2024-04-01T19:47:00+00:00,2024-04-01,free,NA,organic
acct_000861,2024-09-01T14:41:00+00:00,2024-09-01,free,EU,partner
acct_000862,2024-07-12T09:09:00+00:00,2024-07-01,free,LATAM,partner
acct_000863,2024-05-18T14:36:00+00:00,2024-05-01,free,APAC,partner
acct_000864,2024-07-25T11:26:00+00:00,2024-07-01,free,LATAM,paid_search
acct_000865,2024-06-18T16:30:00+00:00,2024-06-01,free,APAC,partner
acct_000866,2024-06-25T19:25:00+00:00,2024-06-01,free,EU,organic
acct_000867,2024-04-15T20:44:00+00:00,2024-04-01,free,EU,organic
acct_000868,2024-04-17T14:50:00+00:00,2024-04-01,free,APAC,organic
acct_000869,2024-03-13T18:00:00+00:00,2024-03-01,free,NA,paid_search
acct_000870,2024-08-20T14:05:00+00:00,2024-08-01,free,NA,partner
acct_000871,2024-04-12T09:38:00+00:00,2024-04-01,free,NA,direct
acct_000872,2024-07-20T18:33:00+00:00,2024-07-01,free,APAC,organic
acct_000873,2024-03-21T15:28:00+00:00,2024-03-01,free,NA,paid_search
acct_000874,2024-09-10T11:02:00+00:00,2024-09-01,free,EU,paid_search
acct_000875,2024-01-12T11:41:00+00:00,2024-01-01,free,NA,paid_search
acct_000876,2024-02-09T20:25:00+00:00,2024-02-01,free,APAC,direct
acct_000877,2024-07-19T11:33:00+00:00,2024-07-01,free,NA,organic
acct_000878,2024-02-18T12:46:00+00:00,2024-02-01,free,APAC,partner
acct_000879,2024-05-08T17:12:00+00:00,2024-05-01,free,LATAM,direct
acct_000880,2024-01-09T10:26:00+00:00,2024-01-01,free,NA,organic
acct_000881,2024-09-10T13:07:00+00:00,2024-09-01,free,APAC,partner
acct_000882,2024-08-13T17:30:00+00:00,2024-08-01,free,EU,partner
acct_000883,2024-08-22T15:57:00+00:00,2024-08-01,free,NA,direct
acct_000884,2024-02-09T09:24:00+00:00,2024-02-01,free,EU,paid_search
acct_000885,2024-06-14T13:33:00+00:00,2024-06-01,free,NA,partner
acct_000886,2024-04-10T09:25:00+00:00,2024-04-01,free,APAC,organic
acct_000887,2024-09-06T15:20:00+00:00,2024-09-01,free,APAC,paid_search
acct_000888,2024-05-06T19:43:00+00:00,2024-05-01,free,EU,direct
acct_000889,2024-04-08T19:15:00+00:00,2024-04-01,free,APAC,paid_search
acct_000890,2024-04-07T11:53:00+00:00,2024-04-01,free,APAC,paid_search
acct_000891,2024-02-04T09:43:00+00:00,2024-02-01,free,LATAM,organic
acct_000892,2024-09-02T15:23:00+00:00,2024-09-01,free,APAC,direct
acct_000893,2024-05-16T10:48:00+00:00,2024-05-01,free,APAC,direct
acct_000894,2024-04-25T17:08:00+00:00,2024-04-01,free,NA,direct
acct_000895,2024-08-18T08:32:00+00:00,2024-08-01,free,APAC,direct
acct_000896,2024-03-15T09:44:00+00:00,2024-03-01,free,LATAM,partner
acct_000897,2024-01-01T18:13:00+00:00,2024-01-01,free,LATAM,organic
acct_000898,2024-06-12T17:55:00+00:00,2024-06-01,free,APAC,paid_search
acct_000899,2024-09-09T11:17:00+00:00,2024-09-01,free,LATAM,partner
acct_000900,2024-06-06T15:27:00+00:00,2024-06-01,free,EU,direct
acct_000901,2024-06-12T14:17:00+00:00,2024-06-01,free,LATAM,paid_search
acct_000902,2024-03-19T18:14:00+00:00,2024-03-01,free,NA,partner
acct_000903,2024-04-18T14:54:00+00:00,2024-04-01,free,LATAM,paid_search
acct_000904,2024-03-24T10:30:00+00:00,2024-03-01,free,NA,paid_search
acct_000905,2024-07-16T10:57:00+00:00,2024-07-01,free,APAC,direct
acct_000906,2024-05-09T16:54:00+00:00,2024-05-01,free,NA,direct
acct_000907,2024-02-23T10:03:00+00:00,2024-02-01,free,EU,partner
acct_000908,2024-08-21T09:28:00+00:00,2024-08-01,free,APAC,partner
acct_000909,2024-06-12T16:35:00+00:00,2024-06-01,free,APAC,partner
acct_000910,2024-01-14T09:22:00+00:00,2024-01-01,free,EU,paid_search
acct_000911,2024-05-12T13:43:00+00:00,2024-05-01,free,LATAM,direct
acct_000912,2024-02-13T17:18:00+00:00,2024-02-01,free,LATAM,paid_search
acct_000913,2024-03-21T20:59:00+00:00,2024-03-01,free,APAC,direct
acct_000914,2024-07-03T09:10:00+00:00,2024-07-01,free,APAC,paid_search
acct_000915,2024-06-11T18:18:00+00:00,2024-06-01,free,APAC,direct
acct_000916,2024-05-15T20:55:00+00:00,2024-05-01,free,APAC,direct
acct_000917,2024-07-06T10:54:00+00:00,2024-07-01,free,NA,paid_search
acct_000918,2024-04-22T12:47:00+00:00,2024-04-01,free,NA,paid_search
acct_000919,2024-03-13T09:06:00+00:00,2024-03-01,free,NA,direct
acct_000920,2024-09-02T08:49:00+00:00,2024-09-01,free,LATAM,organic
acct_000921,2024-02-09T17:09:00+00:00,2024-02-01,free,NA,direct
acct_000922,2024-05-08T11:47:00+00:00,2024-05-01,free,APAC,direct
acct_000923,2024-03-05T16:53:00+00:00,2024-03-01,free,EU,organic
acct_000924,2024-01-22T13:55:00+00:00,2024-01-01,free,APAC,direct
acct_000925,2024-08-18T12:35:00+00:00,2024-08-01,free,LATAM,paid_search
acct_000926,2024-09-06T17:38:00+00:00,2024-09-01,free,LATAM,direct
acct_000927,2024-09-21T18:34:00+00:00,2024-09-01,free,APAC,partner
acct_000928,2024-08-18T11:51:00+00:00,2024-08-01,free,NA,direct
acct_000929,2024-05-12T14:16:00+00:00,2024-05-01,free,EU,partner
acct_000930,2024-01-01T16:52:00+00:00,2024-01-01,free,EU,partner
acct_000931,2024-05-16T16:00:00+00:00,2024-05-01,free,LATAM,direct
acct_000932,2024-05-01T20:27:00+00:00,2024-05-01,free,APAC,paid_search
acct_000933,2024-01-18T13:12:00+00:00,2024-01-01,free,LATAM,direct
acct_000934,2024-07-08T10:45:00+00:00,2024-07-01,free,LATAM,direct
acct_000935,2024-04-09T09:27:00+00:00,2024-04-01,free,EU,partner
acct_000936,2024-05-21T19:34:00+00:00,2024-05-01,free,APAC,direct
acct_000937,2024-04-03T10:08:00+00:00,2024-04-01,free,APAC,organic
acct_000938,2024-08-20T15:17:00+00:00,2024-08-01,free,LATAM,paid_search
acct_000939,2024-06-01T10:03:00+00:00,2024-06-01,free,NA,paid_search
acct_000940,2024-02-10T12:08:00+00:00,2024-02-01,free,LATAM,organic
acct_000941,2024-04-03T10:00:00+00:00,2024-04-01,free,LATAM,paid_search
acct_000942,2024-06-14T12:50:00+00:00,2024-06-01,free,LATAM,partner
acct_000943,2024-08-23T20:02:00+00:00,2024-08-01,free,APAC,organic
acct_000944,2024-03-02T12:49:00+00:00,2024-03-01,free,LATAM,organic
acct_000945,2024-09-16T10:12:00+00:00,2024-09-01,free,APAC,direct
acct_000946,2024-01-04T20:45:00+00:00,2024-01-01,free,EU,direct
acct_000947,2024-08-08T19:02:00+00:00,2024-08-01,free,EU,direct
acct_000948,2024-02-17T18:13:00+00:00,2024-02-01,free,LATAM,direct
acct_000949,2024-05-11T10:40:00+00:00,2024-05-01,free,NA,organic
acct_000950,2024-05-16T18:19:00+00:00,2024-05-01,free,EU,partner
acct_000951,2024-01-22T11:07:00+00:00,2024-01-01,free,EU,direct
acct_000952,2024-06-01T10:50:00+00:00,2024-06-01,free,APAC,organic
acct_000953,2024-07-08T08:02:00+00:00,2024-07-01,free,LATAM,paid_search
acct_000954,2024-06-25T09:15:00+00:00,2024-06-01,free,EU,direct
acct_000955,2024-02-22T17:21:00+00:00,2024-02-01,free,NA,organic
acct_000956,2024-06-21T10:44:00+00:00,2024-06-01,free,NA,paid_search
acct_000957,2024-08-08T13:35:00+00:00,2024-08-01,free,APAC,direct
acct_000958,2024-04-01T19:24:00+00:00,2024-04-01,free,APAC,paid_search
acct_000959,2024-05-02T15:45:00+00:00,2024-05-01,free,LATAM,partner
acct_000960,2024-09-23T15:12:00+00:00,2024-09-01,free,EU,partner
acct_000961,2024-06-24T15:17:00+00:00,2024-06-01,free,EU,organic
acct_000962,2024-09-05T15:18:00+00:00,2024-09-01,free,APAC,partner
acct_000963,2024-08-01T20:40:00+00:00,2024-08-01,free,LATAM,paid_search
acct_000964,2024-01-20T13:49:00+00:00,2024-01-01,free,EU,partner
acct_000965,2024-02-22T16:52:00+00:00,2024-02-01,free,LATAM,paid_search
acct_000966,2024-09-22T15:49:00+00:00,2024-09-01,free,EU,partner
acct_000967,2024-06-14T18:20:00+00:00,2024-06-01,free,NA,organic
acct_000968,2024-09-22T09:02:00+00:00,2024-09-01,free,EU,paid_search
acct_000969,2024-01-07T09:31:00+00:00,2024-01-01,free,EU,organic
acct_000970,2024-01-19T18:53:00+00:00,2024-01-01,free,LATAM,direct
acct_000971,2024-09-20T19:37:00+00:00,2024-09-01,free,APAC,organic
acct_000972,2024-06-08T17:45:00+00:00,2024-06-01,free,NA,organic
acct_000973,2024-04-21T15:59:00+00:00,2024-04-01,free,NA,direct
acct_000974,2024-01-12T16:47:00+00:00,2024-01-01,free,LATAM,partner
acct_000975,2024-01-20T12:33:00+00:00,2024-01-01,free,NA,organic
acct_000976,2024-05-03T11:33:00+00:00,2024-05-01,free,NA,organic
acct_000977,2024-04-18T14:12:00+00:00,2024-04-01,free,EU,paid_search
acct_000978,2024-03-18T19:35:00+00:00,2024-03-01,free,LATAM,organic
acct_000979,2024-06-22T15:44:00+00:00,2024-06-01,free,LATAM,organic
acct_000980,2024-03-06T16:25:00+00:00,2024-03-01,free,APAC,paid_search
acct_000981,2024-09-20T15:59:00+00:00,2024-09-01,free,APAC,partner
acct_000982,2024-09-11T13:26:00+00:00,2024-09-01,free,LATAM,partner
acct_000983,2024-04-19T16:13:00+00:00,2024-04-01,free,LATAM,partner
acct_000984,2024-06-15T15:25:00+00:00,2024-06-01,free,NA,organic
acct_000985,2024-05-20T08:33:00+00:00,2024-05-01,free,EU,partner
acct_000986,2024-01-10T11:13:00+00:00,2024-01-01,free,APAC,organic
acct_000987,2024-05-18T16:35:00+00:00,2024-05-01,free,EU,organic
acct_000988,2024-01-15T13:09:00+00:00,2024-01-01,free,EU,partner
acct_000989,2024-06-19T11:14:00+00:00,2024-06-01,free,APAC,partner
acct_000990,2024-02-19T14:36:00+00:00,2024-02-01,free,EU,organic
acct_000991,2024-06-16T10:31:00+00:00,2024-06-01,free,NA,partner
acct_000992,2024-01-24T20:36:00+00:00,2024-01-01,free,LATAM,organic
acct_000993,2024-01-25T13:22:00+00:00,2024-01-01,free,LATAM,direct
acct_000994,2024-02-25T11:47:00+00:00,2024-02-01,free,NA,direct
acct_000995,2024-01-10T16:02:00+00:00,2024-01-01,free,APAC,paid_search
acct_000996,2024-06-17T19:14:00+00:00,2024-06-01,free,EU,organic
acct_000997,2024-07-15T20:38:00+00:00,2024-07-01,free,NA,paid_search
acct_000998,2024-07-10T20:25:00+00:00,2024-07-01,free,EU,paid_search
acct_000999,2024-06-03T15:36:00+00:00,2024-06-01,free,NA,direct
acct_001000,2024-05-03T14:32:00+00:00,2024-05-01,free,LATAM,paid_search
acct_001001,2024-03-16T16:12:00+00:00,2024-03-01,free,LATAM,direct
acct_001002,2024-04-18T17:47:00+00:00,2024-04-01,free,EU,paid_search
acct_001003,2024-02-09T20:27:00+00:00,2024-02-01,free,APAC,organic
acct_001004,2024-02-22T14:27:00+00:00,2024-02-01,free,APAC,partner
acct_001005,2024-04-11T13:38:00+00:00,2024-04-01,free,NA,partner
acct_001006,2024-03-12T17:52:00+00:00,2024-03-01,free,LATAM,paid_search
acct_001007,2024-08-02T11:12:00+00:00,2024-08-01,free,APAC,paid_search
acct_001008,2024-02-04T19:03:00+00:00,2024-02-01,free,EU,paid_search
acct_001009,2024-05-01T13:44:00+00:00,2024-05-01,free,NA,partner
acct_001010,2024-08-16T08:21:00+00:00,2024-08-01,free,EU,paid_search
acct_001011,2024-04-18T16:48:00+00:00,2024-04-01,free,APAC,direct
acct_001012,2024-03-23T19:42:00+00:00,2024-03-01,free,NA,direct
acct_001013,2024-09-02T12:10:00+00:00,2024-09-01,free,NA,partner
acct_001014,2024-04-23T17:17:00+00:00,2024-04-01,free,NA,direct
acct_001015,2024-01-03T14:42:00+00:00,2024-01-01,free,APAC,partner
acct_001016,2024-02-01T12:55:00+00:00,2024-02-01,free,LATAM,paid_search
acct_001017,2024-07-17T19:06:00+00:00,2024-07-01,free,APAC,direct
acct_001018,2024-09-03T10:12:00+00:00,2024-09-01,free,LATAM,organic
acct_001019,2024-01-08T16:19:00+00:00,2024-01-01,free,APAC,direct
acct_001020,2024-07-24T10:01:00+00:00,2024-07-01,free,APAC,partner
acct_001021,2024-06-21T12:15:00+00:00,2024-06-01,free,APAC,organic
acct_001022,2024-05-13T08:35:00+00:00,2024-05-01,free,APAC,paid_search
acct_001023,2024-03-11T14:42:00+00:00,2024-03-01,free,EU,organic
acct_001024,2024-07-17T18:39:00+00:00,2024-07-01,free,EU,direct
acct_001025,2024-04-19T10:27:00+00:00,2024-04-01,free,APAC,partner
acct_001026,2024-08-18T10:13:00+00:00,2024-08-01,free,EU,paid_search
acct_001027,2024-03-10T19:45:00+00:00,2024-03-01,free,EU,direct
acct_001028,2024-03-21T17:58:00+00:00,2024-03-01,free,EU,partner
acct_001029,2024-02-18T16:46:00+00:00,2024-02-01,free,NA,paid_search
acct_001030,2024-06-05T19:01:00+00:00,2024-06-01,free,APAC,direct
acct_001031,2024-07-10T15:47:00+00:00,2024-07-01,free,APAC,paid_search
acct_001032,2024-04-04T10:11:00+00:00,2024-04-01,free,NA,partner
acct_001033,2024-04-20T11:14:00+00:00,2024-04-01,free,NA,partner
acct_001034,2024-02-23T20:30:00+00:00,2024-02-01,free,EU,direct
acct_001035,2024-06-06T14:31:00+00:00,2024-06-01,free,LATAM,paid_search
acct_001036,2024-03-07T11:02:00+00:00,2024-03-01,free,LATAM,organic
acct_001037,2024-05-14T11:47:00+00:00,2024-05-01,free,EU,paid_search
acct_001038,2024-02-06T15:55:00+00:00,2024-02-01,free,LATAM,partner
acct_001039,2024-08-08T14:25:00+00:00,2024-08-01,free,NA,direct
acct_001040,2024-06-13T17:47:00+00:00,2024-06-01,free,NA,organic
acct_001041,2024-08-15T08:56:00+00:00,2024-08-01,free,EU,direct
acct_001042,2024-01-18T14:33:00+00:00,2024-01-01,free,NA,paid_search
acct_001043,2024-05-15T14:56:00+00:00,2024-05-01,free,APAC,partner
acct_001044,2024-08-06T14:18:00+00:00,2024-08-01,free,NA,paid_search
acct_001045,2024-08-21T15:05:00+00:00,2024-08-01,free,NA,paid_search
acct_001046,2024-09-05T14:26:00+00:00,2024-09-01,free,APAC,direct
acct_001047,2024-01-06T15:37:00+00:00,2024-01-01,free,EU,direct
acct_001048,2024-02-09T13:44:00+00:00,2024-02-01,free,EU,organic
acct_001049,2024-02-04T19:28:00+00:00,2024-02-01,free,APAC,organic
acct_001050,2024-09-23T14:46:00+00:00,2024-09-01,free,EU,direct
acct_001051,2024-09-13T08:49:00+00:00,2024-09-01,free,EU,partner
acct_001052,2024-03-06T10:11:00+00:00,2024-03-01,free,NA,direct
acct_001053,2024-05-10T19:49:00+00:00,2024-05-01,free,LATAM,partner
acct_001054,2024-03-04T10:12:00+00:00,2024-03-01,free,NA,partner
acct_001055,2024-01-15T15:54:00+00:00,2024-01-01,free,LATAM,organic
acct_001056,2024-08-08T11:37:00+00:00,2024-08-01,free,LATAM,direct
acct_001057,2024-07-15T09:38:00+00:00,2024-07-01,free,NA,paid_search
acct_001058,2024-09-09T17:40:00+00:00,2024-09-01,free,EU,organic
acct_001059,2024-03-05T08:41:00+00:00,2024-03-01,free,APAC,organic
acct_001060,2024-03-02T18:36:00+00:00,2024-03-01,free,APAC,partner
acct_001061,2024-02-02T09:26:00+00:00,2024-02-01,free,EU,paid_search
acct_001062,2024-05-20T18:44:00+00:00,2024-05-01,free,EU,direct
acct_001063,2024-06-02T09:49:00+00:00,2024-06-01,free,APAC,partner
acct_001064,2024-06-13T09:48:00+00:00,2024-06-01,free,LATAM,organic
acct_001065,2024-05-16T10:07:00+00:00,2024-05-01,free,APAC,partner
acct_001066,2024-09-14T16:13:00+00:00,2024-09-01,free,EU,organic
acct_001067,2024-02-19T19:40:00+00:00,2024-02-01,free,NA,direct
acct_001068,2024-05-14T17:54:00+00:00,2024-05-01,free,APAC,partner
acct_001069,2024-09-19T17:22:00+00:00,2024-09-01,free,EU,direct
acct_001070,2024-09-24T18:31:00+00:00,2024-09-01,free,LATAM,paid_search
acct_001071,2024-04-23T12:12:00+00:00,2024-04-01,free,NA,organic
acct_001072,2024-01-15T18:50:00+00:00,2024-01-01,free,NA,paid_search
acct_001073,2024-07-14T08:21:00+00:00,2024-07-01,free,APAC,paid_search
acct_001074,2024-01-21T11:44:00+00:00,2024-01-01,free,APAC,partner
acct_001075,2024-02-10T12:32:00+00:00,2024-02-01,free,APAC,organic
acct_001076,2024-02-22T13:21:00+00:00,2024-02-01,free,LATAM,organic
acct_001077,2024-03-07T13:53:00+00:00,2024-03-01,free,APAC,direct
acct_001078,2024-08-02T18:08:00+00:00,2024-08-01,free,LATAM,paid_search
acct_001079,2024-08-18T13:29:00+00:00,2024-08-01,free,LATAM,organic
acct_001080,2024-09-10T17:46:00+00:00,2024-09-01,free,APAC,organic
acct_001081,2024-04-19T18:21:00+00:00,2024-04-01,free,APAC,organic
acct_001082,2024-03-09T08:21:00+00:00,2024-03-01,free,LATAM,paid_search
acct_001083,2024-07-06T17:07:00+00:00,2024-07-01,free,APAC,partner
acct_001084,2024-01-09T14:05:00+00:00,2024-01-01,free,LATAM,paid_search
acct_001085,2024-06-15T12:13:00+00:00,2024-06-01,free,APAC,paid_search
acct_001086,2024-02-12T20:02:00+00:00,2024-02-01,free,EU,organic
acct_001087,2024-08-17T08:51:00+00:00,2024-08-01,free,LATAM,paid_search
acct_001088,2024-04-11T15:46:00+00:00,2024-04-01,free,APAC,partner
acct_001089,2024-03-25T09:52:00+00:00,2024-03-01,free,EU,paid_search
acct_001090,2024-01-15T14:45:00+00:00,2024-01-01,free,NA,organic
acct_001091,2024-05-02T18:54:00+00:00,2024-05-01,free,NA,partner
acct_001092,2024-08-02T09:33:00+00:00,2024-08-01,free,APAC,organic
acct_001093,2024-05-21T11:20:00+00:00,2024-05-01,free,EU,paid_search
acct_001094,2024-05-09T16:20:00+00:00,2024-05-01,free,LATAM,organic
acct_001095,2024-05-05T10:17:00+00:00,2024-05-01,free,NA,organic
acct_001096,2024-09-17T09:13:00+00:00,2024-09-01,free,APAC,partner
acct_001097,2024-05-05T19:51:00+00:00,2024-05-01,free,APAC,paid_search
acct_001098,2024-03-03T12:39:00+00:00,2024-03-01,free,APAC,direct
acct_001099,2024-01-05T08:30:00+00:00,2024-01-01,free,NA,organic
acct_001100,2024-07-02T09:27:00+00:00,2024-07-01,free,LATAM,paid_search
acct_001101,2024-08-20T13:19:00+00:00,2024-08-01,free,APAC,paid_search
acct_001102,2024-09-03T20:48:00+00:00,2024-09-01,free,LATAM,paid_search
acct_001103,2024-02-23T15:06:00+00:00,2024-02-01,free,LATAM,partner
acct_001104,2024-08-16T11:14:00+00:00,2024-08-01,free,EU,partner
acct_001105,2024-06-13T10:44:00+00:00,2024-06-01,free,APAC,partner
acct_001106,2024-08-16T08:04:00+00:00,2024-08-01,free,LATAM,organic
acct_001107,2024-06-16T15:54:00+00:00,2024-06-01,free,EU,partner
acct_001108,2024-06-20T17:08:00+00:00,2024-06-01,free,NA,direct
acct_001109,2024-02-11T16:41:00+00:00,2024-02-01,free,NA,partner
acct_001110,2024-09-15T14:37:00+00:00,2024-09-01,free,LATAM,paid_search
acct_001111,2024-04-18T10:30:00+00:00,2024-04-01,free,LATAM,organic
acct_001112,2024-06-07T19:37:00+00:00,2024-06-01,free,LATAM,direct
acct_001113,2024-06-18T19:15:00+00:00,2024-06-01,free,EU,organic
acct_001114,2024-08-04T17:38:00+00:00,2024-08-01,free,LATAM,partner
acct_001115,2024-09-04T15:11:00+00:00,2024-09-01,free,APAC,direct
acct_001116,2024-02-20T09:43:00+00:00,2024-02-01,free,LATAM,partner
acct_001117,2024-08-21T18:03:00+00:00,2024-08-01,free,NA,paid_search
acct_001118,2024-03-19T20:40:00+00:00,2024-03-01,free,NA,paid_search
acct_001119,2024-03-15T16:18:00+00:00,2024-03-01,free,LATAM,direct
acct_001120,2024-04-07T18:56:00+00:00,2024-04-01,free,APAC,partner
acct_001121,2024-05-14T19:58:00+00:00,2024-05-01,free,APAC,organic
acct_001122,2024-01-20T16:25:00+00:00,2024-01-01,free,EU,partner
acct_001123,2024-01-12T16:03:00+00:00,2024-01-01,free,NA,partner
acct_001124,2024-02-10T08:15:00+00:00,2024-02-01,free,LATAM,direct
acct_001125,2024-06-23T14:25:00+00:00,2024-06-01,free,LATAM,direct
acct_001126,2024-09-07T18:11:00+00:00,2024-09-01,free,LATAM,paid_search
acct_001127,2024-04-18T14:53:00+00:00,2024-04-01,free,APAC,direct
acct_001128,2024-03-10T18:08:00+00:00,2024-03-01,free,EU,organic
acct_001129,2024-02-21T08:09:00+00:00,2024-02-01,free,LATAM,direct
acct_001130,2024-03-03T10:41:00+00:00,2024-03-01,free,LATAM,direct
acct_001131,2024-07-20T10:29:00+00:00,2024-07-01,free,LATAM,direct
acct_001132,2024-07-12T11:11:00+00:00,2024-07-01,free,LATAM,organic
acct_001133,2024-08-24T11:45:00+00:00,2024-08-01,free,APAC,direct
acct_001134,2024-09-19T13:02:00+00:00,2024-09-01,free,NA,direct
acct_001135,2024-06-04T17:30:00+00:00,2024-06-01,free,NA,paid_search
acct_001136,2024-09-25T20:17:00+00:00,2024-09-01,free,LATAM,organic
acct_001137,2024-09-20T09:15:00+00:00,2024-09-01,free,LATAM,organic
acct_001138,2024-09-19T12:39:00+00:00,2024-09-01,free,NA,partner
acct_001139,2024-09-25T08:30:00+00:00,2024-09-01,free,LATAM,direct
acct_001140,2024-06-14T13:51:00+00:00,2024-06-01,free,APAC,partner
acct_001141,2024-03-02T19:59:00+00:00,2024-03-01,free,APAC,partner
acct_001142,2024-01-21T15:37:00+00:00,2024-01-01,free,EU,organic
acct_001143,2024-05-24T17:01:00+00:00,2024-05-01,free,APAC,direct
acct_001144,2024-02-05T16:04:00+00:00,2024-02-01,free,APAC,partner
acct_001145,2024-03-20T12:17:00+00:00,2024-03-01,free,APAC,organic
acct_001146,2024-02-20T10:58:00+00:00,2024-02-01,free,EU,direct
acct_001147,2024-06-06T12:50:00+00:00,2024-06-01,free,EU,direct
acct_001148,2024-03-17T08:21:00+00:00,2024-03-01,free,NA,paid_search
acct_001149,2024-03-16T20:26:00+00:00,2024-03-01,free,LATAM,paid_search
acct_001150,2024-08-24T18:10:00+00:00,2024-08-01,free,EU,partner
acct_001151,2024-01-21T12:48:00+00:00,2024-01-01,free,NA,organic
acct_001152,2024-03-15T14:30:00+00:00,2024-03-01,free,APAC,direct
acct_001153,2024-09-08T14:43:00+00:00,2024-09-01,free,LATAM,direct
acct_001154,2024-05-05T16:55:00+00:00,2024-05-01,free,LATAM,organic
acct_001155,2024-05-15T14:43:00+00:00,2024-05-01,free,APAC,organic
acct_001156,2024-02-18T18:22:00+00:00,2024-02-01,free,LATAM,partner
acct_001157,2024-06-09T12:51:00+00:00,2024-06-01,free,NA,partner
acct_001158,2024-07-15T20:43:00+00:00,2024-07-01,free,EU,paid_search
acct_001159,2024-09-11T18:44:00+00:00,2024-09-01,free,EU,partner
acct_001160,2024-09-01T18:00:00+00:00,2024-09-01,free,NA,organic
acct_001161,2024-07-04T16:06:00+00:00,2024-07-01,free,LATAM,partner
acct_001162,2024-04-24T12:16:00+00:00,2024-04-01,free,EU,organic
acct_001163,2024-01-20T09:03:00+00:00,2024-01-01,free,EU,organic
acct_001164,2024-02-03T17:08:00+00:00,2024-02-01,free,LATAM,paid_search
acct_001165,2024-02-23T10:16:00+00:00,2024-02-01,free,APAC,direct
acct_001166,2024-02-21T15:59:00+00:00,2024-02-01,free,APAC,direct
acct_001167,2024-06-09T10:49:00+00:00,2024-06-01,free,NA,partner
acct_001168,2024-01-13T14:21:00+00:00,2024-01-01,free,NA,partner
acct_001169,2024-05-06T15:04:00+00:00,2024-05-01,free,LATAM,paid_search
acct_001170,2024-07-06T18:31:00+00:00,2024-07-01,free,NA,paid_search
acct_001171,2024-09-25T14:13:00+00:00,2024-09-01,free,NA,direct
acct_001172,2024-05-04T08:04:00+00:00,2024-05-01,free,NA,partner
acct_001173,2024-08-01T15:09:00+00:00,2024-08-01,free,NA,organic
acct_001174,2024-07-09T10:44:00+00:00,2024-07-01,free,APAC,direct
acct_001175,2024-01-17T19:49:00+00:00,2024-01-01,free,LATAM,direct
acct_001176,2024-07-13T19:49:00+00:00,2024-07-01,free,NA,paid_search
acct_001177,2024-01-13T19:52:00+00:00,2024-01-01,free,LATAM,organic
acct_001178,2024-09-12T13:43:00+00:00,2024-09-01,free,APAC,direct
acct_001179,2024-01-21T18:05:00+00:00,2024-01-01,free,APAC,partner
acct_001180,2024-02-15T20:49:00+00:00,2024-02-01,free,APAC,paid_search
acct_001181,2024-03-18T08:24:00+00:00,2024-03-01,free,EU,partner
acct_001182,2024-07-04T18:44:00+00:00,2024-07-01,free,APAC,direct
acct_001183,2024-02-21T15:47:00+00:00,2024-02-01,free,EU,paid_search
acct_001184,2024-01-07T08:46:00+00:00,2024-01-01,free,EU,direct
acct_001185,2024-07-03T20:34:00+00:00,2024-07-01,free,APAC,direct
acct_001186,2024-09-15T08:02:00+00:00,2024-09-01,free,APAC,organic
acct_001187,2024-06-24T08:25:00+00:00,2024-06-01,free,NA,paid_search
acct_001188,2024-09-15T18:55:00+00:00,2024-09-01,free,EU,paid_search
acct_001189,2024-02-02T19:09:00+00:00,2024-02-01,free,LATAM,organic
acct_001190,2024-08-20T08:15:00+00:00,2024-08-01,free,EU,organic
acct_001191,2024-03-21T08:57:00+00:00,2024-03-01,free,APAC,organic
acct_001192,2024-08-20T10:53:00+00:00,2024-08-01,free,NA,organic
acct_001193,2024-02-16T17:51:00+00:00,2024-02-01,free,EU,organic
acct_001194,2024-04-14T13:51:00+00:00,2024-04-01,free,LATAM,partner
acct_001195,2024-02-22T17:34:00+00:00,2024-02-01,free,EU,partner
acct_001196,2024-04-25T08:37:00+00:00,2024-04-01,free,EU,partner
acct_001197,2024-02-04T12:09:00+00:00,2024-02-01,free,LATAM,paid_search
acct_001198,2024-06-18T10:28:00+00:00,2024-06-01,free,EU,organic
acct_001199,2024-03-04T20:54:00+00:00,2024-03-01,free,LATAM,paid_search
acct_001200,2024-01-16T09:00:00+00:00,2024-01-01,free,NA,paid_search
acct_001201,2024-02-23T18:37:00+00:00,2024-02-01,free,APAC,direct
acct_001202,2024-08-23T10:13:00+00:00,2024-08-01,free,EU,partner
acct_001203,2024-09-15T14:15:00+00:00,2024-09-01,free,EU,organic
acct_001204,2024-03-23T15:39:00+00:00,2024-03-01,free,NA,partner
acct_001205,2024-06-14T08:35:00+00:00,2024-06-01,free,EU,paid_search
acct_001206,2024-02-17T09:39:00+00:00,2024-02-01,free,APAC,paid_search
acct_001207,2024-08-25T18:42:00+00:00,2024-08-01,free,EU,partner
acct_001208,2024-01-07T09:50:00+00:00,2024-01-01,free,EU,direct
acct_001209,2024-08-06T10:42:00+00:00,2024-08-01,free,NA,organic
acct_001210,2024-06-10T11:27:00+00:00,2024-06-01,free,APAC,partner
acct_001211,2024-08-02T09:47:00+00:00,2024-08-01,free,NA,paid_search
acct_001212,2024-03-01T15:32:00+00:00,2024-03-01,free,NA,organic
acct_001213,2024-04-24T15:37:00+00:00,2024-04-01,free,APAC,direct
acct_001214,2024-04-24T18:57:00+00:00,2024-04-01,free,APAC,paid_search
acct_001215,2024-02-11T11:06:00+00:00,2024-02-01,free,EU,direct
acct_001216,2024-04-13T11:04:00+00:00,2024-04-01,free,LATAM,direct
acct_001217,2024-01-14T10:13:00+00:00,2024-01-01,free,LATAM,paid_search
acct_001218,2024-07-12T10:29:00+00:00,2024-07-01,free,EU,partner
acct_001219,2024-05-07T13:08:00+00:00,2024-05-01,free,NA,organic
acct_001220,2024-05-05T09:54:00+00:00,2024-05-01,free,LATAM,direct
acct_001221,2024-07-06T20:21:00+00:00,2024-07-01,free,EU,partner
acct_001222,2024-03-21T17:57:00+00:00,2024-03-01,free,EU,paid_search
acct_001223,2024-02-14T16:31:00+00:00,2024-02-01,free,EU,direct
acct_001224,2024-08-09T08:46:00+00:00,2024-08-01,free,LATAM,paid_search
acct_001225,2024-04-11T14:37:00+00:00,2024-04-01,free,EU,paid_search
acct_001226,2024-01-14T08:02:00+00:00,2024-01-01,free,LATAM,organic
acct_001227,2024-07-17T14:30:00+00:00,2024-07-01,free,NA,direct
acct_001228,2024-08-08T09:35:00+00:00,2024-08-01,free,NA,direct
acct_001229,2024-04-05T13:18:00+00:00,2024-04-01,free,EU,organic
acct_001230,2024-01-16T18:19:00+00:00,2024-01-01,free,EU,direct
acct_001231,2024-01-15T15:49:00+00:00,2024-01-01,free,EU,direct
acct_001232,2024-03-12T18:29:00+00:00,2024-03-01,free,NA,organic
acct_001233,2024-07-23T13:33:00+00:00,2024-07-01,free,NA,partner
acct_001234,2024-07-25T12:44:00+00:00,2024-07-01,free,EU,organic
acct_001235,2024-06-24T08:32:00+00:00,2024-06-01,free,APAC,organic
acct_001236,2024-02-13T13:29:00+00:00,2024-02-01,free,NA,partner
acct_001237,2024-06-06T18:35:00+00:00,2024-06-01,free,NA,paid_search
acct_001238,2024-03-11T11:34:00+00:00,2024-03-01,free,NA,direct
acct_001239,2024-04-25T19:48:00+00:00,2024-04-01,free,EU,partner
acct_001240,2024-06-09T16:43:00+00:00,2024-06-01,free,LATAM,partner
acct_001241,2024-01-03T13:22:00+00:00,2024-01-01,free,LATAM,direct
acct_001242,2024-09-17T09:30:00+00:00,2024-09-01,free,APAC,direct
acct_001243,2024-06-22T19:51:00+00:00,2024-06-01,free,NA,paid_search
acct_001244,2024-08-03T09:25:00+00:00,2024-08-01,free,EU,partner
acct_001245,2024-02-04T10:17:00+00:00,2024-02-01,free,NA,paid_search
acct_001246,2024-08-05T11:33:00+00:00,2024-08-01,free,NA,partner
acct_001247,2024-07-22T16:59:00+00:00,2024-07-01,free,EU,direct
acct_001248,2024-06-14T15:47:00+00:00,2024-06-01,free,NA,partner
acct_001249,2024-04-03T08:55:00+00:00,2024-04-01,free,EU,partner
acct_001250,2024-07-19T13:41:00+00:00,2024-07-01,free,APAC,direct
acct_001251,2024-09-18T15:29:00+00:00,2024-09-01,free,APAC,paid_search
acct_001252,2024-05-06T20:16:00+00:00,2024-05-01,free,EU,direct
acct_001253,2024-06-10T20:54:00+00:00,2024-06-01,free,NA,paid_search
acct_001254,2024-06-10T15:10:00+00:00,2024-06-01,free,EU,partner
acct_001255,2024-03-06T19:44:00+00:00,2024-03-01,free,EU,paid_search
acct_001256,2024-04-04T08:20:00+00:00,2024-04-01,free,EU,direct
acct_001257,2024-05-12T10:13:00+00:00,2024-05-01,free,NA,partner
acct_001258,2024-06-05T13:28:00+00:00,2024-06-01,free,EU,partner
acct_001259,2024-02-01T14:59:00+00:00,2024-02-01,free,LATAM,paid_search
acct_001260,2024-08-11T10:00:00+00:00,2024-08-01,free,APAC,partner
acct_001261,2024-08-10T20:36:00+00:00,2024-08-01,free,EU,direct
acct_001262,2024-06-23T09:46:00+00:00,2024-06-01,free,LATAM,organic
acct_001263,2024-03-22T16:07:00+00:00,2024-03-01,free,APAC,organic
acct_001264,2024-07-20T11:28:00+00:00,2024-07-01,free,APAC,organic
acct_001265,2024-06-02T17:41:00+00:00,2024-06-01,free,EU,paid_search
acct_001266,2024-05-07T08:05:00+00:00,2024-05-01,free,LATAM,organic
acct_001267,2024-09-13T11:31:00+00:00,2024-09-01,free,APAC,organic
acct_001268,2024-06-13T10:45:00+00:00,2024-06-01,free,LATAM,partner
acct_001269,2024-07-12T08:18:00+00:00,2024-07-01,free,APAC,partner
acct_001270,2024-05-15T16:05:00+00:00,2024-05-01,free,EU,direct
acct_001271,2024-07-15T12:10:00+00:00,2024-07-01,free,LATAM,direct
acct_001272,2024-03-19T17:05:00+00:00,2024-03-01,free,EU,paid_search
acct_001273,2024-05-16T16:21:00+00:00,2024-05-01,free,NA,direct
acct_001274,2024-02-01T14:40:00+00:00,2024-02-01,free,APAC,direct
acct_001275,2024-03-18T15:45:00+00:00,2024-03-01,free,EU,paid_search
acct_001276,2024-03-13T12:35:00+00:00,2024-03-01,free,LATAM,organic
acct_001277,2024-05-19T12:31:00+00:00,2024-05-01,free,LATAM,paid_search
acct_001278,2024-01-01T10:16:00+00:00,2024-01-01,free,APAC,direct
acct_001279,2024-02-21T18:57:00+00:00,2024-02-01,free,APAC,direct
acct_001280,2024-03-16T19:41:00+00:00,2024-03-01,free,EU,organic
acct_001281,2024-02-25T12:31:00+00:00,2024-02-01,free,NA,partner
acct_001282,2024-08-19T14:55:00+00:00,2024-08-01,free,APAC,direct
acct_001283,2024-02-12T16:46:00+00:00,2024-02-01,free,NA,partner
acct_001284,2024-03-19T08:09:00+00:00,2024-03-01,free,APAC,direct
acct_001285,2024-03-12T10:03:00+00:00,2024-03-01,free,APAC,partner
acct_001286,2024-07-21T13:03:00+00:00,2024-07-01,free,APAC,partner
acct_001287,2024-09-21T09:32:00+00:00,2024-09-01,free,EU,paid_search
acct_001288,2024-02-20T20:10:00+00:00,2024-02-01,free,APAC,partner
acct_001289,2024-05-09T18:44:00+00:00,2024-05-01,free,APAC,organic
acct_001290,2024-09-19T13:52:00+00:00,2024-09-01,free,EU,organic
acct_001291,2024-03-17T12:23:00+00:00,2024-03-01,free,LATAM,direct
acct_001292,2024-06-06T09:13:00+00:00,2024-06-01,free,EU,paid_search
acct_001293,2024-04-18T17:44:00+00:00,2024-04-01,free,NA,direct
acct_001294,2024-08-03T09:52:00+00:00,2024-08-01,free,EU,organic
acct_001295,2024-08-12T12:44:00+00:00,2024-08-01,free,APAC,paid_search
acct_001296,2024-08-20T16:48:00+00:00,2024-08-01,free,APAC,paid_search
acct_001297,2024-05-01T19:52:00+00:00,2024-05-01,free,NA,paid_search
acct_001298,2024-03-23T10:44:00+00:00,2024-03-01,free,EU,partner
acct_001299,2024-03-07T10:05:00+00:00,2024-03-01,free,LATAM,organic
acct_001300,2024-02-01T20:30:00+00:00,2024-02-01,free,LATAM,organic
acct_001301,2024-04-04T08:50:00+00:00,2024-04-01,free,NA,direct
acct_001302,2024-02-09T08:04:00+00:00,2024-02-01,free,APAC,organic
acct_001303,2024-02-04T17:13:00+00:00,2024-02-01,free,EU,paid_search
acct_001304,2024-06-01T09:09:00+00:00,2024-06-01,free,APAC,partner
acct_001305,2024-06-06T16:49:00+00:00,2024-06-01,free,EU,organic
acct_001306,2024-02-19T20:00:00+00:00,2024-02-01,free,EU,paid_search
acct_001307,2024-05-06T20:34:00+00:00,2024-05-01,free,NA,organic
acct_001308,2024-04-17T19:30:00+00:00,2024-04-01,free,APAC,paid_search
acct_001309,2024-08-22T09:11:00+00:00,2024-08-01,free,APAC,direct
acct_001310,2024-07-07T16:14:00+00:00,2024-07-01,free,LATAM,organic
acct_001311,2024-06-04T15:07:00+00:00,2024-06-01,free,EU,direct
acct_001312,2024-06-23T12:35:00+00:00,2024-06-01,free,NA,organic
acct_001313,2024-06-16T09:24:00+00:00,2024-06-01,free,APAC,direct
acct_001314,2024-05-22T15:14:00+00:00,2024-05-01,free,LATAM,partner
acct_001315,2024-07-07T09:57:00+00:00,2024-07-01,free,LATAM,partner
acct_001316,2024-03-01T18:31:00+00:00,2024-03-01,free,NA,direct
acct_001317,2024-08-17T18:43:00+00:00,2024-08-01,free,NA,organic
acct_001318,2024-03-13T14:44:00+00:00,2024-03-01,free,NA,paid_search
acct_001319,2024-02-12T11:21:00+00:00,2024-02-01,free,EU,direct
acct_001320,2024-02-08T14:46:00+00:00,2024-02-01,free,LATAM,partner
acct_001321,2024-05-25T20:51:00+00:00,2024-05-01,free,LATAM,partner
acct_001322,2024-08-22T17:25:00+00:00,2024-08-01,free,LATAM,partner
acct_001323,2024-03-25T15:06:00+00:00,2024-03-01,free,NA,partner
acct_001324,2024-08-16T11:40:00+00:00,2024-08-01,free,EU,organic
acct_001325,2024-02-24T08:53:00+00:00,2024-02-01,free,NA,direct
acct_001326,2024-01-06T14:38:00+00:00,2024-01-01,free,APAC,paid_search
acct_001327,2024-05-20T17:06:00+00:00,2024-05-01,free,NA,direct
acct_001328,2024-08-07T12:42:00+00:00,2024-08-01,free,LATAM,direct
acct_001329,2024-09-09T16:21:00+00:00,2024-09-01,free,NA,organic
acct_001330,2024-07-04T14:28:00+00:00,2024-07-01,free,APAC,direct
acct_001331,2024-08-15T08:02:00+00:00,2024-08-01,free,EU,partner
acct_001332,2024-03-16T14:08:00+00:00,2024-03-01,free,APAC,direct
acct_001333,2024-08-25T09:36:00+00:00,2024-08-01,free,LATAM,direct
acct_001334,2024-08-18T10:32:00+00:00,2024-08-01,free,NA,direct
acct_001335,2024-05-16T17:24:00+00:00,2024-05-01,free,APAC,partner
acct_001336,2024-06-02T08:37:00+00:00,2024-06-01,free,NA,paid_search
acct_001337,2024-06-12T20:47:00+00:00,2024-06-01,free,NA,partner
acct_001338,2024-07-04T14:22:00+00:00,2024-07-01,free,APAC,direct
acct_001339,2024-06-02T18:15:00+00:00,2024-06-01,free,EU,paid_search
acct_001340,2024-05-19T09:58:00+00:00,2024-05-01,free,NA,partner
acct_001341,2024-02-11T10:01:00+00:00,2024-02-01,free,APAC,organic
acct_001342,2024-08-22T14:36:00+00:00,2024-08-01,free,LATAM,partner
acct_001343,2024-01-23T15:37:00+00:00,2024-01-01,free,NA,partner
acct_001344,2024-07-19T14:20:00+00:00,2024-07-01,free,NA,direct
acct_001345,2024-02-23T18:13:00+00:00,2024-02-01,free,APAC,direct
acct_001346,2024-09-25T18:21:00+00:00,2024-09-01,free,EU,partner
acct_001347,2024-06-14T11:31:00+00:00,2024-06-01,free,NA,paid_search
acct_001348,2024-05-09T08:19:00+00:00,2024-05-01,free,LATAM,paid_search
acct_001349,2024-02-23T17:06:00+00:00,2024-02-01,free,APAC,partner
acct_001350,2024-02-19T20:33:00+00:00,2024-02-01,free,LATAM,direct
acct_001351,2024-04-12T20:04:00+00:00,2024-04-01,free,APAC,partner
acct_001352,2024-07-22T16:20:00+00:00,2024-07-01,free,EU,direct
acct_001353,2024-07-09T17:32:00+00:00,2024-07-01,free,LATAM,paid_search
acct_001354,2024-01-21T19:33:00+00:00,2024-01-01,free,EU,direct
acct_001355,2024-04-22T19:29:00+00:00,2024-04-01,free,APAC,direct
acct_001356,2024-01-17T11:23:00+00:00,2024-01-01,free,LATAM,paid_search
acct_001357,2024-04-05T19:43:00+00:00,2024-04-01,free,APAC,direct
acct_001358,2024-07-11T09:40:00+00:00,2024-07-01,free,EU,direct
acct_001359,2024-05-10T18:10:00+00:00,2024-05-01,free,APAC,paid_search
acct_001360,2024-07-08T09:09:00+00:00,2024-07-01,free,EU,organic
acct_001361,2024-04-10T15:31:00+00:00,2024-04-01,free,LATAM,direct
acct_001362,2024-01-07T10:17:00+00:00,2024-01-01,free,EU,organic
acct_001363,2024-05-09T18:35:00+00:00,2024-05-01,free,EU,organic
acct_001364,2024-08-01T08:55:00+00:00,2024-08-01,free,NA,partner
acct_001365,2024-05-03T14:57:00+00:00,2024-05-01,free,APAC,organic
acct_001366,2024-07-24T10:15:00+00:00,2024-07-01,free,NA,organic
acct_001367,2024-09-22T17:49:00+00:00,2024-09-01,free,APAC,direct
acct_001368,2024-02-08T17:07:00+00:00,2024-02-01,free,APAC,partner
acct_001369,2024-07-24T19:15:00+00:00,2024-07-01,free,LATAM,paid_search
acct_001370,2024-03-04T10:13:00+00:00,2024-03-01,free,APAC,direct
acct_001371,2024-07-09T17:03:00+00:00,2024-07-01,free,LATAM,partner
acct_001372,2024-02-11T16:27:00+00:00,2024-02-01,free,LATAM,paid_search
acct_001373,2024-05-05T13:30:00+00:00,2024-05-01,free,APAC,partner
acct_001374,2024-01-21T17:02:00+00:00,2024-01-01,free,NA,paid_search
acct_001375,2024-05-18T14:19:00+00:00,2024-05-01,free,APAC,organic
acct_001376,2024-09-08T15:24:00+00:00,2024-09-01,free,NA,direct
acct_001377,2024-05-10T09:59:00+00:00,2024-05-01,free,EU,partner
acct_001378,2024-04-06T15:40:00+00:00,2024-04-01,free,APAC,direct
acct_001379,2024-01-09T09:52:00+00:00,2024-01-01,free,LATAM,direct
acct_001380,2024-07-11T19:27:00+00:00,2024-07-01,free,NA,paid_search
acct_001381,2024-05-17T09:22:00+00:00,2024-05-01,free,LATAM,partner
acct_001382,2024-08-23T08:48:00+00:00,2024-08-01,free,NA,paid_search
acct_001383,2024-08-21T10:00:00+00:00,2024-08-01,free,LATAM,paid_search
acct_001384,2024-05-11T17:05:00+00:00,2024-05-01,free,NA,paid_search
acct_001385,2024-04-17T19:49:00+00:00,2024-04-01,free,EU,direct
acct_001386,2024-06-15T15:55:00+00:00,2024-06-01,free,EU,partner
acct_001387,2024-03-22T17:52:00+00:00,2024-03-01,free,APAC,partner
acct_001388,2024-04-03T14:23:00+00:00,2024-04-01,free,EU,direct
acct_001389,2024-07-19T11:01:00+00:00,2024-07-01,free,NA,paid_search
acct_001390,2024-02-15T11:16:00+00:00,2024-02-01,free,EU,organic
acct_001391,2024-07-20T14:38:00+00:00,2024-07-01,free,APAC,paid_search
acct_001392,2024-02-12T10:36:00+00:00,2024-02-01,free,NA,organic
acct_001393,2024-09-14T20:58:00+00:00,2024-09-01,free,LATAM,direct
acct_001394,2024-02-08T19:13:00+00:00,2024-02-01,free,EU,partner
acct_001395,2024-05-24T15:24:00+00:00,2024-05-01,free,EU,direct
acct_001396,2024-04-20T11:52:00+00:00,2024-04-01,free,APAC,paid_search
acct_001397,2024-07-06T14:50:00+00:00,2024-07-01,free,EU,organic
acct_001398,2024-05-09T11:39:00+00:00,2024-05-01,free,LATAM,paid_search
acct_001399,2024-06-19T18:41:00+00:00,2024-06-01,free,LATAM,organic
acct_001400,2024-01-16T10:55:00+00:00,2024-01-01,free,APAC,direct
acct_001401,2024-04-23T14:45:00+00:00,2024-04-01,free,LATAM,partner
acct_001402,2024-02-04T16:03:00+00:00,2024-02-01,free,NA,partner
acct_001403,2024-04-16T13:38:00+00:00,2024-04-01,free,NA,organic
acct_001404,2024-05-17T17:24:00+00:00,2024-05-01,free,APAC,direct
acct_001405,2024-06-05T16:02:00+00:00,2024-06-01,free,EU,partner
acct_001406,2024-03-17T15:59:00+00:00,2024-03-01,free,APAC,direct
acct_001407,2024-03-03T13:45:00+00:00,2024-03-01,free,LATAM,paid_search
acct_001408,2024-05-04T13:02:00+00:00,2024-05-01,free,EU,direct
acct_001409,2024-05-24T13:59:00+00:00,2024-05-01,free,LATAM,partner
acct_001410,2024-05-20T20:59:00+00:00,2024-05-01,free,APAC,partner
acct_001411,2024-07-06T13:47:00+00:00,2024-07-01,free,LATAM,paid_search
acct_001412,2024-09-22T18:51:00+00:00,2024-09-01,free,LATAM,organic
acct_001413,2024-04-05T08:14:00+00:00,2024-04-01,free,EU,organic
acct_001414,2024-08-09T10:45:00+00:00,2024-08-01,free,LATAM,direct
acct_001415,2024-02-16T08:28:00+00:00,2024-02-01,free,APAC,direct
acct_001416,2024-08-16T09:54:00+00:00,2024-08-01,free,EU,organic
acct_001417,2024-06-03T11:55:00+00:00,2024-06-01,free,APAC,paid_search
acct_001418,2024-03-24T16:52:00+00:00,2024-03-01,free,APAC,paid_search
acct_001419,2024-01-17T20:36:00+00:00,2024-01-01,free,EU,direct
acct_001420,2024-02-08T20:31:00+00:00,2024-02-01,free,NA,partner
acct_001421,2024-01-10T18:43:00+00:00,2024-01-01,free,NA,direct
acct_001422,2024-06-19T09:53:00+00:00,2024-06-01,free,APAC,paid_search
acct_001423,2024-01-03T15:53:00+00:00,2024-01-01,free,LATAM,direct
acct_001424,2024-05-20T18:00:00+00:00,2024-05-01,free,APAC,organic
acct_001425,2024-08-11T19:46:00+00:00,2024-08-01,free,EU,paid_search
acct_001426,2024-01-21T12:20:00+00:00,2024-01-01,free,NA,organic
acct_001427,2024-09-20T14:05:00+00:00,2024-09-01,free,LATAM,partner
acct_001428,2024-03-08T20:55:00+00:00,2024-03-01,free,LATAM,organic
acct_001429,2024-01-07T10:24:00+00:00,2024-01-01,free,LATAM,partner
acct_001430,2024-03-04T12:31:00+00:00,2024-03-01,free,LATAM,partner
acct_001431,2024-03-12T18:06:00+00:00,2024-03-01,free,APAC,paid_search
acct_001432,2024-08-15T14:30:00+00:00,2024-08-01,free,APAC,direct
acct_001433,2024-02-25T14:51:00+00:00,2024-02-01,free,APAC,paid_search
acct_001434,2024-07-21T14:05:00+00:00,2024-07-01,free,NA,partner
acct_001435,2024-08-22T11:41:00+00:00,2024-08-01,free,EU,direct
acct_001436,2024-09-21T18:33:00+00:00,2024-09-01,free,NA,partner
acct_001437,2024-08-14T09:58:00+00:00,2024-08-01,free,LATAM,partner
acct_001438,2024-03-05T18:57:00+00:00,2024-03-01,free,APAC,paid_search
acct_001439,2024-09-14T12:36:00+00:00,2024-09-01,free,NA,organic
acct_001440,2024-01-17T09:32:00+00:00,2024-01-01,free,LATAM,direct
acct_001441,2024-02-15T18:46:00+00:00,2024-02-01,free,APAC,partner
acct_001442,2024-05-19T09:49:00+00:00,2024-05-01,free,NA,organic
acct_001443,2024-08-06T20:11:00+00:00,2024-08-01,free,LATAM,organic
acct_001444,2024-02-14T19:19:00+00:00,2024-02-01,free,APAC,direct
acct_001445,2024-08-20T20:16:00+00:00,2024-08-01,free,APAC,paid_search
acct_001446,2024-04-06T09:47:00+00:00,2024-04-01,free,APAC,organic
acct_001447,2024-07-18T08:00:00+00:00,2024-07-01,free,LATAM,organic
acct_001448,2024-01-06T18:30:00+00:00,2024-01-01,free,LATAM,direct
acct_001449,2024-08-10T17:52:00+00:00,2024-08-01,free,APAC,direct
acct_001450,2024-05-03T10:08:00+00:00,2024-05-01,free,NA,paid_search
acct_001451,2024-02-01T19:12:00+00:00,2024-02-01,free,NA,paid_search
acct_001452,2024-08-21T10:41:00+00:00,2024-08-01,free,EU,direct
acct_001453,2024-09-07T09:19:00+00:00,2024-09-01,free,LATAM,paid_search
acct_001454,2024-08-14T08:07:00+00:00,2024-08-01,free,EU,paid_search
acct_001455,2024-08-16T15:01:00+00:00,2024-08-01,free,LATAM,paid_search
acct_001456,2024-04-10T17:53:00+00:00,2024-04-01,free,LATAM,organic
acct_001457,2024-06-01T09:40:00+00:00,2024-06-01,free,LATAM,direct
acct_001458,2024-08-24T17:38:00+00:00,2024-08-01,free,APAC,organic
acct_001459,2024-08-13T15:32:00+00:00,2024-08-01,free,LATAM,paid_search
acct_001460,2024-01-17T08:27:00+00:00,2024-01-01,free,APAC,organic
acct_001461,2024-05-21T14:56:00+00:00,2024-05-01,free,LATAM,organic
acct_001462,2024-08-20T18:22:00+00:00,2024-08-01,free,LATAM,direct
acct_001463,2024-01-06T12:46:00+00:00,2024-01-01,free,EU,direct
acct_001464,2024-06-15T11:32:00+00:00,2024-06-01,free,EU,partner
acct_001465,2024-08-05T12:46:00+00:00,2024-08-01,free,LATAM,direct
acct_001466,2024-06-16T20:54:00+00:00,2024-06-01,free,EU,paid_search
acct_001467,2024-05-23T19:05:00+00:00,2024-05-01,free,LATAM,paid_search
acct_001468,2024-03-07T10:38:00+00:00,2024-03-01,free,LATAM,organic
acct_001469,2024-07-16T12:15:00+00:00,2024-07-01,free,EU,organic
acct_001470,2024-01-12T12:22:00+00:00,2024-01-01,free,EU,paid_search
acct_001471,2024-09-02T20:04:00+00:00,2024-09-01,free,APAC,direct
acct_001472,2024-02-20T11:07:00+00:00,2024-02-01,free,EU,direct
acct_001473,2024-05-11T20:22:00+00:00,2024-05-01,free,NA,partner
acct_001474,2024-03-23T16:38:00+00:00,2024-03-01,free,NA,organic
acct_001475,2024-08-15T20:07:00+00:00,2024-08-01,free,NA,organic
acct_001476,2024-09-02T16:06:00+00:00,2024-09-01,free,EU,organic
acct_001477,2024-04-12T10:46:00+00:00,2024-04-01,free,APAC,direct
acct_001478,2024-09-16T19:55:00+00:00,2024-09-01,free,NA,paid_search
acct_001479,2024-06-11T10:07:00+00:00,2024-06-01,free,EU,direct
acct_001480,2024-07-25T20:00:00+00:00,2024-07-01,free,EU,direct
acct_001481,2024-06-10T16:10:00+00:00,2024-06-01,free,NA,partner
acct_001482,2024-06-23T20:26:00+00:00,2024-06-01,free,APAC,paid_search
acct_001483,2024-03-25T20:33:00+00:00,2024-03-01,free,LATAM,paid_search
acct_001484,2024-03-14T14:58:00+00:00,2024-03-01,free,LATAM,direct
acct_001485,2024-09-22T13:01:00+00:00,2024-09-01,free,LATAM,paid_search
acct_001486,2024-01-23T20:33:00+00:00,2024-01-01,free,NA,organic
acct_001487,2024-06-11T14:49:00+00:00,2024-06-01,free,EU,direct
acct_001488,2024-01-13T20:02:00+00:00,2024-01-01,free,EU,organic
acct_001489,2024-09-10T14:25:00+00:00,2024-09-01,free,APAC,partner
acct_001490,2024-06-01T12:57:00+00:00,2024-06-01,free,EU,direct
acct_001491,2024-08-21T11:56:00+00:00,2024-08-01,free,LATAM,partner
acct_001492,2024-07-25T11:56:00+00:00,2024-07-01,free,APAC,organic
acct_001493,2024-01-18T13:24:00+00:00,2024-01-01,free,EU,partner
acct_001494,2024-04-03T16:35:00+00:00,2024-04-01,free,APAC,partner
acct_001495,2024-03-01T08:56:00+00:00,2024-03-01,free,APAC,paid_search
acct_001496,2024-05-24T14:32:00+00:00,2024-05-01,free,NA,organic
acct_001497,2024-06-09T18:32:00+00:00,2024-06-01,free,APAC,organic
acct_001498,2024-01-25T18:07:00+00:00,2024-01-01,free,LATAM,partner
acct_001499,2024-01-15T13:15:00+00:00,2024-01-01,free,EU,partner
acct_001500,2024-05-10T18:50:00+00:00,2024-05-01,free,EU,direct
acct_001501,2024-09-24T11:06:00+00:00,2024-09-01,free,APAC,paid_search
acct_001502,2024-06-15T09:09:00+00:00,2024-06-01,free,LATAM,direct
acct_001503,2024-02-03T08:27:00+00:00,2024-02-01,free,EU,direct
acct_001504,2024-04-15T09:23:00+00:00,2024-04-01,free,LATAM,direct
acct_001505,2024-05-19T15:40:00+00:00,2024-05-01,free,LATAM,direct
acct_001506,2024-08-24T14:52:00+00:00,2024-08-01,free,EU,paid_search
acct_001507,2024-09-05T15:45:00+00:00,2024-09-01,free,LATAM,paid_search
acct_001508,2024-09-17T09:44:00+00:00,2024-09-01,free,EU,direct
acct_001509,2024-08-02T19:10:00+00:00,2024-08-01,free,APAC,organic
acct_001510,2024-07-04T09:23:00+00:00,2024-07-01,free,APAC,organic
acct_001511,2024-09-05T09:23:00+00:00,2024-09-01,free,APAC,partner
acct_001512,2024-05-10T15:01:00+00:00,2024-05-01,free,EU,paid_search
acct_001513,2024-07-02T12:56:00+00:00,2024-07-01,free,APAC,paid_search
acct_001514,2024-03-24T15:00:00+00:00,2024-03-01,free,NA,partner
acct_001515,2024-02-02T14:30:00+00:00,2024-02-01,free,APAC,direct
acct_001516,2024-06-13T15:53:00+00:00,2024-06-01,free,EU,paid_search
acct_001517,2024-09-21T15:48:00+00:00,2024-09-01,free,LATAM,direct
acct_001518,2024-03-24T13:05:00+00:00,2024-03-01,free,LATAM,direct
acct_001519,2024-04-13T13:34:00+00:00,2024-04-01,free,NA,direct
acct_001520,2024-05-21T09:55:00+00:00,2024-05-01,free,EU,organic
acct_001521,2024-05-18T18:07:00+00:00,2024-05-01,free,NA,paid_search
acct_001522,2024-09-19T20:03:00+00:00,2024-09-01,free,EU,direct
acct_001523,2024-09-01T09:42:00+00:00,2024-09-01,free,EU,organic
acct_001524,2024-05-07T11:53:00+00:00,2024-05-01,free,LATAM,organic
acct_001525,2024-09-20T13:25:00+00:00,2024-09-01,free,NA,direct
acct_001526,2024-01-11T14:11:00+00:00,2024-01-01,free,LATAM,organic
acct_001527,2024-09-11T14:16:00+00:00,2024-09-01,free,NA,organic
acct_001528,2024-02-18T10:18:00+00:00,2024-02-01,free,EU,paid_search
acct_001529,2024-05-25T09:09:00+00:00,2024-05-01,free,APAC,direct
acct_001530,2024-03-02T17:20:00+00:00,2024-03-01,free,EU,organic
acct_001531,2024-01-10T14:06:00+00:00,2024-01-01,free,APAC,paid_search
acct_001532,2024-07-11T12:24:00+00:00,2024-07-01,free,NA,organic
acct_001533,2024-04-08T20:38:00+00:00,2024-04-01,free,EU,direct
acct_001534,2024-09-25T16:24:00+00:00,2024-09-01,free,NA,partner
acct_001535,2024-01-11T15:35:00+00:00,2024-01-01,free,LATAM,organic
acct_001536,2024-08-01T14:40:00+00:00,2024-08-01,free,EU,organic
acct_001537,2024-05-18T17:43:00+00:00,2024-05-01,free,NA,paid_search
acct_001538,2024-09-21T20:08:00+00:00,2024-09-01,free,APAC,direct
acct_001539,2024-08-03T18:32:00+00:00,2024-08-01,free,EU,paid_search
acct_001540,2024-06-18T10:50:00+00:00,2024-06-01,free,EU,direct
acct_001541,2024-09-15T08:00:00+00:00,2024-09-01,free,LATAM,partner
acct_001542,2024-03-01T08:59:00+00:00,2024-03-01,free,LATAM,partner
acct_001543,2024-05-22T14:22:00+00:00,2024-05-01,free,EU,partner
acct_001544,2024-01-06T19:34:00+00:00,2024-01-01,free,NA,partner
acct_001545,2024-02-13T19:07:00+00:00,2024-02-01,free,EU,partner
acct_001546,2024-07-07T17:32:00+00:00,2024-07-01,free,APAC,partner
acct_001547,2024-05-25T19:28:00+00:00,2024-05-01,free,APAC,paid_search
acct_001548,2024-06-11T11:29:00+00:00,2024-06-01,free,APAC,organic
acct_001549,2024-03-21T08:38:00+00:00,2024-03-01,free,LATAM,organic
acct_001550,2024-01-22T10:26:00+00:00,2024-01-01,free,LATAM,direct
acct_001551,2024-09-03T20:56:00+00:00,2024-09-01,free,NA,organic
acct_001552,2024-08-22T09:22:00+00:00,2024-08-01,free,LATAM,partner
acct_001553,2024-07-06T20:51:00+00:00,2024-07-01,free,NA,organic
acct_001554,2024-08-12T11:28:00+00:00,2024-08-01,free,NA,paid_search
acct_001555,2024-01-25T12:43:00+00:00,2024-01-01,free,APAC,paid_search
acct_001556,2024-02-20T18:19:00+00:00,2024-02-01,free,EU,paid_search
acct_001557,2024-08-12T08:17:00+00:00,2024-08-01,free,LATAM,paid_search
acct_001558,2024-01-07T18:25:00+00:00,2024-01-01,free,NA,partner
acct_001559,2024-09-16T10:35:00+00:00,2024-09-01,free,EU,paid_search
acct_001560,2024-02-19T10:47:00+00:00,2024-02-01,free,NA,paid_search
acct_001561,2024-05-19T11:56:00+00:00,2024-05-01,free,APAC,paid_search
acct_001562,2024-01-23T18:34:00+00:00,2024-01-01,free,APAC,direct
acct_001563,2024-01-14T18:43:00+00:00,2024-01-01,free,NA,partner
acct_001564,2024-07-14T12:07:00+00:00,2024-07-01,free,LATAM,direct
acct_001565,2024-06-17T20:02:00+00:00,2024-06-01,free,EU,organic
acct_001566,2024-05-14T16:28:00+00:00,2024-05-01,free,APAC,organic
acct_001567,2024-07-07T13:05:00+00:00,2024-07-01,free,NA,paid_search
acct_001568,2024-07-03T11:12:00+00:00,2024-07-01,free,EU,partner
acct_001569,2024-05-03T18:40:00+00:00,2024-05-01,free,NA,organic
acct_001570,2024-08-14T20:01:00+00:00,2024-08-01,free,APAC,partner
acct_001571,2024-04-04T15:15:00+00:00,2024-04-01,free,APAC,organic
acct_001572,2024-06-17T20:15:00+00:00,2024-06-01,free,NA,direct
acct_001573,2024-02-21T15:37:00+00:00,2024-02-01,free,NA,organic
acct_001574,2024-01-02T14:20:00+00:00,2024-01-01,free,NA,paid_search
acct_001575,2024-01-15T08:19:00+00:00,2024-01-01,free,LATAM,organic
acct_001576,2024-02-22T08:35:00+00:00,2024-02-01,free,NA,partner
acct_001577,2024-07-13T09:39:00+00:00,2024-07-01,free,LATAM,paid_search
acct_001578,2024-01-15T14:29:00+00:00,2024-01-01,free,LATAM,organic
acct_001579,2024-06-21T18:50:00+00:00,2024-06-01,free,NA,direct
acct_001580,2024-09-11T17:12:00+00:00,2024-09-01,free,NA,organic
acct_001581,2024-01-20T19:04:00+00:00,2024-01-01,free,EU,paid_search
acct_001582,2024-09-09T13:26:00+00:00,2024-09-01,free,LATAM,direct
acct_001583,2024-03-08T10:51:00+00:00,2024-03-01,free,NA,organic
acct_001584,2024-03-10T17:27:00+00:00,2024-03-01,free,APAC,partner
acct_001585,2024-09-25T10:09:00+00:00,2024-09-01,free,LATAM,partner
acct_001586,2024-06-10T13:00:00+00:00,2024-06-01,free,EU,organic
acct_001587,2024-04-17T16:54:00+00:00,2024-04-01,free,NA,direct
acct_001588,2024-06-07T11:40:00+00:00,2024-06-01,free,EU,organic
acct_001589,2024-06-07T18:30:00+00:00,2024-06-01,free,LATAM,partner
acct_001590,2024-06-20T12:26:00+00:00,2024-06-01,free,APAC,paid_search
acct_001591,2024-02-15T20:58:00+00:00,2024-02-01,free,NA,direct
acct_001592,2024-04-01T18:14:00+00:00,2024-04-01,free,EU,direct
acct_001593,2024-04-08T15:47:00+00:00,2024-04-01,free,APAC,direct
acct_001594,2024-04-13T10:52:00+00:00,2024-04-01,free,NA,partner
acct_001595,2024-01-03T13:01:00+00:00,2024-01-01,free,NA,paid_search
acct_001596,2024-05-15T11:40:00+00:00,2024-05-01,free,APAC,organic
acct_001597,2024-01-07T11:18:00+00:00,2024-01-01,free,EU,paid_search
acct_001598,2024-05-24T10:21:00+00:00,2024-05-01,free,EU,paid_search
acct_001599,2024-04-01T10:53:00+00:00,2024-04-01,free,APAC,organic
acct_001600,2024-01-22T10:24:00+00:00,2024-01-01,free,NA,partner
acct_001601,2024-04-10T15:15:00+00:00,2024-04-01,free,APAC,partner
acct_001602,2024-03-17T20:39:00+00:00,2024-03-01,free,LATAM,organic
acct_001603,2024-02-05T10:50:00+00:00,2024-02-01,free,EU,paid_search
acct_001604,2024-09-13T19:23:00+00:00,2024-09-01,free,APAC,direct
acct_001605,2024-04-02T20:39:00+00:00,2024-04-01,free,EU,partner
acct_001606,2024-03-11T11:03:00+00:00,2024-03-01,free,APAC,paid_search
acct_001607,2024-09-19T15:13:00+00:00,2024-09-01,free,NA,direct
acct_001608,2024-02-06T16:24:00+00:00,2024-02-01,free,APAC,direct
acct_001609,2024-09-15T10:20:00+00:00,2024-09-01,free,APAC,direct
acct_001610,2024-08-16T12:37:00+00:00,2024-08-01,free,LATAM,organic
acct_001611,2024-04-08T11:28:00+00:00,2024-04-01,free,EU,direct
acct_001612,2024-04-10T14:56:00+00:00,2024-04-01,free,LATAM,paid_search
acct_001613,2024-06-09T16:05:00+00:00,2024-06-01,free,EU,organic
acct_001614,2024-05-15T16:22:00+00:00,2024-05-01,free,EU,organic
acct_001615,2024-08-17T17:21:00+00:00,2024-08-01,free,LATAM,direct
acct_001616,2024-08-14T14:23:00+00:00,2024-08-01,free,LATAM,partner
acct_001617,2024-05-13T08:11:00+00:00,2024-05-01,free,LATAM,paid_search
acct_001618,2024-05-21T09:22:00+00:00,2024-05-01,free,NA,partner
acct_001619,2024-09-17T16:41:00+00:00,2024-09-01,free,NA,partner
acct_001620,2024-04-04T09:04:00+00:00,2024-04-01,free,APAC,organic
acct_001621,2024-09-07T13:12:00+00:00,2024-09-01,free,APAC,partner
acct_001622,2024-05-24T20:43:00+00:00,2024-05-01,free,APAC,paid_search
acct_001623,2024-03-25T19:47:00+00:00,2024-03-01,free,APAC,organic
acct_001624,2024-05-10T13:50:00+00:00,2024-05-01,free,LATAM,direct
acct_001625,2024-01-16T18:32:00+00:00,2024-01-01,free,EU,direct
acct_001626,2024-04-08T19:47:00+00:00,2024-04-01,free,EU,direct
acct_001627,2024-04-17T17:50:00+00:00,2024-04-01,free,LATAM,direct
acct_001628,2024-06-03T13:54:00+00:00,2024-06-01,free,EU,direct
acct_001629,2024-07-07T15:28:00+00:00,2024-07-01,free,NA,partner
acct_001630,2024-03-19T10:19:00+00:00,2024-03-01,free,NA,direct
acct_001631,2024-06-11T11:26:00+00:00,2024-06-01,free,LATAM,direct
acct_001632,2024-09-10T13:37:00+00:00,2024-09-01,free,NA,organic
acct_001633,2024-03-05T13:36:00+00:00,2024-03-01,free,LATAM,direct
acct_001634,2024-04-13T09:34:00+00:00,2024-04-01,free,LATAM,paid_search
acct_001635,2024-08-04T13:36:00+00:00,2024-08-01,free,LATAM,partner
acct_001636,2024-02-06T09:43:00+00:00,2024-02-01,free,EU,organic
acct_001637,2024-08-01T10:12:00+00:00,2024-08-01,free,NA,direct
acct_001638,2024-05-07T11:18:00+00:00,2024-05-01,free,NA,direct
acct_001639,2024-01-12T16:00:00+00:00,2024-01-01,free,EU,partner
acct_001640,2024-07-13T10:07:00+00:00,2024-07-01,free,EU,direct
acct_001641,2024-08-24T09:24:00+00:00,2024-08-01,free,EU,paid_search
acct_001642,2024-04-10T14:52:00+00:00,2024-04-01,free,LATAM,paid_search
acct_001643,2024-05-19T11:32:00+00:00,2024-05-01,free,LATAM,partner
acct_001644,2024-04-01T10:28:00+00:00,2024-04-01,free,NA,direct
acct_001645,2024-04-17T13:58:00+00:00,2024-04-01,free,LATAM,direct
acct_001646,2024-08-19T08:47:00+00:00,2024-08-01,free,NA,partner
acct_001647,2024-08-12T19:53:00+00:00,2024-08-01,free,APAC,direct
acct_001648,2024-03-14T11:11:00+00:00,2024-03-01,free,LATAM,direct
acct_001649,2024-07-22T10:44:00+00:00,2024-07-01,free,NA,direct
acct_001650,2024-01-08T10:17:00+00:00,2024-01-01,free,APAC,organic
acct_001651,2024-04-16T14:48:00+00:00,2024-04-01,free,NA,partner
acct_001652,2024-02-25T09:32:00+00:00,2024-02-01,free,APAC,direct
acct_001653,2024-08-06T12:13:00+00:00,2024-08-01,free,NA,direct
acct_001654,2024-01-03T18:44:00+00:00,2024-01-01,free,LATAM,direct
acct_001655,2024-06-24T14:54:00+00:00,2024-06-01,free,EU,direct
acct_001656,2024-01-01T12:07:00+00:00,2024-01-01,free,EU,partner
acct_001657,2024-08-16T15:04:00+00:00,2024-08-01,free,NA,paid_search
acct_001658,2024-08-05T15:52:00+00:00,2024-08-01,free,APAC,paid_search
acct_001659,2024-03-01T17:06:00+00:00,2024-03-01,free,EU,partner
acct_001660,2024-02-18T19:25:00+00:00,2024-02-01,free,EU,organic
acct_001661,2024-01-22T12:09:00+00:00,2024-01-01,free,LATAM,partner
acct_001662,2024-03-07T19:02:00+00:00,2024-03-01,free,EU,direct
acct_001663,2024-01-21T20:33:00+00:00,2024-01-01,free,NA,direct
acct_001664,2024-05-15T08:38:00+00:00,2024-05-01,free,NA,organic
acct_001665,2024-07-25T11:59:00+00:00,2024-07-01,free,EU,partner
acct_001666,2024-04-07T09:01:00+00:00,2024-04-01,free,LATAM,organic
acct_001667,2024-01-11T11:43:00+00:00,2024-01-01,free,NA,paid_search
acct_001668,2024-02-22T10:46:00+00:00,2024-02-01,free,EU,organic
acct_001669,2024-07-17T09:52:00+00:00,2024-07-01,free,APAC,partner
acct_001670,2024-09-21T11:39:00+00:00,2024-09-01,free,EU,direct
acct_001671,2024-07-04T11:13:00+00:00,2024-07-01,free,NA,partner
acct_001672,2024-06-06T08:25:00+00:00,2024-06-01,free,APAC,organic
acct_001673,2024-07-07T15:14:00+00:00,2024-07-01,free,NA,partner
acct_001674,2024-06-02T09:56:00+00:00,2024-06-01,free,EU,direct
acct_001675,2024-05-25T17:31:00+00:00,2024-05-01,free,NA,paid_search
acct_001676,2024-05-04T17:20:00+00:00,2024-05-01,free,LATAM,paid_search
acct_001677,2024-06-06T18:48:00+00:00,2024-06-01,free,APAC,direct
acct_001678,2024-02-11T08:38:00+00:00,2024-02-01,free,LATAM,direct
acct_001679,2024-09-21T19:14:00+00:00,2024-09-01,free,NA,paid_search
acct_001680,2024-01-20T20:57:00+00:00,2024-01-01,free,NA,partner
acct_001681,2024-04-24T14:48:00+00:00,2024-04-01,free,EU,organic
acct_001682,2024-01-05T13:31:00+00:00,2024-01-01,free,APAC,paid_search
acct_001683,2024-03-13T11:41:00+00:00,2024-03-01,free,NA,paid_search
acct_001684,2024-08-24T13:08:00+00:00,2024-08-01,free,APAC,partner
acct_001685,2024-01-17T20:26:00+00:00,2024-01-01,free,APAC,organic
acct_001686,2024-04-24T13:21:00+00:00,2024-04-01,free,EU,paid_search
acct_001687,2024-09-02T18:15:00+00:00,2024-09-01,free,EU,direct
acct_001688,2024-09-11T10:28:00+00:00,2024-09-01,free,NA,organic
acct_001689,2024-08-03T11:03:00+00:00,2024-08-01,free,EU,paid_search
acct_001690,2024-03-03T10:37:00+00:00,2024-03-01,free,EU,paid_search
acct_001691,2024-09-03T14:46:00+00:00,2024-09-01,free,LATAM,partner
acct_001692,2024-03-24T11:15:00+00:00,2024-03-01,free,LATAM,paid_search
acct_001693,2024-04-10T12:36:00+00:00,2024-04-01,free,LATAM,paid_search
acct_001694,2024-05-16T09:23:00+00:00,2024-05-01,free,LATAM,direct
acct_001695,2024-03-16T15:27:00+00:00,2024-03-01,free,LATAM,paid_search
acct_001696,2024-08-01T20:24:00+00:00,2024-08-01,free,LATAM,organic
acct_001697,2024-05-20T16:09:00+00:00,2024-05-01,free,EU,partner
acct_001698,2024-07-15T12:29:00+00:00,2024-07-01,free,APAC,direct
acct_001699,2024-09-20T15:04:00+00:00,2024-09-01,free,APAC,paid_search
acct_001700,2024-08-07T10:58:00+00:00,2024-08-01,free,EU,organic
acct_001701,2024-01-17T19:46:00+00:00,2024-01-01,free,APAC,direct
acct_001702,2024-07-14T14:47:00+00:00,2024-07-01,free,APAC,direct
acct_001703,2024-08-10T18:37:00+00:00,2024-08-01,free,NA,direct
acct_001704,2024-01-04T14:59:00+00:00,2024-01-01,free,EU,paid_search
acct_001705,2024-07-09T20:58:00+00:00,2024-07-01,free,APAC,direct
acct_001706,2024-06-23T08:41:00+00:00,2024-06-01,free,LATAM,direct
acct_001707,2024-04-08T15:02:00+00:00,2024-04-01,free,APAC,organic
acct_001708,2024-03-09T17:29:00+00:00,2024-03-01,free,EU,partner
acct_001709,2024-04-20T17:42:00+00:00,2024-04-01,free,EU,organic
acct_001710,2024-02-25T09:41:00+00:00,2024-02-01,free,LATAM,direct
acct_001711,2024-02-17T11:56:00+00:00,2024-02-01,free,LATAM,paid_search
acct_001712,2024-07-09T19:19:00+00:00,2024-07-01,free,LATAM,partner
acct_001713,2024-07-25T19:55:00+00:00,2024-07-01,free,NA,organic
acct_001714,2024-06-05T12:47:00+00:00,2024-06-01,free,EU,direct
acct_001715,2024-05-01T10:52:00+00:00,2024-05-01,free,LATAM,organic
acct_001716,2024-02-03T20:44:00+00:00,2024-02-01,free,LATAM,direct
acct_001717,2024-05-24T14:10:00+00:00,2024-05-01,free,EU,partner
acct_001718,2024-03-23T10:12:00+00:00,2024-03-01,free,LATAM,paid_search
acct_001719,2024-09-04T15:36:00+00:00,2024-09-01,free,EU,paid_search
acct_001720,2024-04-02T19:11:00+00:00,2024-04-01,free,EU,partner
acct_001721,2024-07-15T18:58:00+00:00,2024-07-01,free,NA,paid_search
acct_001722,2024-02-10T09:24:00+00:00,2024-02-01,free,NA,partner
acct_001723,2024-02-11T08:37:00+00:00,2024-02-01,free,EU,direct
acct_001724,2024-08-22T20:06:00+00:00,2024-08-01,free,NA,organic
acct_001725,2024-05-25T08:42:00+00:00,2024-05-01,free,NA,organic
acct_001726,2024-04-17T20:00:00+00:00,2024-04-01,free,LATAM,partner
acct_001727,2024-08-16T20:21:00+00:00,2024-08-01,free,LATAM,partner
acct_001728,2024-06-22T13:20:00+00:00,2024-06-01,free,EU,partner
acct_001729,2024-07-13T17:03:00+00:00,2024-07-01,free,APAC,partner
acct_001730,2024-02-01T15:55:00+00:00,2024-02-01,free,LATAM,paid_search
acct_001731,2024-01-20T09:55:00+00:00,2024-01-01,free,APAC,paid_search
acct_001732,2024-06-15T17:43:00+00:00,2024-06-01,free,LATAM,direct
acct_001733,2024-04-01T18:52:00+00:00,2024-04-01,free,APAC,organic
acct_001734,2024-06-02T20:47:00+00:00,2024-06-01,free,APAC,direct
acct_001735,2024-04-20T15:25:00+00:00,2024-04-01,free,NA,partner
acct_001736,2024-07-16T18:54:00+00:00,2024-07-01,free,NA,direct
acct_001737,2024-05-20T11:45:00+00:00,2024-05-01,free,EU,organic
acct_001738,2024-03-16T20:05:00+00:00,2024-03-01,free,APAC,direct
acct_001739,2024-03-15T09:30:00+00:00,2024-03-01,free,EU,paid_search
acct_001740,2024-04-06T20:42:00+00:00,2024-04-01,free,NA,organic
acct_001741,2024-07-23T08:10:00+00:00,2024-07-01,free,APAC,direct
acct_001742,2024-05-08T19:16:00+00:00,2024-05-01,free,LATAM,organic
acct_001743,2024-03-18T18:46:00+00:00,2024-03-01,free,LATAM,organic
acct_001744,2024-06-08T17:49:00+00:00,2024-06-01,free,NA,partner
acct_001745,2024-07-23T19:47:00+00:00,2024-07-01,free,LATAM,direct
acct_001746,2024-04-08T12:07:00+00:00,2024-04-01,free,APAC,organic
acct_001747,2024-02-03T13:47:00+00:00,2024-02-01,free,EU,organic
acct_001748,2024-06-05T13:24:00+00:00,2024-06-01,free,NA,partner
acct_001749,2024-01-19T16:12:00+00:00,2024-01-01,free,LATAM,direct
acct_001750,2024-06-25T13:51:00+00:00,2024-06-01,free,EU,paid_search
acct_001751,2024-02-13T08:34:00+00:00,2024-02-01,free,LATAM,partner
acct_001752,2024-03-10T11:31:00+00:00,2024-03-01,free,LATAM,paid_search
acct_001753,2024-05-05T19:42:00+00:00,2024-05-01,free,NA,partner
acct_001754,2024-05-17T19:07:00+00:00,2024-05-01,free,APAC,direct
acct_001755,2024-04-16T12:45:00+00:00,2024-04-01,free,LATAM,organic
acct_001756,2024-06-05T19:13:00+00:00,2024-06-01,free,EU,organic
acct_001757,2024-03-16T19:25:00+00:00,2024-03-01,free,APAC,paid_search
acct_001758,2024-01-18T14:21:00+00:00,2024-01-01,free,LATAM,direct
acct_001759,2024-06-25T14:25:00+00:00,2024-06-01,free,NA,partner
acct_001760,2024-05-23T11:44:00+00:00,2024-05-01,free,LATAM,organic
acct_001761,2024-03-11T20:50:00+00:00,2024-03-01,free,NA,partner
acct_001762,2024-08-21T10:36:00+00:00,2024-08-01,free,EU,direct
acct_001763,2024-08-10T10:13:00+00:00,2024-08-01,free,EU,paid_search
acct_001764,2024-01-12T19:54:00+00:00,2024-01-01,free,NA,paid_search
acct_001765,2024-07-14T18:53:00+00:00,2024-07-01,free,EU,organic
acct_001766,2024-02-12T15:11:00+00:00,2024-02-01,free,NA,organic
acct_001767,2024-09-21T13:37:00+00:00,2024-09-01,free,LATAM,paid_search
acct_001768,2024-07-08T08:07:00+00:00,2024-07-01,free,EU,direct
acct_001769,2024-08-10T19:38:00+00:00,2024-08-01,free,EU,direct
acct_001770,2024-02-25T15:55:00+00:00,2024-02-01,free,LATAM,partner
acct_001771,2024-08-12T08:07:00+00:00,2024-08-01,free,NA,organic
acct_001772,2024-02-16T18:42:00+00:00,2024-02-01,free,EU,organic
acct_001773,2024-08-09T19:47:00+00:00,2024-08-01,free,NA,paid_search
acct_001774,2024-07-16T18:44:00+00:00,2024-07-01,free,LATAM,partner
acct_001775,2024-03-04T13:04:00+00:00,2024-03-01,free,EU,direct
acct_001776,2024-01-13T16:52:00+00:00,2024-01-01,free,LATAM,organic
acct_001777,2024-09-19T16:45:00+00:00,2024-09-01,free,NA,paid_search
acct_001778,2024-02-06T17:44:00+00:00,2024-02-01,free,EU,organic
acct_001779,2024-09-15T20:20:00+00:00,2024-09-01,free,NA,organic
acct_001780,2024-03-19T11:41:00+00:00,2024-03-01,free,EU,organic
acct_001781,2024-09-09T20:02:00+00:00,2024-09-01,free,NA,organic
acct_001782,2024-09-10T13:34:00+00:00,2024-09-01,free,EU,direct
acct_001783,2024-01-08T12:02:00+00:00,2024-01-01,free,APAC,direct
acct_001784,2024-03-19T15:44:00+00:00,2024-03-01,free,APAC,partner
acct_001785,2024-09-17T11:44:00+00:00,2024-09-01,free,NA,organic
acct_001786,2024-04-02T11:09:00+00:00,2024-04-01,free,APAC,paid_search
acct_001787,2024-03-20T16:13:00+00:00,2024-03-01,free,APAC,partner
acct_001788,2024-03-24T17:27:00+00:00,2024-03-01,free,NA,partner
acct_001789,2024-05-13T18:57:00+00:00,2024-05-01,free,EU,direct
acct_001790,2024-08-03T12:43:00+00:00,2024-08-01,free,LATAM,paid_search
acct_001791,2024-09-07T09:40:00+00:00,2024-09-01,free,APAC,paid_search
acct_001792,2024-06-19T18:41:00+00:00,2024-06-01,free,EU,direct
acct_001793,2024-03-11T20:27:00+00:00,2024-03-01,free,LATAM,organic
acct_001794,2024-04-03T12:07:00+00:00,2024-04-01,free,NA,direct
acct_001795,2024-02-11T18:05:00+00:00,2024-02-01,free,APAC,partner
acct_001796,2024-05-05T20:14:00+00:00,2024-05-01,free,APAC,organic
acct_001797,2024-02-13T11:24:00+00:00,2024-02-01,free,NA,organic
acct_001798,2024-03-17T19:56:00+00:00,2024-03-01,free,APAC,direct
acct_001799,2024-02-17T13:44:00+00:00,2024-02-01,free,APAC,partner
acct_001800,2024-02-02T10:20:00+00:00,2024-02-01,free,LATAM,paid_search
acct_001801,2024-06-24T18:50:00+00:00,2024-06-01,free,LATAM,direct
acct_001802,2024-03-09T08:43:00+00:00,2024-03-01,free,EU,paid_search
acct_001803,2024-03-13T17:47:00+00:00,2024-03-01,free,APAC,organic
acct_001804,2024-06-23T20:15:00+00:00,2024-06-01,free,LATAM,direct
acct_001805,2024-03-15T13:51:00+00:00,2024-03-01,free,LATAM,partner
acct_001806,2024-05-14T16:45:00+00:00,2024-05-01,free,EU,partner
acct_001807,2024-02-10T14:49:00+00:00,2024-02-01,free,APAC,organic
acct_001808,2024-02-03T19:15:00+00:00,2024-02-01,free,NA,paid_search
acct_001809,2024-01-03T19:18:00+00:00,2024-01-01,free,LATAM,organic
acct_001810,2024-07-22T16:59:00+00:00,2024-07-01,free,EU,direct
acct_001811,2024-08-17T18:43:00+00:00,2024-08-01,free,NA,direct
acct_001812,2024-01-20T11:58:00+00:00,2024-01-01,free,NA,direct
acct_001813,2024-09-24T13:15:00+00:00,2024-09-01,free,NA,direct
acct_001814,2024-03-22T20:33:00+00:00,2024-03-01,free,EU,paid_search
acct_001815,2024-02-12T10:32:00+00:00,2024-02-01,free,APAC,organic
acct_001816,2024-07-16T14:10:00+00:00,2024-07-01,free,APAC,organic
acct_001817,2024-06-22T11:53:00+00:00,2024-06-01,free,NA,partner
acct_001818,2024-05-16T12:16:00+00:00,2024-05-01,free,EU,organic
acct_001819,2024-07-07T12:59:00+00:00,2024-07-01,free,NA,direct
acct_001820,2024-08-02T13:00:00+00:00,2024-08-01,free,LATAM,partner
acct_001821,2024-05-12T09:00:00+00:00,2024-05-01,free,APAC,paid_search
acct_001822,2024-07-12T08:06:00+00:00,2024-07-01,free,LATAM,direct
acct_001823,2024-04-03T16:32:00+00:00,2024-04-01,free,EU,direct
acct_001824,2024-02-16T08:09:00+00:00,2024-02-01,free,APAC,paid_search
acct_001825,2024-08-13T13:19:00+00:00,2024-08-01,free,APAC,direct
acct_001826,2024-03-18T20:17:00+00:00,2024-03-01,free,NA,direct
acct_001827,2024-08-06T10:22:00+00:00,2024-08-01,free,LATAM,organic
acct_001828,2024-06-23T11:07:00+00:00,2024-06-01,free,EU,partner
acct_001829,2024-01-05T14:26:00+00:00,2024-01-01,free,APAC,organic
acct_001830,2024-03-22T11:30:00+00:00,2024-03-01,free,APAC,organic
acct_001831,2024-07-16T16:31:00+00:00,2024-07-01,free,EU,partner
acct_001832,2024-07-17T19:59:00+00:00,2024-07-01,free,LATAM,paid_search
acct_001833,2024-02-04T20:01:00+00:00,2024-02-01,free,EU,paid_search
acct_001834,2024-06-17T08:49:00+00:00,2024-06-01,free,EU,organic
acct_001835,2024-06-14T17:47:00+00:00,2024-06-01,free,NA,direct
acct_001836,2024-08-10T12:31:00+00:00,2024-08-01,free,NA,direct
acct_001837,2024-04-20T10:46:00+00:00,2024-04-01,free,EU,paid_search
acct_001838,2024-05-25T09:55:00+00:00,2024-05-01,free,APAC,paid_search
acct_001839,2024-07-07T15:45:00+00:00,2024-07-01,free,NA,paid_search
acct_001840,2024-04-19T18:40:00+00:00,2024-04-01,free,EU,paid_search
acct_001841,2024-02-05T14:02:00+00:00,2024-02-01,free,APAC,paid_search
acct_001842,2024-03-14T08:39:00+00:00,2024-03-01,free,EU,organic
acct_001843,2024-01-13T14:33:00+00:00,2024-01-01,free,APAC,paid_search
acct_001844,2024-04-11T14:30:00+00:00,2024-04-01,free,NA,direct
acct_001845,2024-01-10T09:17:00+00:00,2024-01-01,free,APAC,partner
acct_001846,2024-06-23T14:15:00+00:00,2024-06-01,free,APAC,organic
acct_001847,2024-03-02T08:03:00+00:00,2024-03-01,free,APAC,paid_search
acct_001848,2024-05-16T12:58:00+00:00,2024-05-01,free,NA,direct
acct_001849,2024-03-09T15:23:00+00:00,2024-03-01,free,APAC,partner
acct_001850,2024-02-04T18:00:00+00:00,2024-02-01,free,EU,partner
acct_001851,2024-06-24T20:23:00+00:00,2024-06-01,free,APAC,paid_search
acct_001852,2024-05-07T17:24:00+00:00,2024-05-01,free,NA,organic
acct_001853,2024-03-21T19:38:00+00:00,2024-03-01,free,NA,organic
acct_001854,2024-04-07T19:28:00+00:00,2024-04-01,free,NA,organic
acct_001855,2024-09-20T13:19:00+00:00,2024-09-01,free,LATAM,paid_search
acct_001856,2024-09-24T10:02:00+00:00,2024-09-01,free,EU,paid_search
acct_001857,2024-07-18T19:16:00+00:00,2024-07-01,free,APAC,partner
acct_001858,2024-08-21T19:07:00+00:00,2024-08-01,free,LATAM,organic
acct_001859,2024-08-14T16:59:00+00:00,2024-08-01,free,NA,paid_search
acct_001860,2024-05-23T10:18:00+00:00,2024-05-01,free,NA,organic
acct_001861,2024-04-24T14:31:00+00:00,2024-04-01,free,NA,paid_search
acct_001862,2024-08-25T16:24:00+00:00,2024-08-01,free,LATAM,direct
acct_001863,2024-05-07T10:00:00+00:00,2024-05-01,free,EU,paid_search
acct_001864,2024-01-17T15:32:00+00:00,2024-01-01,free,APAC,partner
acct_001865,2024-04-10T19:17:00+00:00,2024-04-01,free,NA,paid_search
acct_001866,2024-04-02T16:15:00+00:00,2024-04-01,free,APAC,organic
acct_001867,2024-03-09T10:17:00+00:00,2024-03-01,free,NA,paid_search
acct_001868,2024-04-18T09:00:00+00:00,2024-04-01,free,APAC,partner
acct_001869,2024-06-03T19:56:00+00:00,2024-06-01,free,APAC,paid_search
acct_001870,2024-07-20T12:20:00+00:00,2024-07-01,free,NA,organic
acct_001871,2024-06-08T19:17:00+00:00,2024-06-01,free,EU,partner
acct_001872,2024-01-18T18:55:00+00:00,2024-01-01,free,NA,direct
acct_001873,2024-05-21T18:38:00+00:00,2024-05-01,free,EU,direct
acct_001874,2024-04-11T12:13:00+00:00,2024-04-01,free,LATAM,paid_search
acct_001875,2024-08-08T19:46:00+00:00,2024-08-01,free,LATAM,partner
acct_001876,2024-03-16T09:31:00+00:00,2024-03-01,free,EU,direct
acct_001877,2024-03-06T11:36:00+00:00,2024-03-01,free,LATAM,paid_search
acct_001878,2024-05-01T12:10:00+00:00,2024-05-01,free,EU,direct
acct_001879,2024-04-03T10:04:00+00:00,2024-04-01,free,LATAM,paid_search
acct_001880,2024-08-21T14:06:00+00:00,2024-08-01,free,EU,organic
acct_001881,2024-02-13T14:01:00+00:00,2024-02-01,free,NA,organic
acct_001882,2024-01-05T11:49:00+00:00,2024-01-01,free,NA,partner
acct_001883,2024-03-21T17:00:00+00:00,2024-03-01,free,NA,organic
acct_001884,2024-09-24T13:54:00+00:00,2024-09-01,free,NA,paid_search
acct_001885,2024-03-16T20:36:00+00:00,2024-03-01,free,LATAM,paid_search
acct_001886,2024-05-11T15:09:00+00:00,2024-05-01,free,EU,organic
acct_001887,2024-09-23T12:40:00+00:00,2024-09-01,free,NA,organic
acct_001888,2024-01-04T16:18:00+00:00,2024-01-01,free,NA,direct
acct_001889,2024-03-01T11:01:00+00:00,2024-03-01,free,EU,direct
acct_001890,2024-07-05T13:41:00+00:00,2024-07-01,free,APAC,paid_search
acct_001891,2024-07-22T19:52:00+00:00,2024-07-01,free,NA,direct
acct_001892,2024-03-04T11:06:00+00:00,2024-03-01,free,APAC,partner
acct_001893,2024-02-20T13:07:00+00:00,2024-02-01,free,APAC,organic
acct_001894,2024-01-20T10:11:00+00:00,2024-01-01,free,LATAM,partner
acct_001895,2024-03-22T14:09:00+00:00,2024-03-01,free,APAC,partner
acct_001896,2024-06-04T12:58:00+00:00,2024-06-01,free,LATAM,partner
acct_001897,2024-05-23T20:04:00+00:00,2024-05-01,free,NA,paid_search
acct_001898,2024-03-11T10:24:00+00:00,2024-03-01,free,LATAM,direct
acct_001899,2024-02-04T17:27:00+00:00,2024-02-01,free,APAC,paid_search
acct_001900,2024-02-11T10:11:00+00:00,2024-02-01,free,LATAM,partner
acct_001901,2024-06-16T14:30:00+00:00,2024-06-01,free,LATAM,partner
acct_001902,2024-03-21T11:24:00+00:00,2024-03-01,free,LATAM,direct
acct_001903,2024-09-18T15:34:00+00:00,2024-09-01,free,EU,direct
acct_001904,2024-02-19T19:26:00+00:00,2024-02-01,free,EU,organic
acct_001905,2024-04-12T08:13:00+00:00,2024-04-01,free,NA,partner
acct_001906,2024-09-16T10:58:00+00:00,2024-09-01,free,NA,organic
acct_001907,2024-06-12T20:52:00+00:00,2024-06-01,free,EU,partner
acct_001908,2024-08-05T16:59:00+00:00,2024-08-01,free,LATAM,paid_search
acct_001909,2024-04-08T08:47:00+00:00,2024-04-01,free,EU,organic
acct_001910,2024-03-13T19:01:00+00:00,2024-03-01,free,LATAM,partner
acct_001911,2024-01-23T09:42:00+00:00,2024-01-01,free,NA,direct
acct_001912,2024-03-01T10:23:00+00:00,2024-03-01,free,EU,organic
acct_001913,2024-04-03T08:36:00+00:00,2024-04-01,free,LATAM,paid_search
acct_001914,2024-03-16T19:08:00+00:00,2024-03-01,free,APAC,direct
acct_001915,2024-07-24T13:28:00+00:00,2024-07-01,free,NA,partner
acct_001916,2024-02-05T08:56:00+00:00,2024-02-01,free,NA,paid_search
acct_001917,2024-09-06T08:25:00+00:00,2024-09-01,free,LATAM,direct
acct_001918,2024-09-23T12:58:00+00:00,2024-09-01,free,APAC,paid_search
acct_001919,2024-07-06T12:05:00+00:00,2024-07-01,free,LATAM,paid_search
acct_001920,2024-04-13T17:03:00+00:00,2024-04-01,free,EU,direct
acct_001921,2024-03-24T16:38:00+00:00,2024-03-01,free,NA,direct
acct_001922,2024-08-11T18:41:00+00:00,2024-08-01,free,LATAM,direct
acct_001923,2024-03-02T20:23:00+00:00,2024-03-01,free,LATAM,paid_search
acct_001924,2024-05-04T09:04:00+00:00,2024-05-01,free,APAC,partner
acct_001925,2024-01-08T12:10:00+00:00,2024-01-01,free,NA,organic
acct_001926,2024-04-20T08:48:00+00:00,2024-04-01,free,APAC,paid_search
acct_001927,2024-09-07T18:59:00+00:00,2024-09-01,free,NA,paid_search
acct_001928,2024-05-03T17:36:00+00:00,2024-05-01,free,NA,direct
acct_001929,2024-01-02T13:05:00+00:00,2024-01-01,free,APAC,organic
acct_001930,2024-06-25T12:25:00+00:00,2024-06-01,free,EU,partner
acct_001931,2024-07-24T13:08:00+00:00,2024-07-01,free,NA,partner
acct_001932,2024-07-24T16:06:00+00:00,2024-07-01,free,EU,organic
acct_001933,2024-07-16T17:55:00+00:00,2024-07-01,free,NA,partner
acct_001934,2024-03-05T18:29:00+00:00,2024-03-01,free,NA,organic
acct_001935,2024-04-07T20:43:00+00:00,2024-04-01,free,EU,paid_search
acct_001936,2024-09-17T19:38:00+00:00,2024-09-01,free,APAC,direct
acct_001937,2024-03-11T12:23:00+00:00,2024-03-01,free,LATAM,organic
acct_001938,2024-07-08T11:39:00+00:00,2024-07-01,free,NA,paid_search
acct_001939,2024-08-04T20:00:00+00:00,2024-08-01,free,EU,partner
acct_001940,2024-09-03T15:06:00+00:00,2024-09-01,free,LATAM,partner
acct_001941,2024-03-10T10:04:00+00:00,2024-03-01,free,APAC,partner
acct_001942,2024-06-03T09:11:00+00:00,2024-06-01,free,LATAM,partner
acct_001943,2024-08-09T20:56:00+00:00,2024-08-01,free,LATAM,paid_search
acct_001944,2024-02-19T15:02:00+00:00,2024-02-01,free,APAC,partner
acct_001945,2024-07-14T17:58:00+00:00,2024-07-01,free,EU,direct
acct_001946,2024-06-17T17:20:00+00:00,2024-06-01,free,APAC,organic
acct_001947,2024-07-17T15:16:00+00:00,2024-07-01,free,NA,organic
acct_001948,2024-04-23T16:00:00+00:00,2024-04-01,free,EU,organic
acct_001949,2024-05-13T10:36:00+00:00,2024-05-01,free,LATAM,organic
acct_001950,2024-04-13T15:42:00+00:00,2024-04-01,free,NA,partner
acct_001951,2024-08-15T18:34:00+00:00,2024-08-01,free,LATAM,organic
acct_001952,2024-02-06T19:06:00+00:00,2024-02-01,free,LATAM,direct
acct_001953,2024-04-13T13:04:00+00:00,2024-04-01,free,APAC,partner
acct_001954,2024-08-07T19:47:00+00:00,2024-08-01,free,LATAM,organic
acct_001955,2024-05-15T08:34:00+00:00,2024-05-01,free,EU,direct
acct_001956,2024-03-21T11:20:00+00:00,2024-03-01,free,NA,direct
acct_001957,2024-01-12T20:27:00+00:00,2024-01-01,free,LATAM,paid_search
acct_001958,2024-01-07T08:48:00+00:00,2024-01-01,free,LATAM,partner
acct_001959,2024-05-21T10:05:00+00:00,2024-05-01,free,EU,organic
acct_001960,2024-05-13T09:19:00+00:00,2024-05-01,free,LATAM,direct
acct_001961,2024-09-07T18:57:00+00:00,2024-09-01,free,APAC,paid_search
acct_001962,2024-01-03T14:21:00+00:00,2024-01-01,free,APAC,paid_search
acct_001963,2024-04-12T14:30:00+00:00,2024-04-01,free,LATAM,paid_search
acct_001964,2024-07-12T19:36:00+00:00,2024-07-01,free,LATAM,organic
acct_001965,2024-09-20T11:04:00+00:00,2024-09-01,free,EU,partner
acct_001966,2024-06-01T10:57:00+00:00,2024-06-01,free,LATAM,paid_search
acct_001967,2024-08-11T09:50:00+00:00,2024-08-01,free,LATAM,partner
acct_001968,2024-09-24T08:28:00+00:00,2024-09-01,free,EU,direct
acct_001969,2024-02-02T11:47:00+00:00,2024-02-01,free,EU,direct
acct_001970,2024-09-25T10:38:00+00:00,2024-09-01,free,LATAM,paid_search
acct_001971,2024-06-07T11:43:00+00:00,2024-06-01,free,NA,partner
acct_001972,2024-06-01T12:57:00+00:00,2024-06-01,free,APAC,organic
acct_001973,2024-08-21T15:26:00+00:00,2024-08-01,free,LATAM,partner
acct_001974,2024-06-18T14:33:00+00:00,2024-06-01,free,APAC,organic
acct_001975,2024-03-15T14:23:00+00:00,2024-03-01,free,EU,paid_search
acct_001976,2024-09-14T14:18:00+00:00,2024-09-01,free,LATAM,partner
acct_001977,2024-02-03T20:53:00+00:00,2024-02-01,free,NA,organic
acct_001978,2024-01-20T14:06:00+00:00,2024-01-01,free,LATAM,organic
acct_001979,2024-08-17T17:51:00+00:00,2024-08-01,free,NA,partner
acct_001980,2024-07-07T11:49:00+00:00,2024-07-01,free,LATAM,direct
acct_001981,2024-02-07T15:07:00+00:00,2024-02-01,free,APAC,direct
acct_001982,2024-07-21T19:50:00+00:00,2024-07-01,free,LATAM,organic
acct_001983,2024-06-08T16:18:00+00:00,2024-06-01,free,APAC,partner
acct_001984,2024-05-14T18:15:00+00:00,2024-05-01,free,NA,direct
acct_001985,2024-01-01T08:09:00+00:00,2024-01-01,free,APAC,partner
acct_001986,2024-06-06T17:27:00+00:00,2024-06-01,free,EU,direct
acct_001987,2024-04-20T18:25:00+00:00,2024-04-01,free,NA,direct
acct_001988,2024-03-21T14:46:00+00:00,2024-03-01,free,EU,direct
acct_001989,2024-06-17T10:27:00+00:00,2024-06-01,free,EU,organic
acct_001990,2024-03-17T09:40:00+00:00,2024-03-01,free,LATAM,partner
acct_001991,2024-09-06T13:13:00+00:00,2024-09-01,free,NA,organic
acct_001992,2024-01-14T08:40:00+00:00,2024-01-01,free,EU,organic
acct_001993,2024-09-03T17:24:00+00:00,2024-09-01,free,NA,paid_search
acct_001994,2024-08-21T18:49:00+00:00,2024-08-01,free,APAC,paid_search
acct_001995,2024-04-21T11:19:00+00:00,2024-04-01,free,EU,paid_search
acct_001996,2024-07-25T12:42:00+00:00,2024-07-01,free,NA,partner
acct_001997,2024-02-05T18:01:00+00:00,2024-02-01,free,NA,organic
acct_001998,2024-08-20T09:06:00+00:00,2024-08-01,free,EU,partner
acct_001999,2024-05-06T09:04:00+00:00,2024-05-01,free,LATAM,partner
acct_002000,2024-04-13T09:31:00+00:00,2024-04-01,free,NA,direct
acct_002001,2024-02-16T18:04:00+00:00,2024-02-01,free,EU,direct
acct_002002,2024-07-11T18:58:00+00:00,2024-07-01,free,LATAM,paid_search
acct_002003,2024-03-10T08:57:00+00:00,2024-03-01,free,EU,organic
acct_002004,2024-02-11T13:30:00+00:00,2024-02-01,free,NA,paid_search
acct_002005,2024-09-24T12:59:00+00:00,2024-09-01,free,NA,paid_search
acct_002006,2024-01-18T08:33:00+00:00,2024-01-01,free,EU,paid_search
acct_002007,2024-06-04T11:01:00+00:00,2024-06-01,free,APAC,paid_search
acct_002008,2024-04-03T19:44:00+00:00,2024-04-01,free,EU,partner
acct_002009,2024-05-16T11:05:00+00:00,2024-05-01,free,APAC,partner
acct_002010,2024-08-24T20:31:00+00:00,2024-08-01,free,LATAM,direct
acct_002011,2024-04-09T10:12:00+00:00,2024-04-01,free,APAC,direct
acct_002012,2024-02-19T20:49:00+00:00,2024-02-01,free,APAC,paid_search
acct_002013,2024-04-24T15:27:00+00:00,2024-04-01,free,LATAM,direct
acct_002014,2024-05-11T17:06:00+00:00,2024-05-01,free,LATAM,direct
acct_002015,2024-04-19T13:23:00+00:00,2024-04-01,free,NA,direct
acct_002016,2024-03-02T16:16:00+00:00,2024-03-01,free,LATAM,partner
acct_002017,2024-09-12T14:01:00+00:00,2024-09-01,free,NA,paid_search
acct_002018,2024-06-14T20:11:00+00:00,2024-06-01,free,APAC,paid_search
acct_002019,2024-02-07T18:23:00+00:00,2024-02-01,free,APAC,paid_search
acct_002020,2024-06-04T08:20:00+00:00,2024-06-01,free,NA,partner
acct_002021,2024-04-15T17:50:00+00:00,2024-04-01,free,APAC,paid_search
acct_002022,2024-09-03T14:18:00+00:00,2024-09-01,free,EU,paid_search
acct_002023,2024-02-18T12:45:00+00:00,2024-02-01,free,NA,direct
acct_002024,2024-07-11T13:12:00+00:00,2024-07-01,free,EU,organic
acct_002025,2024-08-16T08:17:00+00:00,2024-08-01,free,LATAM,organic
acct_002026,2024-02-15T10:38:00+00:00,2024-02-01,free,APAC,direct
acct_002027,2024-04-19T08:18:00+00:00,2024-04-01,free,NA,organic
acct_002028,2024-08-10T10:53:00+00:00,2024-08-01,free,LATAM,organic
acct_002029,2024-09-17T08:21:00+00:00,2024-09-01,free,NA,organic
acct_002030,2024-08-04T20:26:00+00:00,2024-08-01,free,APAC,partner
acct_002031,2024-06-25T13:25:00+00:00,2024-06-01,free,NA,partner
acct_002032,2024-08-20T08:25:00+00:00,2024-08-01,free,APAC,direct
acct_002033,2024-08-21T09:53:00+00:00,2024-08-01,free,APAC,organic
acct_002034,2024-01-08T08:52:00+00:00,2024-01-01,free,NA,paid_search
acct_002035,2024-02-11T19:46:00+00:00,2024-02-01,free,LATAM,paid_search
acct_002036,2024-03-03T11:46:00+00:00,2024-03-01,free,APAC,organic
acct_002037,2024-01-09T20:02:00+00:00,2024-01-01,free,NA,organic
acct_002038,2024-05-03T12:21:00+00:00,2024-05-01,free,LATAM,partner
acct_002039,2024-03-05T17:29:00+00:00,2024-03-01,free,NA,paid_search
acct_002040,2024-06-05T20:37:00+00:00,2024-06-01,free,LATAM,direct
acct_002041,2024-02-17T16:15:00+00:00,2024-02-01,free,LATAM,direct
acct_002042,2024-05-11T20:46:00+00:00,2024-05-01,free,LATAM,paid_search
acct_002043,2024-02-09T20:18:00+00:00,2024-02-01,free,NA,partner
acct_002044,2024-09-08T18:41:00+00:00,2024-09-01,free,EU,organic
acct_002045,2024-02-16T08:13:00+00:00,2024-02-01,free,NA,paid_search
acct_002046,2024-08-13T11:31:00+00:00,2024-08-01,free,NA,partner
acct_002047,2024-04-19T20:33:00+00:00,2024-04-01,free,APAC,partner
acct_002048,2024-08-21T10:54:00+00:00,2024-08-01,free,NA,paid_search
acct_002049,2024-04-12T14:28:00+00:00,2024-04-01,free,EU,direct
acct_002050,2024-04-03T12:27:00+00:00,2024-04-01,free,EU,partner
acct_002051,2024-02-05T15:56:00+00:00,2024-02-01,free,NA,organic
acct_002052,2024-04-01T15:11:00+00:00,2024-04-01,free,APAC,organic
acct_002053,2024-08-22T16:28:00+00:00,2024-08-01,free,APAC,partner
acct_002054,2024-02-18T09:22:00+00:00,2024-02-01,free,LATAM,paid_search
acct_002055,2024-03-13T16:27:00+00:00,2024-03-01,free,APAC,organic
acct_002056,2024-08-09T13:06:00+00:00,2024-08-01,free,NA,direct
acct_002057,2024-07-07T12:12:00+00:00,2024-07-01,free,LATAM,paid_search
acct_002058,2024-05-17T17:31:00+00:00,2024-05-01,free,LATAM,organic
acct_002059,2024-01-21T11:07:00+00:00,2024-01-01,free,EU,organic
acct_002060,2024-01-02T17:17:00+00:00,2024-01-01,free,EU,organic
acct_002061,2024-09-04T12:14:00+00:00,2024-09-01,free,LATAM,direct
acct_002062,2024-07-04T11:46:00+00:00,2024-07-01,free,APAC,direct
acct_002063,2024-04-06T20:13:00+00:00,2024-04-01,free,APAC,partner
acct_002064,2024-05-24T08:06:00+00:00,2024-05-01,free,EU,direct
acct_002065,2024-05-23T11:10:00+00:00,2024-05-01,free,APAC,organic
acct_002066,2024-03-06T13:57:00+00:00,2024-03-01,free,LATAM,paid_search
acct_002067,2024-01-22T15:27:00+00:00,2024-01-01,free,APAC,organic
acct_002068,2024-03-09T09:10:00+00:00,2024-03-01,free,NA,partner
acct_002069,2024-08-19T08:31:00+00:00,2024-08-01,free,EU,direct
acct_002070,2024-02-02T08:36:00+00:00,2024-02-01,free,APAC,paid_search
acct_002071,2024-09-17T10:48:00+00:00,2024-09-01,free,EU,organic
acct_002072,2024-02-10T20:47:00+00:00,2024-02-01,free,APAC,direct
acct_002073,2024-08-24T13:34:00+00:00,2024-08-01,free,APAC,direct
acct_002074,2024-05-12T15:00:00+00:00,2024-05-01,free,APAC,partner
acct_002075,2024-06-17T20:42:00+00:00,2024-06-01,free,LATAM,organic
acct_002076,2024-05-22T16:46:00+00:00,2024-05-01,free,NA,paid_search
acct_002077,2024-07-08T18:09:00+00:00,2024-07-01,free,APAC,direct
acct_002078,2024-01-08T17:47:00+00:00,2024-01-01,free,LATAM,partner
acct_002079,2024-04-24T09:12:00+00:00,2024-04-01,free,LATAM,organic
acct_002080,2024-05-21T18:34:00+00:00,2024-05-01,free,LATAM,paid_search
acct_002081,2024-05-22T13:56:00+00:00,2024-05-01,free,APAC,direct
acct_002082,2024-07-09T12:12:00+00:00,2024-07-01,free,NA,partner
acct_002083,2024-02-14T20:29:00+00:00,2024-02-01,free,APAC,partner
acct_002084,2024-02-01T15:59:00+00:00,2024-02-01,free,EU,direct
acct_002085,2024-03-17T12:39:00+00:00,2024-03-01,free,EU,partner
acct_002086,2024-08-10T09:51:00+00:00,2024-08-01,free,APAC,organic
acct_002087,2024-08-02T11:18:00+00:00,2024-08-01,free,NA,organic
acct_002088,2024-08-10T08:27:00+00:00,2024-08-01,free,APAC,organic
acct_002089,2024-01-09T10:22:00+00:00,2024-01-01,free,APAC,paid_search
acct_002090,2024-02-23T12:09:00+00:00,2024-02-01,free,EU,direct
acct_002091,2024-02-10T11:02:00+00:00,2024-02-01,free,LATAM,partner
acct_002092,2024-04-22T18:24:00+00:00,2024-04-01,free,LATAM,direct
acct_002093,2024-02-09T12:38:00+00:00,2024-02-01,free,APAC,paid_search
acct_002094,2024-07-22T13:51:00+00:00,2024-07-01,free,EU,paid_search
acct_002095,2024-05-05T14:35:00+00:00,2024-05-01,free,EU,partner
acct_002096,2024-05-03T12:36:00+00:00,2024-05-01,free,LATAM,paid_search
acct_002097,2024-07-14T09:08:00+00:00,2024-07-01,free,LATAM,partner
acct_002098,2024-09-22T19:22:00+00:00,2024-09-01,free,LATAM,partner
acct_002099,2024-07-15T14:26:00+00:00,2024-07-01,free,LATAM,organic
acct_002100,2024-09-01T20:26:00+00:00,2024-09-01,free,NA,paid_search
acct_002101,2024-05-08T17:32:00+00:00,2024-05-01,free,APAC,paid_search
acct_002102,2024-09-19T12:03:00+00:00,2024-09-01,free,LATAM,paid_search
acct_002103,2024-07-22T08:29:00+00:00,2024-07-01,free,LATAM,organic
acct_002104,2024-02-02T12:53:00+00:00,2024-02-01,free,NA,partner
acct_002105,2024-02-10T17:30:00+00:00,2024-02-01,free,APAC,organic
acct_002106,2024-02-24T17:43:00+00:00,2024-02-01,free,NA,paid_search
acct_002107,2024-09-05T16:47:00+00:00,2024-09-01,free,LATAM,paid_search
acct_002108,2024-04-22T18:54:00+00:00,2024-04-01,free,EU,partner
acct_002109,2024-05-24T08:51:00+00:00,2024-05-01,free,LATAM,paid_search
acct_002110,2024-02-03T08:09:00+00:00,2024-02-01,free,NA,organic
acct_002111,2024-04-07T09:30:00+00:00,2024-04-01,free,NA,direct
acct_002112,2024-07-02T09:19:00+00:00,2024-07-01,free,LATAM,direct
acct_002113,2024-03-08T16:16:00+00:00,2024-03-01,free,LATAM,organic
acct_002114,2024-07-05T18:01:00+00:00,2024-07-01,free,EU,paid_search
acct_002115,2024-04-06T16:47:00+00:00,2024-04-01,free,EU,direct
acct_002116,2024-08-10T12:42:00+00:00,2024-08-01,free,NA,direct
acct_002117,2024-06-22T12:25:00+00:00,2024-06-01,free,LATAM,organic
acct_002118,2024-08-14T14:09:00+00:00,2024-08-01,free,NA,partner
acct_002119,2024-08-04T17:24:00+00:00,2024-08-01,free,NA,partner
acct_002120,2024-01-21T18:57:00+00:00,2024-01-01,free,LATAM,organic
acct_002121,2024-06-05T15:56:00+00:00,2024-06-01,free,LATAM,partner
acct_002122,2024-01-06T13:32:00+00:00,2024-01-01,free,EU,partner
acct_002123,2024-09-13T16:04:00+00:00,2024-09-01,free,EU,paid_search
acct_002124,2024-06-21T19:36:00+00:00,2024-06-01,free,APAC,direct
acct_002125,2024-03-09T20:48:00+00:00,2024-03-01,free,APAC,direct
acct_002126,2024-02-21T15:24:00+00:00,2024-02-01,free,LATAM,paid_search
acct_002127,2024-09-25T18:33:00+00:00,2024-09-01,free,APAC,paid_search
acct_002128,2024-06-19T17:22:00+00:00,2024-06-01,free,LATAM,organic
acct_002129,2024-01-01T19:10:00+00:00,2024-01-01,free,EU,organic
acct_002130,2024-02-16T18:30:00+00:00,2024-02-01,free,APAC,paid_search
acct_002131,2024-04-04T10:46:00+00:00,2024-04-01,free,LATAM,direct
acct_002132,2024-02-02T17:16:00+00:00,2024-02-01,free,NA,organic
acct_002133,2024-02-15T20:23:00+00:00,2024-02-01,free,NA,paid_search
acct_002134,2024-06-04T19:28:00+00:00,2024-06-01,free,LATAM,paid_search
acct_002135,2024-09-07T11:16:00+00:00,2024-09-01,free,LATAM,direct
acct_002136,2024-05-08T11:47:00+00:00,2024-05-01,free,EU,direct
acct_002137,2024-09-07T09:37:00+00:00,2024-09-01,free,NA,organic
acct_002138,2024-04-02T20:08:00+00:00,2024-04-01,free,NA,partner
acct_002139,2024-07-19T16:55:00+00:00,2024-07-01,free,NA,partner
acct_002140,2024-03-22T19:58:00+00:00,2024-03-01,free,LATAM,paid_search
acct_002141,2024-04-19T15:32:00+00:00,2024-04-01,free,APAC,partner
acct_002142,2024-09-05T20:04:00+00:00,2024-09-01,free,LATAM,direct
acct_002143,2024-07-03T17:05:00+00:00,2024-07-01,free,EU,partner
acct_002144,2024-02-04T15:14:00+00:00,2024-02-01,free,NA,partner
acct_002145,2024-01-08T12:59:00+00:00,2024-01-01,free,APAC,direct
acct_002146,2024-06-03T10:18:00+00:00,2024-06-01,free,NA,paid_search
acct_002147,2024-09-20T16:19:00+00:00,2024-09-01,free,LATAM,organic
acct_002148,2024-09-23T09:37:00+00:00,2024-09-01,free,LATAM,partner
acct_002149,2024-01-02T13:26:00+00:00,2024-01-01,free,APAC,paid_search
acct_002150,2024-06-25T08:08:00+00:00,2024-06-01,free,EU,partner
acct_002151,2024-01-08T15:04:00+00:00,2024-01-01,free,NA,partner
acct_002152,2024-02-14T17:47:00+00:00,2024-02-01,free,NA,direct
acct_002153,2024-03-09T19:02:00+00:00,2024-03-01,free,NA,organic
acct_002154,2024-08-17T11:41:00+00:00,2024-08-01,free,APAC,direct
acct_002155,2024-08-10T20:54:00+00:00,2024-08-01,free,EU,organic
acct_002156,2024-01-01T20:50:00+00:00,2024-01-01,free,EU,direct
acct_002157,2024-01-18T15:03:00+00:00,2024-01-01,free,LATAM,direct
acct_002158,2024-03-14T19:27:00+00:00,2024-03-01,free,EU,organic
acct_002159,2024-08-04T17:57:00+00:00,2024-08-01,free,APAC,partner
acct_002160,2024-04-11T14:58:00+00:00,2024-04-01,free,NA,paid_search
acct_002161,2024-04-03T17:00:00+00:00,2024-04-01,free,EU,direct
acct_002162,2024-09-19T08:51:00+00:00,2024-09-01,free,NA,paid_search
acct_002163,2024-01-03T08:08:00+00:00,2024-01-01,free,LATAM,paid_search
acct_002164,2024-05-02T13:22:00+00:00,2024-05-01,free,EU,partner
acct_002165,2024-03-20T14:30:00+00:00,2024-03-01,free,NA,organic
acct_002166,2024-02-09T16:13:00+00:00,2024-02-01,free,LATAM,partner
acct_002167,2024-04-15T19:19:00+00:00,2024-04-01,free,APAC,partner
acct_002168,2024-04-17T12:20:00+00:00,2024-04-01,free,NA,organic
acct_002169,2024-06-14T19:39:00+00:00,2024-06-01,free,LATAM,partner
acct_002170,2024-02-07T10:53:00+00:00,2024-02-01,free,EU,partner
acct_002171,2024-09-07T09:23:00+00:00,2024-09-01,free,EU,organic
acct_002172,2024-04-23T15:41:00+00:00,2024-04-01,free,LATAM,organic
acct_002173,2024-01-16T08:17:00+00:00,2024-01-01,free,APAC,direct
acct_002174,2024-05-03T08:17:00+00:00,2024-05-01,free,LATAM,direct
acct_002175,2024-01-13T14:28:00+00:00,2024-01-01,free,NA,paid_search
acct_002176,2024-04-13T10:42:00+00:00,2024-04-01,free,LATAM,organic
acct_002177,2024-05-02T16:48:00+00:00,2024-05-01,free,APAC,organic
acct_002178,2024-06-09T20:48:00+00:00,2024-06-01,free,EU,organic
acct_002179,2024-06-24T17:27:00+00:00,2024-06-01,free,LATAM,organic
acct_002180,2024-02-18T14:46:00+00:00,2024-02-01,free,APAC,direct
acct_002181,2024-07-19T19:36:00+00:00,2024-07-01,free,APAC,paid_search
acct_002182,2024-07-15T19:59:00+00:00,2024-07-01,free,EU,paid_search
acct_002183,2024-01-09T20:43:00+00:00,2024-01-01,free,APAC,organic
acct_002184,2024-04-25T16:18:00+00:00,2024-04-01,free,APAC,direct
acct_002185,2024-01-20T12:23:00+00:00,2024-01-01,free,APAC,partner
acct_002186,2024-01-04T12:36:00+00:00,2024-01-01,free,APAC,partner
acct_002187,2024-03-15T15:01:00+00:00,2024-03-01,free,LATAM,organic
acct_002188,2024-08-02T13:30:00+00:00,2024-08-01,free,EU,direct
acct_002189,2024-01-19T09:17:00+00:00,2024-01-01,free,APAC,organic
acct_002190,2024-08-06T12:49:00+00:00,2024-08-01,free,APAC,partner
acct_002191,2024-08-05T11:40:00+00:00,2024-08-01,free,EU,paid_search
acct_002192,2024-01-08T09:41:00+00:00,2024-01-01,free,NA,paid_search
acct_002193,2024-09-15T17:20:00+00:00,2024-09-01,free,NA,paid_search
acct_002194,2024-01-23T12:16:00+00:00,2024-01-01,free,NA,partner
acct_002195,2024-09-23T08:38:00+00:00,2024-09-01,free,EU,partner
acct_002196,2024-02-03T16:28:00+00:00,2024-02-01,free,NA,organic
acct_002197,2024-04-07T13:36:00+00:00,2024-04-01,free,APAC,direct
acct_002198,2024-02-21T14:56:00+00:00,2024-02-01,free,APAC,paid_search
acct_002199,2024-01-11T17:50:00+00:00,2024-01-01,free,APAC,partner
acct_002200,2024-07-21T13:30:00+00:00,2024-07-01,free,APAC,organic
acct_002201,2024-03-12T08:18:00+00:00,2024-03-01,free,EU,organic
acct_002202,2024-02-20T11:51:00+00:00,2024-02-01,free,APAC,partner
acct_002203,2024-04-13T17:02:00+00:00,2024-04-01,free,EU,direct
acct_002204,2024-02-03T11:36:00+00:00,2024-02-01,free,LATAM,organic
acct_002205,2024-09-02T17:30:00+00:00,2024-09-01,free,LATAM,partner
acct_002206,2024-05-07T17:18:00+00:00,2024-05-01,free,EU,partner
acct_002207,2024-04-25T13:14:00+00:00,2024-04-01,free,LATAM,partner
acct_002208,2024-02-23T11:28:00+00:00,2024-02-01,free,LATAM,partner
acct_002209,2024-02-12T16:32:00+00:00,2024-02-01,free,NA,partner
acct_002210,2024-08-20T11:28:00+00:00,2024-08-01,free,LATAM,paid_search
acct_002211,2024-03-18T11:49:00+00:00,2024-03-01,free,LATAM,paid_search
acct_002212,2024-05-10T13:20:00+00:00,2024-05-01,free,NA,organic
acct_002213,2024-07-14T16:09:00+00:00,2024-07-01,free,LATAM,paid_search
acct_002214,2024-03-15T08:10:00+00:00,2024-03-01,free,NA,direct
acct_002215,2024-05-25T16:45:00+00:00,2024-05-01,free,LATAM,organic
acct_002216,2024-03-02T14:01:00+00:00,2024-03-01,free,EU,organic
acct_002217,2024-03-17T16:58:00+00:00,2024-03-01,free,LATAM,direct
acct_002218,2024-06-05T14:44:00+00:00,2024-06-01,free,EU,partner
acct_002219,2024-02-11T13:37:00+00:00,2024-02-01,free,NA,organic
acct_002220,2024-02-24T13:28:00+00:00,2024-02-01,free,LATAM,direct
acct_002221,2024-07-10T20:30:00+00:00,2024-07-01,free,EU,paid_search
acct_002222,2024-09-03T10:57:00+00:00,2024-09-01,free,NA,partner
acct_002223,2024-08-13T13:28:00+00:00,2024-08-01,free,EU,partner
acct_002224,2024-02-08T12:31:00+00:00,2024-02-01,free,APAC,organic
acct_002225,2024-09-17T17:32:00+00:00,2024-09-01,free,LATAM,partner
acct_002226,2024-06-13T13:48:00+00:00,2024-06-01,free,EU,paid_search
acct_002227,2024-01-24T19:13:00+00:00,2024-01-01,free,LATAM,partner
acct_002228,2024-06-04T13:18:00+00:00,2024-06-01,free,EU,organic
acct_002229,2024-05-09T15:28:00+00:00,2024-05-01,free,EU,paid_search
acct_002230,2024-05-09T17:48:00+00:00,2024-05-01,free,NA,paid_search
acct_002231,2024-05-05T09:13:00+00:00,2024-05-01,free,EU,organic
acct_002232,2024-01-18T16:51:00+00:00,2024-01-01,free,EU,organic
acct_002233,2024-08-01T13:13:00+00:00,2024-08-01,free,APAC,direct
acct_002234,2024-08-17T10:53:00+00:00,2024-08-01,free,LATAM,partner
acct_002235,2024-02-23T19:58:00+00:00,2024-02-01,free,NA,direct
acct_002236,2024-07-16T12:05:00+00:00,2024-07-01,free,EU,partner
acct_002237,2024-02-12T20:05:00+00:00,2024-02-01,free,EU,organic
acct_002238,2024-06-06T16:21:00+00:00,2024-06-01,free,APAC,direct
acct_002239,2024-09-22T20:04:00+00:00,2024-09-01,free,APAC,organic
acct_002240,2024-07-04T19:50:00+00:00,2024-07-01,free,APAC,paid_search
acct_002241,2024-09-22T18:02:00+00:00,2024-09-01,free,NA,paid_search
acct_002242,2024-03-19T14:55:00+00:00,2024-03-01,free,EU,paid_search
acct_002243,2024-05-16T10:31:00+00:00,2024-05-01,free,EU,direct
acct_002244,2024-05-05T11:40:00+00:00,2024-05-01,free,NA,paid_search
acct_002245,2024-01-14T09:31:00+00:00,2024-01-01,free,EU,paid_search
acct_002246,2024-01-14T19:16:00+00:00,2024-01-01,free,LATAM,paid_search
acct_002247,2024-06-16T16:42:00+00:00,2024-06-01,free,EU,partner
acct_002248,2024-04-10T18:31:00+00:00,2024-04-01,free,LATAM,direct
acct_002249,2024-06-18T15:18:00+00:00,2024-06-01,free,NA,paid_search
acct_002250,2024-02-25T20:18:00+00:00,2024-02-01,free,LATAM,direct
acct_002251,2024-06-08T18:27:00+00:00,2024-06-01,free,NA,paid_search
acct_002252,2024-08-11T18:07:00+00:00,2024-08-01,free,APAC,direct
acct_002253,2024-03-25T15:53:00+00:00,2024-03-01,free,LATAM,direct
acct_002254,2024-04-01T12:17:00+00:00,2024-04-01,free,EU,direct
acct_002255,2024-01-18T20:20:00+00:00,2024-01-01,free,APAC,partner
acct_002256,2024-07-13T20:28:00+00:00,2024-07-01,free,LATAM,direct
acct_002257,2024-05-02T12:31:00+00:00,2024-05-01,free,EU,partner
acct_002258,2024-01-10T15:26:00+00:00,2024-01-01,free,EU,paid_search
acct_002259,2024-09-07T20:40:00+00:00,2024-09-01,free,NA,partner
acct_002260,2024-03-20T16:01:00+00:00,2024-03-01,free,NA,direct
acct_002261,2024-02-25T19:21:00+00:00,2024-02-01,free,APAC,organic
acct_002262,2024-01-17T11:23:00+00:00,2024-01-01,free,EU,paid_search
acct_002263,2024-09-13T19:14:00+00:00,2024-09-01,free,APAC,paid_search
acct_002264,2024-06-11T14:13:00+00:00,2024-06-01,free,EU,organic
acct_002265,2024-01-01T20:33:00+00:00,2024-01-01,free,NA,direct
acct_002266,2024-08-02T10:18:00+00:00,2024-08-01,free,APAC,organic
acct_002267,2024-04-21T20:44:00+00:00,2024-04-01,free,EU,organic
acct_002268,2024-05-24T09:52:00+00:00,2024-05-01,free,LATAM,direct
acct_002269,2024-03-24T12:55:00+00:00,2024-03-01,free,NA,organic
acct_002270,2024-02-17T19:45:00+00:00,2024-02-01,free,LATAM,organic
acct_002271,2024-01-24T16:38:00+00:00,2024-01-01,free,EU,organic
acct_002272,2024-07-07T17:54:00+00:00,2024-07-01,free,APAC,partner
acct_002273,2024-07-17T19:01:00+00:00,2024-07-01,free,APAC,partner
acct_002274,2024-08-07T09:16:00+00:00,2024-08-01,free,LATAM,direct
acct_002275,2024-05-14T09:14:00+00:00,2024-05-01,free,LATAM,partner
acct_002276,2024-08-10T19:34:00+00:00,2024-08-01,free,EU,direct
acct_002277,2024-01-16T19:25:00+00:00,2024-01-01,free,APAC,organic
acct_002278,2024-08-08T17:01:00+00:00,2024-08-01,free,LATAM,paid_search
acct_002279,2024-08-12T15:36:00+00:00,2024-08-01,free,NA,partner
acct_002280,2024-06-05T20:40:00+00:00,2024-06-01,free,NA,organic
acct_002281,2024-09-06T11:55:00+00:00,2024-09-01,free,LATAM,paid_search
acct_002282,2024-02-05T14:39:00+00:00,2024-02-01,free,LATAM,paid_search
acct_002283,2024-01-25T15:16:00+00:00,2024-01-01,free,LATAM,partner
acct_002284,2024-06-05T08:20:00+00:00,2024-06-01,free,LATAM,organic
acct_002285,2024-05-23T11:48:00+00:00,2024-05-01,free,LATAM,direct
acct_002286,2024-06-21T11:20:00+00:00,2024-06-01,free,LATAM,direct
acct_002287,2024-09-18T19:46:00+00:00,2024-09-01,free,NA,organic
acct_002288,2024-07-23T09:24:00+00:00,2024-07-01,free,EU,organic
acct_002289,2024-03-17T19:07:00+00:00,2024-03-01,free,EU,paid_search
acct_002290,2024-08-04T08:56:00+00:00,2024-08-01,free,LATAM,direct
acct_002291,2024-03-21T20:33:00+00:00,2024-03-01,free,LATAM,paid_search
acct_002292,2024-09-14T14:00:00+00:00,2024-09-01,free,APAC,organic
acct_002293,2024-07-10T19:59:00+00:00,2024-07-01,free,APAC,partner
acct_002294,2024-06-19T18:10:00+00:00,2024-06-01,free,EU,partner
acct_002295,2024-09-22T11:51:00+00:00,2024-09-01,free,APAC,partner
acct_002296,2024-08-15T11:59:00+00:00,2024-08-01,free,APAC,paid_search
acct_002297,2024-03-17T19:53:00+00:00,2024-03-01,free,LATAM,organic
acct_002298,2024-06-14T10:09:00+00:00,2024-06-01,free,LATAM,organic
acct_002299,2024-01-10T19:12:00+00:00,2024-01-01,free,EU,organic
acct_002300,2024-09-15T13:06:00+00:00,2024-09-01,free,NA,direct
acct_002301,2024-03-03T13:40:00+00:00,2024-03-01,free,EU,partner
acct_002302,2024-01-07T12:18:00+00:00,2024-01-01,free,LATAM,partner
acct_002303,2024-06-20T20:25:00+00:00,2024-06-01,free,APAC,paid_search
acct_002304,2024-02-19T10:06:00+00:00,2024-02-01,free,EU,partner
acct_002305,2024-03-09T17:06:00+00:00,2024-03-01,free,EU,direct
acct_002306,2024-06-19T20:54:00+00:00,2024-06-01,free,APAC,direct
acct_002307,2024-04-06T08:50:00+00:00,2024-04-01,free,EU,paid_search
acct_002308,2024-02-20T10:09:00+00:00,2024-02-01,free,EU,direct
acct_002309,2024-01-11T09:57:00+00:00,2024-01-01,free,NA,paid_search
acct_002310,2024-09-15T14:42:00+00:00,2024-09-01,free,LATAM,partner
acct_002311,2024-05-17T20:07:00+00:00,2024-05-01,free,EU,direct
acct_002312,2024-07-25T14:45:00+00:00,2024-07-01,free,LATAM,partner
acct_002313,2024-05-17T13:33:00+00:00,2024-05-01,free,NA,paid_search
acct_002314,2024-03-21T12:45:00+00:00,2024-03-01,free,EU,direct
acct_002315,2024-09-15T15:44:00+00:00,2024-09-01,free,APAC,organic
acct_002316,2024-09-14T18:22:00+00:00,2024-09-01,free,EU,organic
acct_002317,2024-06-15T20:42:00+00:00,2024-06-01,free,APAC,direct
acct_002318,2024-04-20T16:56:00+00:00,2024-04-01,free,EU,direct
acct_002319,2024-06-06T19:00:00+00:00,2024-06-01,free,EU,direct
acct_002320,2024-06-17T11:00:00+00:00,2024-06-01,free,APAC,partner
acct_002321,2024-02-12T12:32:00+00:00,2024-02-01,free,NA,partner
acct_002322,2024-01-21T12:41:00+00:00,2024-01-01,free,LATAM,direct
acct_002323,2024-01-23T19:16:00+00:00,2024-01-01,free,APAC,organic
acct_002324,2024-01-23T15:38:00+00:00,2024-01-01,free,LATAM,direct
acct_002325,2024-03-16T19:55:00+00:00,2024-03-01,free,NA,organic
acct_002326,2024-06-01T17:57:00+00:00,2024-06-01,free,EU,paid_search
acct_002327,2024-03-03T14:53:00+00:00,2024-03-01,free,NA,organic
acct_002328,2024-08-21T19:03:00+00:00,2024-08-01,free,APAC,organic
acct_002329,2024-09-09T11:41:00+00:00,2024-09-01,free,NA,partner
acct_002330,2024-06-23T10:57:00+00:00,2024-06-01,free,APAC,organic
acct_002331,2024-07-14T18:42:00+00:00,2024-07-01,free,NA,organic
acct_002332,2024-04-25T16:09:00+00:00,2024-04-01,free,APAC,organic
acct_002333,2024-03-15T08:17:00+00:00,2024-03-01,free,EU,direct
acct_002334,2024-03-21T19:53:00+00:00,2024-03-01,free,NA,partner
acct_002335,2024-05-18T13:07:00+00:00,2024-05-01,free,APAC,direct
acct_002336,2024-02-19T15:05:00+00:00,2024-02-01,free,NA,organic
acct_002337,2024-03-24T09:11:00+00:00,2024-03-01,free,APAC,organic
acct_002338,2024-03-01T11:40:00+00:00,2024-03-01,free,APAC,direct
acct_002339,2024-02-24T11:19:00+00:00,2024-02-01,free,EU,paid_search
acct_002340,2024-05-02T14:45:00+00:00,2024-05-01,free,APAC,paid_search
acct_002341,2024-05-05T17:20:00+00:00,2024-05-01,free,LATAM,paid_search
acct_002342,2024-04-09T11:11:00+00:00,2024-04-01,free,APAC,partner
acct_002343,2024-08-09T09:31:00+00:00,2024-08-01,free,APAC,partner
acct_002344,2024-06-25T18:33:00+00:00,2024-06-01,free,LATAM,paid_search
acct_002345,2024-01-19T14:09:00+00:00,2024-01-01,free,EU,direct
acct_002346,2024-06-21T20:43:00+00:00,2024-06-01,free,APAC,paid_search
acct_002347,2024-06-23T16:35:00+00:00,2024-06-01,free,APAC,organic
acct_002348,2024-09-25T11:16:00+00:00,2024-09-01,free,EU,direct
acct_002349,2024-05-02T09:33:00+00:00,2024-05-01,free,EU,direct
acct_002350,2024-03-15T17:20:00+00:00,2024-03-01,free,APAC,direct
acct_002351,2024-01-11T19:06:00+00:00,2024-01-01,free,APAC,organic
acct_002352,2024-03-14T15:21:00+00:00,2024-03-01,free,APAC,organic
acct_002353,2024-03-12T12:10:00+00:00,2024-03-01,free,LATAM,paid_search
acct_002354,2024-01-15T20:39:00+00:00,2024-01-01,free,LATAM,direct
acct_002355,2024-07-16T11:16:00+00:00,2024-07-01,free,APAC,partner
acct_002356,2024-08-22T14:19:00+00:00,2024-08-01,free,NA,paid_search
acct_002357,2024-09-04T14:27:00+00:00,2024-09-01,free,APAC,direct
acct_002358,2024-01-06T16:10:00+00:00,2024-01-01,free,APAC,paid_search
acct_002359,2024-03-05T18:21:00+00:00,2024-03-01,free,NA,organic
acct_002360,2024-05-25T10:51:00+00:00,2024-05-01,free,APAC,direct
acct_002361,2024-07-06T15:00:00+00:00,2024-07-01,free,EU,paid_search
acct_002362,2024-03-10T12:05:00+00:00,2024-03-01,free,EU,paid_search
acct_002363,2024-04-14T09:46:00+00:00,2024-04-01,free,EU,paid_search
acct_002364,2024-09-25T13:00:00+00:00,2024-09-01,free,LATAM,paid_search
acct_002365,2024-06-04T15:35:00+00:00,2024-06-01,free,LATAM,paid_search
acct_002366,2024-08-22T14:53:00+00:00,2024-08-01,free,LATAM,paid_search
acct_002367,2024-02-13T10:20:00+00:00,2024-02-01,free,EU,direct
acct_002368,2024-06-10T18:46:00+00:00,2024-06-01,free,LATAM,direct
acct_002369,2024-09-03T13:31:00+00:00,2024-09-01,free,NA,paid_search
acct_002370,2024-03-25T11:23:00+00:00,2024-03-01,free,APAC,partner
acct_002371,2024-09-01T17:38:00+00:00,2024-09-01,free,LATAM,organic
acct_002372,2024-04-05T15:12:00+00:00,2024-04-01,free,NA,paid_search
acct_002373,2024-05-14T09:21:00+00:00,2024-05-01,free,LATAM,paid_search
acct_002374,2024-07-05T12:19:00+00:00,2024-07-01,free,LATAM,direct
acct_002375,2024-01-09T14:11:00+00:00,2024-01-01,free,EU,direct
acct_002376,2024-09-04T15:51:00+00:00,2024-09-01,free,NA,partner
acct_002377,2024-02-21T14:51:00+00:00,2024-02-01,free,NA,paid_search
acct_002378,2024-06-05T17:32:00+00:00,2024-06-01,free,LATAM,direct
acct_002379,2024-01-16T18:42:00+00:00,2024-01-01,free,LATAM,direct
acct_002380,2024-01-10T14:16:00+00:00,2024-01-01,free,NA,direct
acct_002381,2024-09-12T20:30:00+00:00,2024-09-01,free,APAC,partner
acct_002382,2024-02-06T14:34:00+00:00,2024-02-01,free,LATAM,organic
acct_002383,2024-03-01T13:59:00+00:00,2024-03-01,free,APAC,paid_search
acct_002384,2024-09-20T19:55:00+00:00,2024-09-01,free,LATAM,direct
acct_002385,2024-01-15T12:02:00+00:00,2024-01-01,free,NA,direct
acct_002386,2024-08-12T08:56:00+00:00,2024-08-01,free,APAC,partner
acct_002387,2024-07-11T18:18:00+00:00,2024-07-01,free,NA,partner
acct_002388,2024-03-10T13:26:00+00:00,2024-03-01,free,NA,direct
acct_002389,2024-06-10T18:02:00+00:00,2024-06-01,free,NA,partner
acct_002390,2024-01-18T19:25:00+00:00,2024-01-01,free,EU,paid_search
acct_002391,2024-02-18T09:08:00+00:00,2024-02-01,free,EU,direct
acct_002392,2024-07-09T13:29:00+00:00,2024-07-01,free,EU,direct
acct_002393,2024-01-03T13:23:00+00:00,2024-01-01,free,NA,paid_search
acct_002394,2024-02-13T16:46:00+00:00,2024-02-01,free,NA,partner
acct_002395,2024-05-14T14:01:00+00:00,2024-05-01,free,EU,partner
acct_002396,2024-02-14T09:50:00+00:00,2024-02-01,free,EU,partner
acct_002397,2024-05-20T16:34:00+00:00,2024-05-01,free,EU,organic
acct_002398,2024-06-19T15:13:00+00:00,2024-06-01,free,LATAM,partner
acct_002399,2024-03-09T16:42:00+00:00,2024-03-01,free,NA,direct
acct_002400,2024-03-22T12:17:00+00:00,2024-03-01,free,NA,direct
acct_002401,2024-04-01T20:26:00+00:00,2024-04-01,free,EU,partner
acct_002402,2024-05-15T17:50:00+00:00,2024-05-01,free,APAC,organic
acct_002403,2024-04-08T08:45:00+00:00,2024-04-01,free,APAC,paid_search
acct_002404,2024-02-20T12:46:00+00:00,2024-02-01,free,LATAM,direct
acct_002405,2024-06-18T14:30:00+00:00,2024-06-01,free,NA,partner
acct_002406,2024-06-11T13:52:00+00:00,2024-06-01,free,LATAM,paid_search
acct_002407,2024-08-24T15:13:00+00:00,2024-08-01,free,EU,direct
acct_002408,2024-05-13T08:42:00+00:00,2024-05-01,free,NA,direct
acct_002409,2024-09-12T09:13:00+00:00,2024-09-01,free,APAC,partner
acct_002410,2024-05-25T13:28:00+00:00,2024-05-01,free,LATAM,organic
acct_002411,2024-03-20T17:10:00+00:00,2024-03-01,free,APAC,direct
acct_002412,2024-07-25T08:48:00+00:00,2024-07-01,free,APAC,direct
acct_002413,2024-04-13T16:08:00+00:00,2024-04-01,free,LATAM,organic
acct_002414,2024-02-13T11:13:00+00:00,2024-02-01,free,NA,partner
acct_002415,2024-03-06T20:49:00+00:00,2024-03-01,free,LATAM,direct
acct_002416,2024-06-25T11:26:00+00:00,2024-06-01,free,APAC,partner
acct_002417,2024-06-21T09:42:00+00:00,2024-06-01,free,APAC,direct
acct_002418,2024-04-13T15:48:00+00:00,2024-04-01,free,LATAM,partner
acct_002419,2024-08-06T10:25:00+00:00,2024-08-01,free,APAC,organic
acct_002420,2024-09-11T20:29:00+00:00,2024-09-01,free,EU,organic
acct_002421,2024-07-19T18:26:00+00:00,2024-07-01,free,LATAM,direct
acct_002422,2024-04-21T08:39:00+00:00,2024-04-01,free,EU,paid_search
acct_002423,2024-09-03T17:36:00+00:00,2024-09-01,free,LATAM,organic
acct_002424,2024-06-20T11:10:00+00:00,2024-06-01,free,LATAM,organic
acct_002425,2024-06-01T19:38:00+00:00,2024-06-01,free,LATAM,paid_search
acct_002426,2024-03-15T13:46:00+00:00,2024-03-01,free,EU,paid_search
acct_002427,2024-08-23T11:20:00+00:00,2024-08-01,free,EU,partner
acct_002428,2024-02-01T11:36:00+00:00,2024-02-01,free,LATAM,direct
acct_002429,2024-04-22T17:28:00+00:00,2024-04-01,free,EU,paid_search
acct_002430,2024-08-17T18:07:00+00:00,2024-08-01,free,APAC,paid_search
acct_002431,2024-04-15T19:04:00+00:00,2024-04-01,free,NA,organic
acct_002432,2024-07-17T15:55:00+00:00,2024-07-01,free,LATAM,organic
acct_002433,2024-07-09T19:34:00+00:00,2024-07-01,free,NA,organic
acct_002434,2024-08-16T19:03:00+00:00,2024-08-01,free,APAC,direct
acct_002435,2024-01-12T14:45:00+00:00,2024-01-01,free,LATAM,direct
acct_002436,2024-02-04T10:54:00+00:00,2024-02-01,free,APAC,organic
acct_002437,2024-03-12T14:42:00+00:00,2024-03-01,free,APAC,paid_search
acct_002438,2024-04-16T11:16:00+00:00,2024-04-01,free,NA,partner
acct_002439,2024-02-15T19:31:00+00:00,2024-02-01,free,EU,partner
acct_002440,2024-06-10T19:28:00+00:00,2024-06-01,free,APAC,direct
acct_002441,2024-05-19T12:38:00+00:00,2024-05-01,free,NA,paid_search
acct_002442,2024-03-17T12:01:00+00:00,2024-03-01,free,EU,partner
acct_002443,2024-06-23T12:19:00+00:00,2024-06-01,free,EU,partner
acct_002444,2024-08-23T15:43:00+00:00,2024-08-01,free,APAC,paid_search
acct_002445,2024-03-05T17:18:00+00:00,2024-03-01,free,LATAM,partner
acct_002446,2024-04-01T11:37:00+00:00,2024-04-01,free,APAC,paid_search
acct_002447,2024-01-09T13:46:00+00:00,2024-01-01,free,LATAM,direct
acct_002448,2024-03-12T18:09:00+00:00,2024-03-01,free,APAC,partner
acct_002449,2024-07-16T18:10:00+00:00,2024-07-01,free,LATAM,paid_search
acct_002450,2024-08-13T08:42:00+00:00,2024-08-01,free,NA,partner
acct_002451,2024-04-10T11:14:00+00:00,2024-04-01,free,EU,partner
acct_002452,2024-02-21T11:22:00+00:00,2024-02-01,free,LATAM,direct
acct_002453,2024-01-24T20:50:00+00:00,2024-01-01,free,EU,paid_search
acct_002454,2024-06-22T08:25:00+00:00,2024-06-01,free,NA,partner
acct_002455,2024-09-03T12:35:00+00:00,2024-09-01,free,NA,organic
acct_002456,2024-08-19T16:15:00+00:00,2024-08-01,free,EU,partner
acct_002457,2024-03-23T18:54:00+00:00,2024-03-01,free,EU,paid_search
acct_002458,2024-08-06T08:38:00+00:00,2024-08-01,free,APAC,partner
acct_002459,2024-02-24T11:46:00+00:00,2024-02-01,free,NA,paid_search
acct_002460,2024-09-10T08:13:00+00:00,2024-09-01,free,EU,paid_search
acct_002461,2024-08-15T09:34:00+00:00,2024-08-01,free,NA,partner
acct_002462,2024-02-07T15:07:00+00:00,2024-02-01,free,LATAM,organic
acct_002463,2024-08-07T09:34:00+00:00,2024-08-01,free,EU,direct
acct_002464,2024-05-19T08:37:00+00:00,2024-05-01,free,LATAM,organic
acct_002465,2024-08-25T18:12:00+00:00,2024-08-01,free,LATAM,organic
acct_002466,2024-05-25T14:38:00+00:00,2024-05-01,free,APAC,direct
acct_002467,2024-03-11T16:30:00+00:00,2024-03-01,free,APAC,partner
acct_002468,2024-05-18T11:21:00+00:00,2024-05-01,free,APAC,partner
acct_002469,2024-08-04T20:11:00+00:00,2024-08-01,free,LATAM,organic
acct_002470,2024-06-17T15:31:00+00:00,2024-06-01,free,EU,paid_search
acct_002471,2024-02-25T14:43:00+00:00,2024-02-01,free,APAC,organic
acct_002472,2024-08-11T18:43:00+00:00,2024-08-01,free,EU,paid_search
acct_002473,2024-02-25T11:13:00+00:00,2024-02-01,free,APAC,partner
acct_002474,2024-06-25T16:30:00+00:00,2024-06-01,free,NA,partner
acct_002475,2024-04-19T18:09:00+00:00,2024-04-01,free,APAC,paid_search
acct_002476,2024-04-25T14:50:00+00:00,2024-04-01,free,EU,paid_search
acct_002477,2024-03-11T16:30:00+00:00,2024-03-01,free,LATAM,partner
acct_002478,2024-04-09T15:59:00+00:00,2024-04-01,free,APAC,partner
acct_002479,2024-03-10T13:46:00+00:00,2024-03-01,free,APAC,partner
acct_002480,2024-08-10T14:36:00+00:00,2024-08-01,free,LATAM,direct
acct_002481,2024-01-25T14:03:00+00:00,2024-01-01,free,LATAM,partner
acct_002482,2024-03-15T20:17:00+00:00,2024-03-01,free,NA,paid_search
acct_002483,2024-04-22T19:16:00+00:00,2024-04-01,free,APAC,partner
acct_002484,2024-01-11T14:50:00+00:00,2024-01-01,free,LATAM,partner
acct_002485,2024-09-18T19:12:00+00:00,2024-09-01,free,EU,direct
acct_002486,2024-05-04T09:15:00+00:00,2024-05-01,free,EU,partner
acct_002487,2024-08-24T17:30:00+00:00,2024-08-01,free,NA,direct
acct_002488,2024-08-08T12:38:00+00:00,2024-08-01,free,LATAM,organic
acct_002489,2024-02-02T18:21:00+00:00,2024-02-01,free,APAC,partner
acct_002490,2024-08-10T09:30:00+00:00,2024-08-01,free,EU,organic
acct_002491,2024-06-25T19:26:00+00:00,2024-06-01,free,EU,paid_search
acct_002492,2024-05-19T11:35:00+00:00,2024-05-01,free,NA,direct
acct_002493,2024-04-11T17:34:00+00:00,2024-04-01,free,APAC,partner
acct_002494,2024-01-05T20:49:00+00:00,2024-01-01,free,NA,partner
acct_002495,2024-06-25T15:47:00+00:00,2024-06-01,free,EU,paid_search
acct_002496,2024-06-15T11:29:00+00:00,2024-06-01,free,APAC,partner
acct_002497,2024-04-22T19:16:00+00:00,2024-04-01,free,APAC,organic
acct_002498,2024-03-04T18:26:00+00:00,2024-03-01,free,LATAM,direct
acct_002499,2024-08-02T16:03:00+00:00,2024-08-01,free,APAC,organic
acct_002500,2024-07-02T16:55:00+00:00,2024-07-01,free,APAC,direct
